<?xml version="1.0" encoding="utf-8"?>
<CatapultTargetIndex Count="50">
    <IndexEntry>
        <Entries>
            <IndexEntry Term=".adf">
                <Entries />
                <Links>
                    <IndexLink Title="File types" Link="/Content/File_types/File_types.htm#kanchor19" UsedConditions="" LocalConditions="" />
                </Links>
                <SeeAlsoLinks />
                <IndexControlLinks />
                <SortAsLinks />
            </IndexEntry>
            <IndexEntry Term=".aif">
                <Entries />
                <Links>
                    <IndexLink Title="File types" Link="/Content/File_types/File_types.htm#kanchor17" UsedConditions="" LocalConditions="" />
                </Links>
                <SeeAlsoLinks />
                <IndexControlLinks />
                <SortAsLinks />
            </IndexEntry>
            <IndexEntry Term=".pad">
                <Entries />
                <Links>
                    <IndexLink Title="File types" Link="/Content/File_types/File_types.htm#kanchor18" UsedConditions="" LocalConditions="" />
                </Links>
                <SeeAlsoLinks />
                <IndexControlLinks />
                <SortAsLinks />
            </IndexEntry>
            <IndexEntry Term=".rdf">
                <Entries />
                <Links>
                    <IndexLink Title="File types" Link="/Content/File_types/File_types.htm#kanchor20" UsedConditions="" LocalConditions="" />
                </Links>
                <SeeAlsoLinks />
                <IndexControlLinks />
                <SortAsLinks />
            </IndexEntry>
            <IndexEntry Term="Boolean">
                <Entries />
                <Links>
                    <IndexLink Title="Data Types" Link="/Content/Getting_Started/Data_Types.htm#kanchor13" UsedConditions="" LocalConditions="" />
                    <IndexLink Title="Data Types" Link="/Content/Data_Types/Data_Types.htm#kanchor37" UsedConditions="" LocalConditions="" />
                </Links>
                <SeeAlsoLinks />
                <IndexControlLinks />
                <SortAsLinks />
            </IndexEntry>
            <IndexEntry Term="Boolean operator">
                <Entries />
                <Links>
                    <IndexLink Title="Using Help" Link="/Content/Getting_Started/Using_Help.htm#kanchor2" UsedConditions="" LocalConditions="" />
                    <IndexLink Title="Boolean operators" Link="/Content/Help/Boolean_operators.htm#kanchor41" UsedConditions="" LocalConditions="" />
                    <IndexLink Title="Using Help" Link="/Content/Help/Using_Help.htm#kanchor42" UsedConditions="" LocalConditions="" />
                </Links>
                <SeeAlsoLinks />
                <IndexControlLinks />
                <SortAsLinks />
            </IndexEntry>
            <IndexEntry Term="Byte">
                <Entries />
                <Links>
                    <IndexLink Title="Data Types" Link="/Content/Getting_Started/Data_Types.htm#kanchor12" UsedConditions="" LocalConditions="" />
                    <IndexLink Title="Data Types" Link="/Content/Data_Types/Data_Types.htm#kanchor36" UsedConditions="" LocalConditions="" />
                </Links>
                <SeeAlsoLinks />
                <IndexControlLinks />
                <SortAsLinks />
            </IndexEntry>
            <IndexEntry Term="Char">
                <Entries />
                <Links>
                    <IndexLink Title="Data Types" Link="/Content/Getting_Started/Data_Types.htm#kanchor8" UsedConditions="" LocalConditions="" />
                    <IndexLink Title="Data Types" Link="/Content/Data_Types/Data_Types.htm#kanchor32" UsedConditions="" LocalConditions="" />
                </Links>
                <SeeAlsoLinks />
                <IndexControlLinks />
                <SortAsLinks />
            </IndexEntry>
            <IndexEntry Term="Data types">
                <Entries>
                    <IndexEntry Term="Act!">
                        <Entries />
                        <Links>
                            <IndexLink Title="Act! data types" Link="/Content/Data_Types/Act!_data_types.htm#kanchor30" UsedConditions="" LocalConditions="" />
                        </Links>
                        <SeeAlsoLinks />
                        <IndexControlLinks />
                        <SortAsLinks />
                    </IndexEntry>
                    <IndexEntry Term="SQL">
                        <Entries />
                        <Links>
                            <IndexLink Title="SQL data types" Link="/Content/Data_Types/SQL_data_types.htm#kanchor38" UsedConditions="" LocalConditions="" />
                        </Links>
                        <SeeAlsoLinks />
                        <IndexControlLinks />
                        <SortAsLinks />
                    </IndexEntry>
                </Entries>
                <Links>
                    <IndexLink Title="Data Types" Link="/Content/Getting_Started/Data_Types.htm#kanchor7" UsedConditions="" LocalConditions="" />
                    <IndexLink Title="Data Types" Link="/Content/Data_Types/Data_Types.htm#kanchor31" UsedConditions="" LocalConditions="" />
                </Links>
                <SeeAlsoLinks />
                <IndexControlLinks />
                <SortAsLinks />
            </IndexEntry>
            <IndexEntry Term="Database files">
                <Entries />
                <Links>
                    <IndexLink Title="File types" Link="/Content/File_types/File_types.htm#kanchor17" UsedConditions="" LocalConditions="" />
                </Links>
                <SeeAlsoLinks />
                <IndexControlLinks />
                <SortAsLinks />
            </IndexEntry>
            <IndexEntry Term="Decimal">
                <Entries />
                <Links>
                    <IndexLink Title="Data Types" Link="/Content/Getting_Started/Data_Types.htm#kanchor10" UsedConditions="" LocalConditions="" />
                    <IndexLink Title="Data Types" Link="/Content/Data_Types/Data_Types.htm#kanchor34" UsedConditions="" LocalConditions="" />
                </Links>
                <SeeAlsoLinks />
                <IndexControlLinks />
                <SortAsLinks />
            </IndexEntry>
            <IndexEntry Term="Document conventions">
                <Entries />
                <Links>
                    <IndexLink Title="Document conventions" Link="/Content/Getting_Started/Document_conventions.htm#kanchor6" UsedConditions="" LocalConditions="" />
                </Links>
                <SeeAlsoLinks />
                <IndexControlLinks />
                <SortAsLinks />
            </IndexEntry>
            <IndexEntry Term="Double">
                <Entries />
                <Links>
                    <IndexLink Title="Data Types" Link="/Content/Getting_Started/Data_Types.htm#kanchor7" UsedConditions="" LocalConditions="" />
                    <IndexLink Title="Data Types" Link="/Content/Data_Types/Data_Types.htm#kanchor31" UsedConditions="" LocalConditions="" />
                </Links>
                <SeeAlsoLinks />
                <IndexControlLinks />
                <SortAsLinks />
            </IndexEntry>
            <IndexEntry Term="Extensibility model">
                <Entries>
                    <IndexEntry Term="application extensibility model">
                        <Entries />
                        <Links>
                            <IndexLink Title="Application extensibility model" Link="/Content/Extensibility_Model_files/Application_extensibility_model.htm#kanchor23" UsedConditions="" LocalConditions="" />
                        </Links>
                        <SeeAlsoLinks />
                        <IndexControlLinks />
                        <SortAsLinks />
                    </IndexEntry>
                    <IndexEntry Term="database extensibility model">
                        <Entries />
                        <Links>
                            <IndexLink Title="Database extensibility model" Link="/Content/Extensibility_Model_files/Database_extensibility_model.htm#kanchor21" UsedConditions="" LocalConditions="" />
                        </Links>
                        <SeeAlsoLinks />
                        <IndexControlLinks />
                        <SortAsLinks />
                    </IndexEntry>
                    <IndexEntry Term="framework extensibility model">
                        <Entries />
                        <Links>
                            <IndexLink Title="Framework extensibility model" Link="/Content/Extensibility_Model_files/Framework_extensibility_model.htm#kanchor22" UsedConditions="" LocalConditions="" />
                        </Links>
                        <SeeAlsoLinks />
                        <IndexControlLinks />
                        <SortAsLinks />
                    </IndexEntry>
                </Entries>
                <Links>
                    <IndexLink Title="Act! extensibility model" Link="/Content/Extensibility_Model_files/Extensibility_model.htm#kanchor16" UsedConditions="" LocalConditions="" />
                </Links>
                <SeeAlsoLinks />
                <IndexControlLinks />
                <SortAsLinks />
            </IndexEntry>
            <IndexEntry Term="Files">
                <Entries>
                    <IndexEntry Term="folder structures">
                        <Entries />
                        <Links>
                            <IndexLink Title="Folder structures" Link="/Content/Folder_Structures/Folder_structures.htm#kanchor26" UsedConditions="" LocalConditions="" />
                        </Links>
                        <SeeAlsoLinks />
                        <IndexControlLinks />
                        <SortAsLinks />
                    </IndexEntry>
                    <IndexEntry Term="types of">
                        <Entries />
                        <Links>
                            <IndexLink Title="File types" Link="/Content/File_types/File_types.htm#kanchor17" UsedConditions="" LocalConditions="" />
                            <IndexLink Title="Supplemental files" Link="/Content/Folder_Structures/Supplemental_files.htm#kanchor28" UsedConditions="" LocalConditions="" />
                        </Links>
                        <SeeAlsoLinks />
                        <IndexControlLinks />
                        <SortAsLinks />
                    </IndexEntry>
                </Entries>
                <Links />
                <SeeAlsoLinks />
                <IndexControlLinks />
                <SortAsLinks />
            </IndexEntry>
            <IndexEntry Term="Folder structures">
                <Entries />
                <Links>
                    <IndexLink Title="Folder structures" Link="/Content/Folder_Structures/Folder_structures.htm#kanchor26" UsedConditions="" LocalConditions="" />
                </Links>
                <SeeAlsoLinks />
                <IndexControlLinks />
                <SortAsLinks />
            </IndexEntry>
            <IndexEntry Term="Help">
                <Entries>
                    <IndexEntry Term="advanced full text search">
                        <Entries />
                        <Links>
                            <IndexLink Title="Boolean operators" Link="/Content/Help/Boolean_operators.htm#kanchor41" UsedConditions="" LocalConditions="" />
                            <IndexLink Title="Wildcard expressions" Link="/Content/Help/Wildcard_expressions.htm#kanchor43" UsedConditions="" LocalConditions="" />
                        </Links>
                        <SeeAlsoLinks />
                        <IndexControlLinks />
                        <SortAsLinks />
                    </IndexEntry>
                    <IndexEntry Term="boolean operator">
                        <Entries />
                        <Links>
                            <IndexLink Title="Boolean operators" Link="/Content/Help/Boolean_operators.htm#kanchor41" UsedConditions="" LocalConditions="" />
                        </Links>
                        <SeeAlsoLinks />
                        <IndexControlLinks />
                        <SortAsLinks />
                    </IndexEntry>
                    <IndexEntry Term="Favorites tab">
                        <Entries />
                        <Links>
                            <IndexLink Title="Using Help" Link="/Content/Getting_Started/Using_Help.htm#kanchor3" UsedConditions="" LocalConditions="" />
                        </Links>
                        <SeeAlsoLinks />
                        <IndexControlLinks />
                        <SortAsLinks />
                    </IndexEntry>
                    <IndexEntry Term="full text search">
                        <Entries />
                        <Links>
                            <IndexLink Title="Using Help" Link="/Content/Getting_Started/Using_Help.htm#kanchor2" UsedConditions="" LocalConditions="" />
                            <IndexLink Title="Using Help" Link="/Content/Help/Using_Help.htm#kanchor42" UsedConditions="" LocalConditions="" />
                        </Links>
                        <SeeAlsoLinks />
                        <IndexControlLinks />
                        <SortAsLinks />
                    </IndexEntry>
                    <IndexEntry Term="printing topics">
                        <Entries />
                        <Links>
                            <IndexLink Title="Using Help" Link="/Content/Getting_Started/Using_Help.htm#kanchor2" UsedConditions="" LocalConditions="" />
                            <IndexLink Title="Using Help" Link="/Content/Help/Using_Help.htm#kanchor42" UsedConditions="" LocalConditions="" />
                        </Links>
                        <SeeAlsoLinks />
                        <IndexControlLinks />
                        <SortAsLinks />
                    </IndexEntry>
                    <IndexEntry Term="support">
                        <Entries />
                        <Links>
                            <IndexLink Title="support" Link="/Content/Getting_Started/support.htm#kanchor5" UsedConditions="" LocalConditions="" />
                        </Links>
                        <SeeAlsoLinks />
                        <IndexControlLinks />
                        <SortAsLinks />
                    </IndexEntry>
                    <IndexEntry Term="using online Help">
                        <Entries />
                        <Links>
                            <IndexLink Title="Using Help" Link="/Content/Getting_Started/Using_Help.htm#kanchor2" UsedConditions="" LocalConditions="" />
                            <IndexLink Title="Using Help" Link="/Content/Help/Using_Help.htm#kanchor42" UsedConditions="" LocalConditions="" />
                        </Links>
                        <SeeAlsoLinks />
                        <IndexControlLinks />
                        <SortAsLinks />
                    </IndexEntry>
                    <IndexEntry Term="wildcard expression">
                        <Entries />
                        <Links>
                            <IndexLink Title="Wildcard expressions" Link="/Content/Help/Wildcard_expressions.htm#kanchor43" UsedConditions="" LocalConditions="" />
                        </Links>
                        <SeeAlsoLinks />
                        <IndexControlLinks />
                        <SortAsLinks />
                    </IndexEntry>
                </Entries>
                <Links>
                    <IndexLink Title="Using Help" Link="/Content/Getting_Started/Using_Help.htm#kanchor2" UsedConditions="" LocalConditions="" />
                    <IndexLink Title="Using Help" Link="/Content/Help/Using_Help.htm#kanchor42" UsedConditions="" LocalConditions="" />
                </Links>
                <SeeAlsoLinks />
                <IndexControlLinks />
                <SortAsLinks />
            </IndexEntry>
            <IndexEntry Term="HHActiveX.dll">
                <Entries />
                <Links>
                    <IndexLink Title="Using Help" Link="/Content/Getting_Started/Using_Help.htm#kanchor4" UsedConditions="" LocalConditions="" />
                </Links>
                <SeeAlsoLinks />
                <IndexControlLinks />
                <SortAsLinks />
            </IndexEntry>
            <IndexEntry Term="Int">
                <Entries />
                <Links>
                    <IndexLink Title="Data Types" Link="/Content/Getting_Started/Data_Types.htm#kanchor11" UsedConditions="" LocalConditions="" />
                    <IndexLink Title="Data Types" Link="/Content/Data_Types/Data_Types.htm#kanchor35" UsedConditions="" LocalConditions="" />
                </Links>
                <SeeAlsoLinks />
                <IndexControlLinks />
                <SortAsLinks />
            </IndexEntry>
            <IndexEntry Term="Lexicon">
                <Entries />
                <Links>
                    <IndexLink Title="Act! lexicon" Link="/Content/Getting_Started/Act!_lexicon.htm#kanchor14" UsedConditions="" LocalConditions="" />
                </Links>
                <SeeAlsoLinks />
                <IndexControlLinks />
                <SortAsLinks />
            </IndexEntry>
            <IndexEntry Term="Reference section">
                <Entries />
                <Links>
                    <IndexLink Title="Reference section" Link="/Content/Reference/Reference_section.htm#kanchor44" UsedConditions="" LocalConditions="" />
                </Links>
                <SeeAlsoLinks />
                <IndexControlLinks />
                <SortAsLinks />
            </IndexEntry>
            <IndexEntry Term="SByte">
                <Entries />
                <Links>
                    <IndexLink Title="Data Types" Link="/Content/Getting_Started/Data_Types.htm#kanchor7" UsedConditions="" LocalConditions="" />
                    <IndexLink Title="Data Types" Link="/Content/Data_Types/Data_Types.htm#kanchor31" UsedConditions="" LocalConditions="" />
                </Links>
                <SeeAlsoLinks />
                <IndexControlLinks />
                <SortAsLinks />
            </IndexEntry>
            <IndexEntry Term="SDK">
                <Entries>
                    <IndexEntry Term="overview">
                        <Entries />
                        <Links>
                            <IndexLink Title="Introduction" Link="/Content/Introduction/Introduction.htm#kanchor1" UsedConditions="" LocalConditions="" />
                        </Links>
                        <SeeAlsoLinks />
                        <IndexControlLinks />
                        <SortAsLinks />
                    </IndexEntry>
                </Entries>
                <Links>
                    <IndexLink Title="Introduction" Link="/Content/Introduction/Introduction.htm#kanchor1" UsedConditions="" LocalConditions="" />
                </Links>
                <SeeAlsoLinks />
                <IndexControlLinks />
                <SortAsLinks />
            </IndexEntry>
            <IndexEntry Term="Security model">
                <Entries />
                <Links>
                    <IndexLink Title="Security model" Link="/Content/Security/Security_model.htm#kanchor24" UsedConditions="" LocalConditions="" />
                </Links>
                <SeeAlsoLinks />
                <IndexControlLinks />
                <SortAsLinks />
            </IndexEntry>
            <IndexEntry Term="Security roles">
                <Entries />
                <Links>
                    <IndexLink Title="User roles" Link="/Content/Security/User_roles.htm#kanchor25" UsedConditions="" LocalConditions="" />
                </Links>
                <SeeAlsoLinks />
                <IndexControlLinks />
                <SortAsLinks />
            </IndexEntry>
            <IndexEntry Term="String">
                <Entries />
                <Links>
                    <IndexLink Title="Data Types" Link="/Content/Getting_Started/Data_Types.htm#kanchor9" UsedConditions="" LocalConditions="" />
                    <IndexLink Title="Data Types" Link="/Content/Data_Types/Data_Types.htm#kanchor33" UsedConditions="" LocalConditions="" />
                </Links>
                <SeeAlsoLinks />
                <IndexControlLinks />
                <SortAsLinks />
            </IndexEntry>
            <IndexEntry Term="Supplemental files">
                <Entries>
                    <IndexEntry Term="database">
                        <Entries />
                        <Links>
                            <IndexLink Title="Database supplemental files" Link="/Content/Folder_Structures/Database_supplemental_files.htm#kanchor39" UsedConditions="" LocalConditions="" />
                        </Links>
                        <SeeAlsoLinks />
                        <IndexControlLinks />
                        <SortAsLinks />
                    </IndexEntry>
                    <IndexEntry Term="personal">
                        <Entries />
                        <Links>
                            <IndexLink Title="Personal supplemental files" Link="/Content/Folder_Structures/Personal_supplemental_files.htm#kanchor40" UsedConditions="" LocalConditions="" />
                        </Links>
                        <SeeAlsoLinks />
                        <IndexControlLinks />
                        <SortAsLinks />
                    </IndexEntry>
                </Entries>
                <Links>
                    <IndexLink Title="Supplemental files" Link="/Content/Folder_Structures/Supplemental_files.htm#kanchor27" UsedConditions="" LocalConditions="" />
                </Links>
                <SeeAlsoLinks />
                <IndexControlLinks />
                <SortAsLinks />
            </IndexEntry>
            <IndexEntry Term="Support">
                <Entries />
                <Links>
                    <IndexLink Title="support" Link="/Content/Getting_Started/support.htm#kanchor5" UsedConditions="" LocalConditions="" />
                </Links>
                <SeeAlsoLinks />
                <IndexControlLinks />
                <SortAsLinks />
            </IndexEntry>
            <IndexEntry Term="Terminology">
                <Entries />
                <Links>
                    <IndexLink Title="Act! lexicon" Link="/Content/Getting_Started/Act!_lexicon.htm#kanchor15" UsedConditions="" LocalConditions="" />
                </Links>
                <SeeAlsoLinks />
                <IndexControlLinks />
                <SortAsLinks />
            </IndexEntry>
            <IndexEntry Term="UInt">
                <Entries />
                <Links>
                    <IndexLink Title="Data Types" Link="/Content/Getting_Started/Data_Types.htm#kanchor7" UsedConditions="" LocalConditions="" />
                    <IndexLink Title="Data Types" Link="/Content/Data_Types/Data_Types.htm#kanchor31" UsedConditions="" LocalConditions="" />
                </Links>
                <SeeAlsoLinks />
                <IndexControlLinks />
                <SortAsLinks />
            </IndexEntry>
            <IndexEntry Term="Uniform Resource Names">
                <Entries />
                <Links>
                    <IndexLink Title="Act! Uniform Resource Names " Link="/Content/Command_IDs/Uniform_Resource_Names.htm#kanchor29" UsedConditions="" LocalConditions="" />
                </Links>
                <SeeAlsoLinks />
                <IndexControlLinks />
                <SortAsLinks />
            </IndexEntry>
            <IndexEntry Term="Wildcard expression">
                <Entries />
                <Links>
                    <IndexLink Title="Using Help" Link="/Content/Getting_Started/Using_Help.htm#kanchor2" UsedConditions="" LocalConditions="" />
                    <IndexLink Title="Using Help" Link="/Content/Help/Using_Help.htm#kanchor42" UsedConditions="" LocalConditions="" />
                    <IndexLink Title="Wildcard expressions" Link="/Content/Help/Wildcard_expressions.htm#kanchor43" UsedConditions="" LocalConditions="" />
                </Links>
                <SeeAlsoLinks />
                <IndexControlLinks />
                <SortAsLinks />
            </IndexEntry>
        </Entries>
        <Links />
        <SeeAlsoLinks />
        <IndexControlLinks />
        <SortAsLinks />
    </IndexEntry>
</CatapultTargetIndex>