<?xml version="1.0" encoding="utf-8"?><index><stem n="requir"><phr n="Requirements"><ent r="92" t="0" w="130" /><ent r="92" t="0" w="130" /></phr><phr n="required"><ent r="6" t="5" w="122" /><ent r="6" t="5" w="122" /><ent r="3" t="28" w="310" /><ent r="3" t="28" w="310" /><ent r="3" t="31" w="539" /><ent r="3" t="31" w="539" /><ent r="3" t="37" w="57" /><ent r="3" t="37" w="57" /><ent r="3" t="49" w="221" /><ent r="3" t="49" w="221" /></phr><phr n="require"><ent r="5" t="14" w="96" /><ent r="5" t="14" w="96" /><ent r="5" t="14" w="124" /><ent r="5" t="14" w="124" /></phr><phr n="requires"><ent r="3" t="25" w="261" /><ent r="3" t="25" w="261" /><ent r="3" t="50" w="142" /><ent r="3" t="50" w="142" /></phr><phr n="requirement"><ent r="3" t="28" w="314" /><ent r="3" t="28" w="314" /><ent r="3" t="39" w="70" /><ent r="3" t="39" w="566" /><ent r="3" t="39" w="566" /><ent r="3" t="48" w="109" /></phr><phr n="requirements"><ent r="3" t="39" w="29" /><ent r="3" t="39" w="29" /><ent r="3" t="48" w="31" /><ent r="3" t="48" w="31" /></phr><phr n="Requires"><ent r="3" t="48" w="166" /><ent r="3" t="48" w="166" /></phr></stem><stem n="interfac"><phr n="interfaces"><ent r="3" t="0" w="136" /><ent r="3" t="0" w="136" /><ent r="6" t="5" w="75" /><ent r="3" t="33" w="62" /><ent r="3" t="34" w="444" /><ent r="3" t="34" w="444" /><ent r="4" t="46" w="69" /><ent r="4" t="46" w="69" /><ent r="3" t="64" w="45" /><ent r="3" t="64" w="45" /><ent r="3" t="65" w="54" /><ent r="3" t="65" w="54" /><ent r="4" t="82" w="139" /><ent r="4" t="82" w="139" /></phr><phr n="interface"><ent r="3" t="1" w="82" /><ent r="3" t="1" w="82" /><ent r="3" t="2" w="367" /><ent r="3" t="2" w="367" /><ent r="3" t="11" w="41" /><ent r="3" t="12" w="23" /><ent r="3" t="12" w="23" /><ent r="3" t="24" w="141" /><ent r="3" t="24" w="141" /><ent r="3" t="34" w="335" /><ent r="3" t="37" w="58" /><ent r="3" t="37" w="65" /><ent r="3" t="37" w="65" /><ent r="3" t="37" w="150" /><ent r="4" t="41" w="75" /><ent r="4" t="41" w="75" /><ent r="4" t="54" w="54" /><ent r="4" t="54" w="54" /><ent r="4" t="55" w="98" /><ent r="3" t="61" w="47" /><ent r="3" t="61" w="47" /><ent r="3" t="62" w="39" /><ent r="4" t="62" w="78" /><ent r="3" t="64" w="24" /><ent r="3" t="64" w="24" /><ent r="3" t="65" w="17" /><ent r="3" t="65" w="17" /><ent r="3" t="76" w="60" /></phr><phr n="Interface"><ent r="3" t="12" w="34" /><ent r="3" t="12" w="34" /><ent r="3" t="37" w="9" /><ent r="3" t="37" w="9" /><ent r="92" t="37" w="30" /><ent r="92" t="37" w="30" /><ent r="3" t="39" w="230" /><ent r="3" t="39" w="230" /><ent r="3" t="41" w="13" /><ent r="3" t="41" w="13" /><ent r="92" t="41" w="35" /><ent r="92" t="41" w="35" /></phr></stem><stem n="must"><phr n="must"><ent r="3" t="0" w="144" /><ent r="3" t="0" w="144" /><ent r="3" t="2" w="252" /><ent r="3" t="2" w="252" /><ent r="3" t="3" w="972" /><ent r="3" t="3" w="972" /><ent r="6" t="5" w="130" /><ent r="6" t="5" w="130" /><ent r="6" t="5" w="163" /><ent r="6" t="5" w="163" /><ent r="3" t="9" w="67" /><ent r="3" t="9" w="67" /><ent r="3" t="9" w="71" /><ent r="3" t="9" w="71" /><ent r="3" t="9" w="142" /><ent r="3" t="9" w="142" /><ent r="4" t="15" w="424" /><ent r="4" t="15" w="424" /><ent r="4" t="15" w="428" /><ent r="4" t="15" w="428" /><ent r="4" t="15" w="497" /><ent r="4" t="15" w="497" /><ent r="3" t="25" w="271" /><ent r="3" t="25" w="271" /><ent r="3" t="39" w="130" /><ent r="3" t="39" w="130" /><ent r="4" t="61" w="166" /><ent r="4" t="61" w="166" /><ent r="4" t="61" w="332" /><ent r="4" t="61" w="332" /><ent r="4" t="61" w="362" /><ent r="4" t="61" w="362" /><ent r="3" t="63" w="40" /><ent r="3" t="63" w="40" /><ent r="4" t="63" w="125" /><ent r="4" t="63" w="125" /><ent r="4" t="63" w="226" /><ent r="4" t="63" w="226" /><ent r="4" t="63" w="241" /><ent r="4" t="63" w="241" /><ent r="3" t="64" w="191" /><ent r="3" t="64" w="191" /><ent r="4" t="65" w="553" /><ent r="4" t="65" w="553" /><ent r="4" t="69" w="365" /><ent r="4" t="69" w="365" /><ent r="4" t="69" w="394" /><ent r="4" t="69" w="394" /><ent r="3" t="79" w="191" /><ent r="3" t="79" w="191" /></phr></stem><stem n="instal"><phr n="installation"><ent r="4" t="0" w="151" /><ent r="3" t="15" w="30" /><ent r="3" t="15" w="30" /><ent r="3" t="15" w="38" /><ent r="92" t="15" w="240" /><ent r="92" t="15" w="240" /><ent r="3" t="67" w="55" /><ent r="4" t="67" w="201" /><ent r="3" t="68" w="64" /><ent r="4" t="68" w="205" /><ent r="3" t="69" w="167" /></phr><phr n="installs"><ent r="3" t="2" w="162" /><ent r="3" t="2" w="162" /></phr><phr n="install"><ent r="3" t="2" w="253" /><ent r="3" t="2" w="253" /><ent r="3" t="2" w="261" /><ent r="3" t="2" w="297" /><ent r="3" t="2" w="297" /><ent r="3" t="16" w="79" /><ent r="3" t="16" w="79" /></phr><phr n="installed"><ent r="3" t="3" w="974" /><ent r="3" t="3" w="974" /><ent r="4" t="78" w="68" /><ent r="4" t="78" w="68" /></phr></stem><stem n="microsoft"><phr n="Microsoft"><ent r="4" t="0" w="153" /><ent r="4" t="0" w="153" /><ent r="4" t="0" w="166" /><ent r="4" t="0" w="166" /><ent r="92" t="4" w="270" /><ent r="92" t="4" w="270" /><ent r="3" t="4" w="273" /><ent r="3" t="4" w="273" /><ent r="4" t="15" w="637" /><ent r="4" t="15" w="637" /><ent r="6" t="16" w="172" /><ent r="6" t="16" w="172" /><ent r="3" t="45" w="216" /><ent r="3" t="47" w="27" /><ent r="3" t="47" w="27" /><ent r="4" t="62" w="52" /><ent r="4" t="62" w="52" /><ent r="4" t="67" w="96" /><ent r="4" t="67" w="96" /><ent r="4" t="68" w="135" /><ent r="4" t="68" w="135" /><ent r="4" t="69" w="110" /><ent r="4" t="69" w="110" /><ent r="3" t="72" w="104" /><ent r="3" t="72" w="104" /></phr><phr n="microsoft"><ent r="64" t="4" w="286" /></phr></stem><stem n="framework"><phr n="Framework"><ent r="4" t="0" w="154" /><ent r="4" t="0" w="154" /><ent r="4" t="0" w="162" /><ent r="4" t="0" w="162" /><ent r="3" t="1" w="44" /><ent r="3" t="1" w="44" /><ent r="3" t="2" w="53" /><ent r="3" t="2" w="53" /><ent r="4" t="2" w="65" /><ent r="4" t="2" w="65" /><ent r="4" t="2" w="68" /><ent r="4" t="2" w="73" /><ent r="4" t="2" w="77" /><ent r="4" t="2" w="82" /><ent r="4" t="2" w="87" /><ent r="4" t="2" w="91" /><ent r="4" t="2" w="121" /><ent r="4" t="2" w="121" /><ent r="3" t="2" w="378" /><ent r="3" t="2" w="378" /><ent r="6" t="7" w="157" /><ent r="6" t="7" w="165" /><ent r="6" t="7" w="173" /><ent r="6" t="7" w="181" /><ent r="6" t="7" w="190" /><ent r="6" t="7" w="198" /><ent r="6" t="7" w="210" /><ent r="6" t="7" w="219" /><ent r="6" t="7" w="228" /><ent r="6" t="7" w="240" /><ent r="6" t="7" w="248" /><ent r="6" t="7" w="255" /><ent r="6" t="7" w="262" /><ent r="6" t="7" w="270" /><ent r="6" t="7" w="279" /><ent r="6" t="7" w="288" /><ent r="6" t="7" w="297" /><ent r="6" t="7" w="307" /><ent r="6" t="7" w="317" /><ent r="6" t="7" w="329" /><ent r="6" t="7" w="337" /><ent r="6" t="7" w="345" /><ent r="6" t="7" w="353" /><ent r="6" t="7" w="361" /><ent r="6" t="7" w="414" /><ent r="6" t="7" w="422" /><ent r="6" t="7" w="430" /><ent r="6" t="7" w="438" /><ent r="6" t="7" w="448" /><ent r="6" t="7" w="458" /><ent r="6" t="7" w="466" /><ent r="6" t="7" w="475" /><ent r="6" t="7" w="485" /><ent r="6" t="7" w="495" /><ent r="6" t="7" w="509" /><ent r="6" t="7" w="520" /><ent r="6" t="7" w="528" /><ent r="6" t="7" w="536" /><ent r="6" t="7" w="548" /><ent r="6" t="7" w="557" /><ent r="6" t="7" w="566" /><ent r="6" t="7" w="576" /><ent r="6" t="7" w="585" /><ent r="6" t="7" w="599" /><ent r="6" t="7" w="609" /><ent r="6" t="7" w="617" /><ent r="6" t="7" w="627" /><ent r="6" t="7" w="634" /><ent r="6" t="7" w="641" /><ent r="6" t="7" w="648" /><ent r="6" t="7" w="655" /><ent r="6" t="7" w="663" /><ent r="6" t="7" w="672" /><ent r="6" t="7" w="681" /><ent r="6" t="7" w="690" /><ent r="6" t="7" w="698" /><ent r="6" t="7" w="705" /><ent r="6" t="7" w="715" /><ent r="6" t="7" w="728" /><ent r="6" t="7" w="738" /><ent r="6" t="7" w="748" /><ent r="6" t="7" w="758" /><ent r="6" t="7" w="784" /><ent r="6" t="7" w="792" /><ent r="6" t="7" w="800" /><ent r="6" t="7" w="810" /><ent r="6" t="7" w="821" /><ent r="6" t="7" w="830" /><ent r="6" t="7" w="838" /><ent r="6" t="7" w="846" /><ent r="6" t="7" w="856" /><ent r="6" t="7" w="867" /><ent r="6" t="7" w="875" /><ent r="6" t="7" w="883" /><ent r="6" t="7" w="891" /><ent r="6" t="7" w="901" /><ent r="6" t="7" w="911" /><ent r="6" t="7" w="921" /><ent r="6" t="7" w="931" /><ent r="6" t="7" w="941" /><ent r="6" t="7" w="952" /><ent r="6" t="7" w="964" /><ent r="6" t="7" w="1017" /><ent r="6" t="7" w="1025" /><ent r="6" t="7" w="1033" /><ent r="6" t="7" w="1041" /><ent r="6" t="7" w="1049" /><ent r="6" t="7" w="1066" /><ent r="6" t="7" w="1074" /><ent r="6" t="7" w="1082" /><ent r="6" t="7" w="1101" /><ent r="6" t="7" w="1112" /><ent r="6" t="7" w="1123" /><ent r="6" t="7" w="1132" /><ent r="6" t="7" w="1140" /><ent r="6" t="7" w="1149" /><ent r="6" t="7" w="1158" /><ent r="6" t="7" w="1168" /><ent r="6" t="7" w="1176" /><ent r="6" t="7" w="1184" /><ent r="6" t="7" w="1192" /><ent r="6" t="7" w="1201" /><ent r="6" t="7" w="1210" /><ent r="6" t="7" w="1219" /><ent r="6" t="7" w="1246" /><ent r="6" t="7" w="1254" /><ent r="6" t="7" w="1262" /><ent r="6" t="7" w="1271" /><ent r="6" t="7" w="1279" /><ent r="6" t="7" w="1288" /><ent r="6" t="7" w="1295" /><ent r="6" t="7" w="1303" /><ent r="6" t="7" w="1312" /><ent r="6" t="7" w="1321" /><ent r="6" t="7" w="1330" /><ent r="6" t="7" w="1349" /><ent r="6" t="7" w="1357" /><ent r="6" t="7" w="1365" /><ent r="6" t="7" w="1398" /><ent r="6" t="7" w="1411" /><ent r="6" t="7" w="1419" /><ent r="6" t="7" w="1427" /><ent r="6" t="7" w="1435" /><ent r="6" t="7" w="1445" /><ent r="1000" t="11" w="1" /><ent r="1000" t="11" w="1" /><ent r="102" t="11" w="11" /><ent r="102" t="11" w="11" /><ent r="4" t="24" w="45" /><ent r="4" t="24" w="45" /><ent r="3" t="31" w="489" /><ent r="3" t="37" w="12" /><ent r="3" t="37" w="12" /><ent r="92" t="37" w="210" /><ent r="92" t="37" w="210" /><ent r="3" t="37" w="220" /><ent r="3" t="37" w="220" /><ent r="3" t="37" w="237" /><ent r="4" t="37" w="344" /><ent r="4" t="37" w="344" /><ent r="3" t="37" w="439" /><ent r="3" t="37" w="439" /><ent r="5" t="37" w="443" /><ent r="5" t="37" w="480" /><ent r="4" t="38" w="26" /><ent r="4" t="38" w="26" /><ent r="4" t="38" w="77" /><ent r="4" t="38" w="77" /><ent r="4" t="38" w="88" /><ent r="4" t="38" w="88" /><ent r="4" t="38" w="127" /><ent r="4" t="38" w="127" /><ent r="4" t="38" w="146" /><ent r="4" t="38" w="146" /><ent r="4" t="38" w="167" /><ent r="4" t="38" w="167" /><ent r="3" t="38" w="209" /><ent r="3" t="38" w="209" /><ent r="3" t="38" w="228" /><ent r="3" t="38" w="230" /><ent r="3" t="38" w="230" /><ent r="3" t="38" w="237" /><ent r="3" t="38" w="237" /><ent r="3" t="38" w="249" /><ent r="3" t="38" w="249" /><ent r="3" t="38" w="259" /><ent r="3" t="38" w="259" /><ent r="3" t="38" w="280" /><ent r="3" t="38" w="280" /><ent r="3" t="38" w="341" /><ent r="3" t="38" w="341" /><ent r="3" t="38" w="349" /><ent r="3" t="38" w="349" /><ent r="3" t="38" w="362" /><ent r="3" t="38" w="362" /><ent r="3" t="38" w="392" /><ent r="3" t="38" w="392" /><ent r="3" t="38" w="438" /><ent r="3" t="38" w="438" /><ent r="3" t="38" w="498" /><ent r="3" t="38" w="498" /><ent r="3" t="39" w="155" /><ent r="3" t="41" w="16" /><ent r="3" t="41" w="16" /><ent r="92" t="41" w="132" /><ent r="92" t="41" w="132" /><ent r="3" t="41" w="140" /><ent r="3" t="41" w="140" /><ent r="3" t="42" w="53" /><ent r="3" t="42" w="53" /><ent r="3" t="46" w="15" /><ent r="3" t="46" w="15" /><ent r="3" t="46" w="30" /><ent r="3" t="46" w="45" /><ent r="3" t="46" w="45" /><ent r="5" t="46" w="49" /><ent r="5" t="46" w="84" /><ent r="4" t="46" w="117" /><ent r="5" t="46" w="124" /><ent r="4" t="46" w="159" /><ent r="3" t="48" w="137" /><ent r="3" t="48" w="191" /><ent r="3" t="48" w="280" /><ent r="3" t="48" w="350" /><ent r="4" t="53" w="182" /><ent r="5" t="59" w="131" /><ent r="5" t="59" w="163" /><ent r="3" t="60" w="38" /><ent r="3" t="60" w="38" /><ent r="3" t="61" w="53" /><ent r="3" t="61" w="53" /><ent r="3" t="61" w="126" /><ent r="3" t="61" w="212" /><ent r="3" t="61" w="388" /><ent r="3" t="61" w="393" /><ent r="3" t="62" w="37" /><ent r="4" t="62" w="65" /><ent r="4" t="62" w="76" /><ent r="3" t="63" w="179" /><ent r="3" t="63" w="263" /><ent r="3" t="64" w="30" /><ent r="3" t="64" w="30" /><ent r="3" t="65" w="23" /><ent r="3" t="65" w="23" /><ent r="5" t="67" w="162" /><ent r="5" t="68" w="155" /><ent r="5" t="68" w="159" /><ent r="4" t="69" w="399" /><ent r="4" t="69" w="399" /><ent r="4" t="69" w="403" /><ent r="5" t="82" w="29" /><ent r="5" t="82" w="29" /><ent r="5" t="82" w="80" /><ent r="4" t="82" w="198" /><ent r="4" t="82" w="198" /></phr><phr n="framework"><ent r="64" t="8" w="73" /><ent r="64" t="8" w="73" /><ent r="100" t="11" w="7" /><ent r="100" t="11" w="7" /><ent r="3" t="11" w="19" /><ent r="3" t="11" w="19" /><ent r="3" t="12" w="27" /><ent r="3" t="34" w="281" /><ent r="4" t="37" w="276" /><ent r="4" t="37" w="276" /><ent r="3" t="37" w="292" /><ent r="3" t="37" w="308" /><ent r="3" t="37" w="308" /><ent r="3" t="37" w="335" /><ent r="3" t="37" w="335" /><ent r="4" t="38" w="96" /><ent r="4" t="38" w="96" /><ent r="4" t="41" w="80" /><ent r="4" t="41" w="80" /><ent r="5" t="57" w="84" /><ent r="5" t="57" w="84" /><ent r="4" t="58" w="66" /><ent r="4" t="58" w="66" /><ent r="3" t="59" w="39" /><ent r="5" t="59" w="85" /><ent r="5" t="59" w="85" /><ent r="3" t="62" w="93" /><ent r="3" t="62" w="93" /><ent r="4" t="82" w="58" /><ent r="4" t="82" w="58" /><ent r="4" t="82" w="90" /><ent r="4" t="82" w="90" /><ent r="5" t="82" w="228" /><ent r="5" t="82" w="228" /></phr></stem><stem n="2"><phr n="2"><ent r="4" t="0" w="155" /><ent r="3" t="35" w="87" /><ent r="3" t="35" w="224" /><ent r="3" t="35" w="586" /><ent r="1000" t="43" w="3" /><ent r="102" t="43" w="8" /><ent r="3" t="43" w="13" /><ent r="3" t="43" w="70" /><ent r="6" t="75" w="78" /></phr></stem><stem n="0"><phr n="0"><ent r="4" t="0" w="156" /><ent r="4" t="0" w="156" /><ent r="4" t="0" w="164" /><ent r="5" t="3" w="1029" /><ent r="7" t="17" w="6147" /><ent r="7" t="17" w="6147" /><ent r="7" t="17" w="6149" /><ent r="7" t="17" w="6149" /><ent r="6" t="18" w="136" /><ent r="3" t="19" w="46" /><ent r="3" t="19" w="46" /><ent r="3" t="35" w="88" /><ent r="3" t="35" w="88" /><ent r="3" t="35" w="225" /><ent r="3" t="35" w="225" /><ent r="3" t="35" w="567" /><ent r="3" t="35" w="587" /><ent r="3" t="35" w="587" /><ent r="1000" t="43" w="4" /><ent r="1000" t="43" w="4" /><ent r="102" t="43" w="9" /><ent r="102" t="43" w="9" /><ent r="3" t="43" w="14" /><ent r="3" t="43" w="14" /><ent r="3" t="43" w="71" /><ent r="4" t="52" w="202" /><ent r="4" t="53" w="168" /><ent r="4" t="55" w="179" /><ent r="3" t="64" w="194" /><ent r="3" t="64" w="194" /><ent r="6" t="73" w="319" /><ent r="6" t="73" w="319" /><ent r="6" t="75" w="56" /><ent r="6" t="75" w="56" /><ent r="6" t="75" w="85" /><ent r="6" t="75" w="85" /><ent r="6" t="75" w="315" /><ent r="6" t="75" w="315" /><ent r="6" t="75" w="332" /><ent r="6" t="75" w="332" /><ent r="6" t="75" w="350" /><ent r="6" t="75" w="350" /></phr></stem><stem n="recommend"><phr n="recommend"><ent r="4" t="0" w="160" /><ent r="4" t="0" w="160" /><ent r="3" t="47" w="23" /><ent r="3" t="47" w="23" /></phr><phr n="recommendations"><ent r="3" t="2" w="18" /><ent r="3" t="2" w="18" /></phr><phr n="recommended"><ent r="3" t="18" w="40" /><ent r="3" t="18" w="40" /><ent r="3" t="29" w="409" /><ent r="3" t="29" w="409" /></phr><phr n="recommendation"><ent r="3" t="27" w="120" /><ent r="3" t="27" w="120" /></phr></stem><stem n="net"><phr n="NET"><ent r="4" t="0" w="161" /><ent r="4" t="0" w="161" /><ent r="4" t="0" w="168" /><ent r="4" t="0" w="168" /><ent r="3" t="2" w="332" /><ent r="3" t="2" w="332" /><ent r="3" t="4" w="280" /><ent r="3" t="4" w="295" /><ent r="3" t="4" w="295" /><ent r="5" t="6" w="62" /><ent r="5" t="6" w="62" /><ent r="4" t="24" w="93" /><ent r="4" t="24" w="93" /><ent r="3" t="31" w="525" /><ent r="3" t="31" w="525" /><ent r="3" t="33" w="59" /><ent r="3" t="33" w="59" /><ent r="3" t="35" w="37" /><ent r="3" t="35" w="37" /><ent r="3" t="35" w="64" /><ent r="3" t="35" w="64" /><ent r="3" t="35" w="91" /><ent r="3" t="35" w="117" /><ent r="3" t="35" w="117" /><ent r="3" t="35" w="223" /><ent r="3" t="35" w="223" /><ent r="3" t="35" w="585" /><ent r="3" t="35" w="585" /><ent r="4" t="36" w="178" /><ent r="4" t="36" w="178" /><ent r="3" t="45" w="222" /><ent r="3" t="45" w="222" /><ent r="3" t="47" w="33" /><ent r="3" t="47" w="33" /><ent r="3" t="49" w="190" /><ent r="3" t="49" w="190" /><ent r="3" t="50" w="26" /><ent r="3" t="50" w="26" /><ent r="3" t="50" w="159" /><ent r="3" t="50" w="159" /><ent r="3" t="50" w="395" /><ent r="3" t="50" w="395" /><ent r="4" t="62" w="54" /></phr><phr n="Net"><ent r="6" t="74" w="62" /><ent r="6" t="74" w="62" /></phr></stem><stem n="4"><phr n="4"><ent r="4" t="0" w="163" /><ent r="5" t="3" w="1028" /><ent r="4" t="61" w="437" /><ent r="3" t="69" w="233" /></phr></stem><stem n="visualstudio"><phr n="VisualStudio"><ent r="4" t="0" w="167" /><ent r="4" t="0" w="167" /><ent r="4" t="62" w="53" /></phr></stem><stem n="2005"><phr n="2005"><ent r="4" t="0" w="169" /><ent r="4" t="0" w="169" /><ent r="4" t="36" w="172" /><ent r="4" t="36" w="172" /><ent r="4" t="67" w="99" /><ent r="4" t="67" w="99" /><ent r="4" t="68" w="138" /><ent r="4" t="68" w="138" /><ent r="4" t="69" w="113" /><ent r="4" t="69" w="113" /></phr></stem><stem n="destin"><phr n="Destinations"><ent r="92" t="0" w="173" /><ent r="92" t="0" w="173" /></phr></stem><stem n="up-to-d"><phr n="up-to-date"><ent r="4" t="0" w="182" /><ent r="4" t="0" w="182" /><ent r="3" t="4" w="196" /><ent r="3" t="4" w="196" /></phr></stem><stem n="up"><phr n="up"><ent r="4" t="0" w="182" /><ent r="3" t="4" w="196" /><ent r="3" t="7" w="47" /><ent r="3" t="7" w="47" /><ent r="6" t="7" w="624" /><ent r="6" t="7" w="624" /><ent r="8" t="17" w="4869" /><ent r="3" t="24" w="447" /><ent r="3" t="24" w="447" /><ent r="3" t="29" w="284" /><ent r="3" t="29" w="284" /><ent r="3" t="29" w="286" /><ent r="3" t="29" w="286" /><ent r="3" t="29" w="330" /><ent r="3" t="29" w="330" /><ent r="3" t="38" w="546" /><ent r="3" t="38" w="546" /><ent r="4" t="45" w="88" /><ent r="4" t="45" w="88" /><ent r="3" t="50" w="11" /><ent r="3" t="50" w="11" /><ent r="4" t="77" w="102" /><ent r="4" t="78" w="103" /><ent r="4" t="78" w="103" /><ent r="4" t="78" w="120" /></phr><phr n="Up"><ent r="7" t="17" w="242" /><ent r="7" t="17" w="242" /><ent r="7" t="17" w="6245" /><ent r="7" t="17" w="6245" /><ent r="7" t="17" w="6415" /><ent r="7" t="17" w="6415" /><ent r="6" t="17" w="6796" /><ent r="6" t="17" w="6796" /></phr></stem><stem n="up-to"><phr n="up-to"><ent r="4" t="0" w="182" /><ent r="3" t="4" w="196" /></phr></stem><stem n="to-dat"><phr n="to-date"><ent r="4" t="0" w="183" /><ent r="3" t="4" w="197" /></phr></stem><stem n="date"><phr n="date"><ent r="4" t="0" w="184" /><ent r="3" t="4" w="198" /><ent r="6" t="7" w="237" /><ent r="6" t="7" w="237" /><ent r="6" t="73" w="40" /><ent r="6" t="73" w="40" /><ent r="6" t="73" w="86" /><ent r="6" t="73" w="86" /><ent r="6" t="73" w="102" /><ent r="6" t="73" w="102" /><ent r="6" t="73" w="115" /><ent r="6" t="73" w="115" /><ent r="6" t="73" w="133" /><ent r="6" t="73" w="212" /><ent r="6" t="73" w="212" /></phr><phr n="Date"><ent r="6" t="6" w="101" /><ent r="6" t="6" w="101" /><ent r="4" t="39" w="468" /><ent r="4" t="39" w="468" /><ent r="6" t="73" w="32" /><ent r="6" t="73" w="32" /><ent r="6" t="73" w="78" /><ent r="6" t="73" w="78" /><ent r="6" t="73" w="107" /><ent r="6" t="73" w="107" /><ent r="6" t="73" w="204" /><ent r="6" t="73" w="204" /><ent r="6" t="74" w="101" /><ent r="6" t="74" w="101" /></phr><phr n="Dates"><ent r="6" t="73" w="80" /><ent r="6" t="73" w="80" /></phr></stem><stem n="get"><phr n="Get"><ent r="4" t="0" w="193" /><ent r="4" t="0" w="193" /><ent r="6" t="17" w="6690" /><ent r="6" t="17" w="6690" /><ent r="92" t="25" w="317" /><ent r="92" t="25" w="317" /><ent r="65" t="51" w="65" /><ent r="65" t="51" w="65" /><ent r="65" t="51" w="70" /><ent r="65" t="51" w="70" /></phr><phr n="Getting"><ent r="3" t="1" w="267" /><ent r="3" t="1" w="267" /><ent r="7" t="17" w="6924" /><ent r="7" t="17" w="6924" /><ent r="1000" t="52" w="1" /><ent r="1000" t="52" w="1" /><ent r="102" t="52" w="6" /><ent r="102" t="52" w="6" /><ent r="1000" t="53" w="1" /><ent r="1000" t="53" w="1" /><ent r="102" t="53" w="6" /><ent r="102" t="53" w="6" /><ent r="4" t="53" w="43" /><ent r="4" t="53" w="43" /><ent r="4" t="54" w="32" /><ent r="4" t="54" w="32" /><ent r="4" t="55" w="32" /><ent r="4" t="55" w="32" /></phr><phr n="get"><ent r="6" t="7" w="1267" /><ent r="6" t="7" w="1267" /><ent r="3" t="18" w="13" /><ent r="3" t="18" w="13" /><ent r="3" t="25" w="205" /><ent r="3" t="25" w="205" /><ent r="3" t="25" w="327" /><ent r="3" t="25" w="327" /><ent r="3" t="26" w="119" /><ent r="3" t="26" w="119" /><ent r="3" t="27" w="608" /><ent r="3" t="27" w="608" /><ent r="3" t="27" w="682" /><ent r="3" t="27" w="682" /><ent r="3" t="28" w="29" /><ent r="3" t="28" w="29" /><ent r="3" t="28" w="267" /><ent r="3" t="28" w="267" /><ent r="3" t="28" w="392" /><ent r="3" t="28" w="392" /><ent r="3" t="28" w="457" /><ent r="3" t="28" w="457" /><ent r="3" t="28" w="467" /><ent r="3" t="28" w="467" /><ent r="3" t="28" w="474" /><ent r="3" t="28" w="474" /><ent r="3" t="28" w="543" /><ent r="3" t="28" w="543" /><ent r="3" t="28" w="550" /><ent r="3" t="28" w="550" /><ent r="3" t="28" w="618" /><ent r="3" t="28" w="618" /><ent r="3" t="31" w="193" /><ent r="3" t="31" w="193" /><ent r="3" t="31" w="228" /><ent r="3" t="31" w="228" /><ent r="3" t="31" w="239" /><ent r="3" t="31" w="239" /><ent r="3" t="31" w="250" /><ent r="3" t="31" w="250" /><ent r="3" t="31" w="277" /><ent r="3" t="31" w="277" /><ent r="3" t="31" w="320" /><ent r="3" t="31" w="320" /><ent r="3" t="31" w="345" /><ent r="3" t="31" w="345" /><ent r="3" t="31" w="703" /><ent r="3" t="31" w="703" /><ent r="3" t="32" w="26" /><ent r="3" t="32" w="26" /><ent r="3" t="34" w="64" /><ent r="3" t="34" w="64" /><ent r="3" t="34" w="133" /><ent r="3" t="34" w="133" /><ent r="3" t="43" w="57" /><ent r="3" t="43" w="57" /><ent r="3" t="51" w="20" /><ent r="3" t="51" w="20" /><ent r="4" t="52" w="59" /><ent r="4" t="52" w="59" /><ent r="4" t="53" w="38" /><ent r="4" t="53" w="38" /><ent r="4" t="61" w="180" /><ent r="4" t="61" w="180" /><ent r="4" t="63" w="139" /><ent r="4" t="63" w="139" /><ent r="4" t="65" w="70" /><ent r="4" t="65" w="119" /><ent r="4" t="65" w="159" /><ent r="5" t="65" w="515" /><ent r="5" t="65" w="538" /><ent r="5" t="65" w="565" /><ent r="5" t="65" w="578" /><ent r="4" t="67" w="141" /><ent r="4" t="67" w="141" /></phr><phr n="getting"><ent r="3" t="28" w="598" /><ent r="3" t="28" w="598" /><ent r="3" t="31" w="262" /><ent r="3" t="31" w="262" /><ent r="3" t="31" w="335" /><ent r="3" t="31" w="335" /><ent r="3" t="34" w="84" /><ent r="3" t="34" w="84" /></phr><phr n="Gets"><ent r="4" t="65" w="541" /><ent r="4" t="65" w="541" /></phr></stem><stem n="help"><phr n="help"><ent r="4" t="0" w="194" /><ent r="4" t="0" w="194" /><ent r="4" t="0" w="302" /><ent r="4" t="0" w="302" /><ent r="3" t="1" w="32" /><ent r="3" t="1" w="32" /><ent r="6" t="3" w="361" /><ent r="6" t="3" w="361" /><ent r="3" t="3" w="668" /><ent r="3" t="3" w="668" /><ent r="3" t="4" w="19" /><ent r="3" t="4" w="19" /><ent r="5" t="17" w="6829" /><ent r="5" t="17" w="6829" /><ent r="7" t="17" w="6839" /><ent r="7" t="17" w="6839" /><ent r="7" t="17" w="6850" /><ent r="7" t="17" w="6863" /><ent r="7" t="17" w="6875" /><ent r="7" t="17" w="6892" /><ent r="7" t="17" w="6905" /><ent r="7" t="17" w="6920" /><ent r="7" t="17" w="6935" /><ent r="7" t="17" w="6949" /><ent r="7" t="17" w="6987" /><ent r="7" t="17" w="7003" /><ent r="7" t="17" w="7018" /><ent r="7" t="17" w="7032" /><ent r="7" t="17" w="7045" /><ent r="7" t="17" w="7057" /><ent r="7" t="17" w="7069" /><ent r="7" t="17" w="7082" /><ent r="3" t="27" w="209" /><ent r="3" t="27" w="209" /><ent r="3" t="51" w="18" /><ent r="3" t="51" w="18" /><ent r="6" t="80" w="378" /><ent r="6" t="80" w="378" /></phr><phr n="Help"><ent r="3" t="1" w="90" /><ent r="3" t="1" w="90" /><ent r="3" t="1" w="285" /><ent r="1000" t="3" w="2" /><ent r="1000" t="3" w="2" /><ent r="100" t="3" w="10" /><ent r="100" t="3" w="15" /><ent r="100" t="3" w="18" /><ent r="100" t="3" w="18" /><ent r="100" t="3" w="20" /><ent r="100" t="3" w="24" /><ent r="100" t="3" w="24" /><ent r="102" t="3" w="27" /><ent r="102" t="3" w="27" /><ent r="3" t="3" w="34" /><ent r="3" t="3" w="34" /><ent r="3" t="3" w="37" /><ent r="3" t="3" w="37" /><ent r="3" t="3" w="68" /><ent r="7" t="3" w="106" /><ent r="7" t="3" w="106" /><ent r="8" t="3" w="216" /><ent r="8" t="3" w="216" /><ent r="7" t="3" w="284" /><ent r="7" t="3" w="284" /><ent r="6" t="3" w="375" /><ent r="6" t="3" w="375" /><ent r="7" t="3" w="392" /><ent r="7" t="3" w="392" /><ent r="7" t="3" w="462" /><ent r="3" t="3" w="654" /><ent r="3" t="3" w="682" /><ent r="3" t="3" w="682" /><ent r="3" t="3" w="686" /><ent r="3" t="3" w="686" /><ent r="3" t="3" w="696" /><ent r="3" t="3" w="696" /><ent r="100" t="3" w="706" /><ent r="8" t="3" w="738" /><ent r="8" t="3" w="738" /><ent r="8" t="3" w="750" /><ent r="8" t="3" w="750" /><ent r="7" t="3" w="801" /><ent r="7" t="3" w="801" /><ent r="6" t="3" w="820" /><ent r="6" t="3" w="820" /><ent r="3" t="3" w="945" /><ent r="3" t="3" w="945" /><ent r="3" t="3" w="951" /><ent r="3" t="3" w="951" /><ent r="100" t="4" w="5" /><ent r="3" t="13" w="137" /><ent r="3" t="14" w="307" /><ent r="6" t="17" w="6820" /><ent r="6" t="17" w="6820" /><ent r="7" t="17" w="6831" /><ent r="7" t="17" w="6831" /><ent r="7" t="17" w="6841" /><ent r="7" t="17" w="6841" /><ent r="5" t="19" w="136" /><ent r="5" t="19" w="136" /><ent r="5" t="20" w="99" /><ent r="5" t="20" w="99" /><ent r="5" t="21" w="66" /><ent r="5" t="21" w="66" /><ent r="4" t="25" w="424" /><ent r="3" t="25" w="457" /><ent r="3" t="36" w="195" /><ent r="3" t="36" w="195" /><ent r="3" t="40" w="151" /><ent r="3" t="40" w="151" /><ent r="3" t="42" w="42" /><ent r="3" t="42" w="42" /><ent r="3" t="45" w="130" /><ent r="3" t="45" w="130" /><ent r="3" t="51" w="10" /><ent r="3" t="51" w="10" /><ent r="4" t="66" w="106" /><ent r="4" t="66" w="106" /><ent r="100" t="79" w="4" /><ent r="100" t="79" w="10" /><ent r="3" t="79" w="21" /><ent r="1000" t="80" w="2" /><ent r="1000" t="80" w="2" /><ent r="100" t="80" w="10" /><ent r="100" t="80" w="15" /><ent r="100" t="80" w="18" /><ent r="100" t="80" w="18" /><ent r="100" t="80" w="20" /><ent r="100" t="80" w="24" /><ent r="100" t="80" w="24" /><ent r="102" t="80" w="27" /><ent r="102" t="80" w="27" /><ent r="3" t="80" w="34" /><ent r="3" t="80" w="34" /><ent r="3" t="80" w="37" /><ent r="3" t="80" w="37" /><ent r="3" t="80" w="68" /><ent r="7" t="80" w="106" /><ent r="7" t="80" w="106" /><ent r="8" t="80" w="217" /><ent r="8" t="80" w="217" /><ent r="7" t="80" w="301" /><ent r="7" t="80" w="301" /><ent r="6" t="80" w="392" /><ent r="6" t="80" w="392" /><ent r="7" t="80" w="409" /><ent r="7" t="80" w="409" /><ent r="100" t="81" w="4" /><ent r="100" t="81" w="10" /><ent r="3" t="81" w="21" /></phr></stem></index>