<?xml version="1.0" encoding="utf-8"?><index><stem n="picklist"><phr n="Picklists"><ent r="6" t="7" w="716" /><ent r="6" t="7" w="729" /><ent r="6" t="7" w="739" /><ent r="6" t="7" w="749" /><ent r="6" t="7" w="759" /></phr><phr n="Picklist"><ent r="6" t="7" w="760" /><ent r="6" t="7" w="760" /></phr></stem><stem n="picklistmanag"><phr n="PicklistManager"><ent r="6" t="7" w="717" /><ent r="6" t="7" w="717" /><ent r="6" t="7" w="730" /><ent r="6" t="7" w="730" /><ent r="6" t="7" w="740" /><ent r="6" t="7" w="740" /><ent r="6" t="7" w="750" /><ent r="6" t="7" w="750" /></phr></stem><stem n="e"><phr n="e"><ent r="6" t="7" w="762" /><ent r="6" t="7" w="771" /><ent r="7" t="17" w="3497" /><ent r="7" t="17" w="3497" /><ent r="7" t="17" w="5201" /><ent r="7" t="17" w="5201" /><ent r="3" t="29" w="266" /><ent r="3" t="61" w="471" /><ent r="3" t="61" w="489" /><ent r="3" t="65" w="268" /></phr><phr n="E"><ent r="7" t="17" w="742" /><ent r="7" t="17" w="787" /><ent r="8" t="17" w="1176" /><ent r="8" t="17" w="1266" /><ent r="8" t="17" w="1434" /><ent r="7" t="17" w="1839" /><ent r="7" t="17" w="1866" /><ent r="7" t="17" w="2034" /><ent r="7" t="17" w="2514" /><ent r="7" t="17" w="2541" /><ent r="7" t="17" w="2645" /><ent r="7" t="17" w="3125" /><ent r="7" t="17" w="3152" /><ent r="7" t="17" w="3256" /><ent r="7" t="17" w="3424" /><ent r="7" t="17" w="5188" /><ent r="7" t="17" w="5287" /><ent r="7" t="17" w="5300" /><ent r="7" t="17" w="5382" /><ent r="7" t="17" w="6193" /><ent r="6" t="17" w="6665" /><ent r="4" t="48" w="419" /><ent r="3" t="48" w="446" /><ent r="4" t="77" w="166" /></phr></stem><stem n="e-mail"><phr n="e-mail"><ent r="6" t="7" w="762" /><ent r="6" t="7" w="771" /></phr><phr n="E-mail"><ent r="7" t="17" w="787" /><ent r="7" t="17" w="787" /><ent r="7" t="17" w="1839" /><ent r="7" t="17" w="1839" /><ent r="7" t="17" w="2514" /><ent r="7" t="17" w="2514" /><ent r="7" t="17" w="3125" /><ent r="7" t="17" w="3125" /><ent r="7" t="17" w="5188" /><ent r="7" t="17" w="5188" /><ent r="7" t="17" w="5287" /><ent r="7" t="17" w="5287" /><ent r="7" t="17" w="5382" /><ent r="7" t="17" w="5382" /><ent r="4" t="48" w="419" /><ent r="4" t="48" w="419" /><ent r="3" t="48" w="446" /><ent r="3" t="48" w="446" /><ent r="4" t="77" w="166" /><ent r="4" t="77" w="166" /></phr><phr n="E-Mail"><ent r="8" t="17" w="1176" /><ent r="8" t="17" w="1176" /></phr></stem><stem n="mail"><phr n="mail"><ent r="6" t="7" w="763" /><ent r="6" t="7" w="772" /><ent r="7" t="17" w="788" /><ent r="7" t="17" w="1840" /><ent r="7" t="17" w="2515" /><ent r="7" t="17" w="3126" /><ent r="7" t="17" w="5189" /><ent r="7" t="17" w="5288" /><ent r="7" t="17" w="5383" /><ent r="4" t="48" w="420" /><ent r="3" t="48" w="447" /><ent r="4" t="77" w="167" /></phr><phr n="Mail"><ent r="8" t="17" w="1177" /></phr></stem><stem n="send"><phr n="sending"><ent r="6" t="7" w="764" /><ent r="6" t="7" w="764" /><ent r="3" t="35" w="515" /><ent r="3" t="35" w="515" /><ent r="3" t="61" w="399" /><ent r="3" t="61" w="399" /></phr><phr n="Send"><ent r="7" t="17" w="3708" /><ent r="7" t="17" w="3708" /><ent r="7" t="17" w="5186" /><ent r="7" t="17" w="5186" /><ent r="6" t="17" w="6676" /><ent r="6" t="17" w="6676" /><ent r="4" t="48" w="418" /><ent r="4" t="48" w="418" /><ent r="3" t="48" w="445" /><ent r="3" t="48" w="445" /></phr><phr n="send"><ent r="4" t="45" w="94" /><ent r="4" t="45" w="94" /></phr></stem><stem n="uiemailmanag"><phr n="UIEmailManager"><ent r="6" t="7" w="769" /><ent r="6" t="7" w="769" /><ent r="6" t="7" w="778" /><ent r="6" t="7" w="778" /></phr></stem><stem n="recur"><phr n="recurring"><ent r="6" t="7" w="807" /><ent r="6" t="7" w="807" /></phr></stem><stem n="export"><phr n="exporting"><ent r="6" t="7" w="814" /><ent r="6" t="7" w="814" /></phr><phr n="Export"><ent r="7" t="17" w="229" /><ent r="7" t="17" w="6191" /><ent r="7" t="17" w="6191" /></phr></stem><stem n="exchangemanag"><phr n="ExchangeManager"><ent r="6" t="7" w="824" /><ent r="6" t="7" w="824" /><ent r="6" t="7" w="955" /><ent r="6" t="7" w="955" /><ent r="6" t="7" w="967" /><ent r="6" t="7" w="967" /></phr></stem><stem n="fielddescriptor"><phr n="FieldDescriptor"><ent r="6" t="7" w="832" /><ent r="6" t="7" w="832" /><ent r="3" t="27" w="459" /><ent r="3" t="27" w="459" /><ent r="3" t="27" w="708" /><ent r="3" t="27" w="708" /></phr><phr n="FieldDescriptors"><ent r="3" t="34" w="366" /><ent r="3" t="34" w="372" /><ent r="3" t="34" w="372" /><ent r="3" t="35" w="206" /><ent r="3" t="35" w="206" /></phr></stem><stem n="fielddescriptormanag"><phr n="FieldDescriptorManager"><ent r="6" t="7" w="840" /><ent r="6" t="7" w="840" /><ent r="6" t="7" w="848" /><ent r="6" t="7" w="848" /><ent r="3" t="27" w="465" /><ent r="3" t="27" w="465" /></phr></stem><stem n="histori"><phr n="histories"><ent r="6" t="7" w="905" /><ent r="6" t="7" w="915" /><ent r="6" t="7" w="925" /><ent r="6" t="7" w="935" /><ent r="7" t="17" w="716" /><ent r="7" t="17" w="716" /><ent r="3" t="29" w="427" /><ent r="3" t="29" w="427" /><ent r="3" t="29" w="436" /><ent r="3" t="29" w="436" /><ent r="3" t="31" w="737" /></phr><phr n="Histories"><ent r="6" t="7" w="912" /><ent r="6" t="7" w="922" /><ent r="6" t="7" w="932" /><ent r="6" t="7" w="942" /><ent r="3" t="26" w="31" /><ent r="3" t="26" w="31" /><ent r="4" t="82" w="73" /><ent r="5" t="82" w="243" /></phr><phr n="History"><ent r="7" t="17" w="706" /><ent r="7" t="17" w="706" /><ent r="7" t="17" w="837" /><ent r="7" t="17" w="837" /><ent r="7" t="17" w="3669" /><ent r="8" t="17" w="3946" /><ent r="8" t="17" w="4159" /><ent r="8" t="17" w="4773" /><ent r="7" t="17" w="5477" /><ent r="7" t="17" w="5477" /><ent r="7" t="17" w="5488" /><ent r="7" t="17" w="5488" /><ent r="7" t="17" w="5515" /><ent r="7" t="17" w="5515" /><ent r="7" t="17" w="6388" /><ent r="7" t="17" w="6388" /><ent r="6" t="17" w="6707" /><ent r="6" t="17" w="6707" /></phr><phr n="history"><ent r="3" t="29" w="225" /><ent r="3" t="29" w="225" /><ent r="3" t="29" w="244" /><ent r="3" t="29" w="244" /><ent r="3" t="29" w="256" /><ent r="3" t="29" w="256" /><ent r="3" t="29" w="336" /><ent r="3" t="29" w="336" /></phr></stem><stem n="historymanag"><phr n="HistoryManager"><ent r="6" t="7" w="913" /><ent r="6" t="7" w="913" /><ent r="6" t="7" w="923" /><ent r="6" t="7" w="923" /><ent r="6" t="7" w="933" /><ent r="6" t="7" w="933" /><ent r="6" t="7" w="943" /><ent r="6" t="7" w="943" /></phr></stem><stem n="old"><phr n="old"><ent r="6" t="7" w="927" /><ent r="6" t="7" w="927" /></phr><phr n="Old"><ent r="7" t="17" w="6101" /><ent r="7" t="17" w="6101" /></phr></stem><stem n="import"><phr n="importing"><ent r="6" t="7" w="945" /><ent r="6" t="7" w="945" /><ent r="6" t="7" w="957" /><ent r="6" t="7" w="957" /></phr><phr n="Import"><ent r="7" t="17" w="217" /></phr></stem><stem n="actapplicationst"><phr n="ActApplicationState"><ent r="6" t="7" w="974" /><ent r="6" t="7" w="974" /><ent r="6" t="7" w="981" /><ent r="6" t="7" w="981" /></phr></stem><stem n="replac"><phr n="replacing"><ent r="6" t="7" w="977" /><ent r="6" t="7" w="977" /></phr><phr n="replace"><ent r="3" t="8" w="98" /><ent r="3" t="8" w="98" /></phr><phr n="Replace"><ent r="7" t="17" w="473" /><ent r="7" t="17" w="473" /></phr><phr n="replaced"><ent r="3" t="38" w="306" /><ent r="3" t="38" w="306" /></phr></stem><stem n="notemanag"><phr n="NoteManager"><ent r="6" t="7" w="1019" /><ent r="6" t="7" w="1019" /><ent r="6" t="7" w="1027" /><ent r="6" t="7" w="1027" /><ent r="6" t="7" w="1043" /><ent r="6" t="7" w="1043" /></phr></stem><stem n="insert"><phr n="inserting"><ent r="6" t="7" w="1038" /><ent r="6" t="7" w="1038" /></phr><phr n="insert"><ent r="3" t="24" w="393" /></phr><phr n="Insert"><ent r="65" t="51" w="75" /><ent r="65" t="51" w="75" /></phr><phr n="Inserting"><ent r="1000" t="54" w="1" /><ent r="1000" t="54" w="1" /><ent r="102" t="54" w="6" /><ent r="102" t="54" w="6" /></phr><phr n="inserts"><ent r="3" t="54" w="13" /><ent r="3" t="54" w="13" /></phr><phr n="Inserts"><ent r="3" t="54" w="84" /><ent r="3" t="54" w="84" /><ent r="3" t="64" w="213" /><ent r="3" t="64" w="213" /></phr></stem><stem n="close"><phr n="closing"><ent r="6" t="7" w="1046" /><ent r="6" t="7" w="1046" /></phr><phr n="Close"><ent r="7" t="17" w="120" /><ent r="7" t="17" w="120" /></phr><phr n="close"><ent r="7" t="17" w="129" /><ent r="7" t="17" w="129" /><ent r="7" t="79" w="158" /><ent r="7" t="79" w="158" /></phr><phr n="Closed"><ent r="4" t="39" w="465" /><ent r="4" t="39" w="465" /></phr></stem><stem n="quot"><phr n="quotes"><ent r="6" t="7" w="1055" /><ent r="6" t="7" w="1055" /></phr><phr n="Quote"><ent r="8" t="17" w="4855" /><ent r="8" t="17" w="4855" /></phr></stem><stem n="corespond"><phr n="Corespondence"><ent r="6" t="7" w="1059" /></phr></stem><stem n="uicorrespondencemanag"><phr n="UICorrespondenceManager"><ent r="6" t="7" w="1060" /><ent r="6" t="7" w="1060" /></phr></stem><stem n="reopen"><phr n="reopening"><ent r="6" t="7" w="1079" /><ent r="6" t="7" w="1079" /></phr></stem><stem n="graph"><phr n="graph"><ent r="6" t="7" w="1087" /><ent r="7" t="17" w="5856" /><ent r="7" t="17" w="5856" /></phr><phr n="Graph"><ent r="8" t="17" w="4881" /><ent r="7" t="17" w="5846" /></phr></stem><stem n="uiopportunitymanag"><phr n="UIOpportunityManager"><ent r="6" t="7" w="1092" /><ent r="6" t="7" w="1092" /></phr></stem><stem n="productmanag"><phr n="ProductManager"><ent r="6" t="7" w="1103" /><ent r="6" t="7" w="1103" /><ent r="6" t="7" w="1114" /><ent r="6" t="7" w="1114" /></phr></stem><stem n="remot"><phr n="remote"><ent r="6" t="7" w="1144" /><ent r="6" t="7" w="1144" /><ent r="6" t="7" w="1153" /><ent r="6" t="7" w="1153" /><ent r="3" t="9" w="97" /><ent r="3" t="9" w="97" /><ent r="3" t="9" w="108" /><ent r="3" t="9" w="108" /><ent r="3" t="9" w="131" /><ent r="3" t="9" w="131" /><ent r="3" t="9" w="149" /><ent r="3" t="9" w="149" /><ent r="4" t="15" w="452" /><ent r="4" t="15" w="452" /><ent r="4" t="15" w="463" /><ent r="4" t="15" w="463" /><ent r="4" t="15" w="486" /><ent r="4" t="15" w="486" /><ent r="4" t="15" w="504" /><ent r="4" t="15" w="504" /><ent r="3" t="24" w="33" /><ent r="3" t="24" w="33" /><ent r="3" t="24" w="67" /><ent r="3" t="24" w="67" /><ent r="3" t="24" w="100" /><ent r="3" t="24" w="100" /><ent r="3" t="24" w="124" /><ent r="3" t="24" w="124" /><ent r="3" t="24" w="280" /><ent r="3" t="24" w="280" /><ent r="3" t="24" w="310" /><ent r="3" t="24" w="310" /><ent r="3" t="24" w="346" /><ent r="3" t="24" w="346" /><ent r="3" t="24" w="426" /><ent r="3" t="24" w="426" /><ent r="3" t="49" w="22" /><ent r="3" t="49" w="22" /><ent r="3" t="49" w="62" /><ent r="3" t="49" w="62" /><ent r="3" t="49" w="70" /><ent r="3" t="49" w="70" /><ent r="3" t="49" w="89" /><ent r="3" t="49" w="89" /><ent r="3" t="49" w="101" /><ent r="3" t="49" w="101" /><ent r="3" t="49" w="116" /><ent r="3" t="49" w="116" /><ent r="3" t="49" w="128" /><ent r="3" t="49" w="128" /><ent r="3" t="49" w="140" /><ent r="3" t="49" w="140" /><ent r="3" t="49" w="207" /><ent r="3" t="49" w="207" /><ent r="3" t="50" w="49" /><ent r="3" t="50" w="49" /><ent r="3" t="50" w="69" /><ent r="3" t="50" w="69" /><ent r="3" t="50" w="82" /><ent r="3" t="50" w="82" /><ent r="3" t="50" w="97" /><ent r="3" t="50" w="97" /><ent r="3" t="50" w="169" /><ent r="3" t="50" w="169" /><ent r="3" t="50" w="173" /><ent r="3" t="50" w="173" /><ent r="3" t="50" w="182" /><ent r="3" t="50" w="182" /><ent r="3" t="50" w="265" /><ent r="3" t="50" w="265" /><ent r="3" t="50" w="275" /><ent r="3" t="50" w="275" /></phr><phr n="Remote"><ent r="7" t="17" w="6246" /><ent r="7" t="17" w="6246" /><ent r="4" t="24" w="106" /><ent r="4" t="24" w="106" /><ent r="3" t="49" w="36" /><ent r="3" t="49" w="36" /></phr><phr n="Remoting"><ent r="4" t="24" w="94" /><ent r="4" t="24" w="94" /><ent r="3" t="49" w="191" /><ent r="3" t="49" w="191" /></phr><phr n="remoting"><ent r="3" t="50" w="27" /><ent r="3" t="50" w="27" /><ent r="3" t="50" w="160" /><ent r="3" t="50" w="160" /></phr></stem><stem n="synchronizationmanag"><phr n="SynchronizationManager"><ent r="6" t="7" w="1151" /><ent r="6" t="7" w="1151" /><ent r="6" t="7" w="1160" /><ent r="6" t="7" w="1160" /><ent r="6" t="7" w="1314" /><ent r="6" t="7" w="1314" /><ent r="6" t="7" w="1323" /><ent r="6" t="7" w="1323" /><ent r="6" t="7" w="1332" /><ent r="6" t="7" w="1332" /></phr></stem><stem n="activityresourc"><phr n="ActivityResources"><ent r="6" t="7" w="1169" /><ent r="6" t="7" w="1177" /><ent r="6" t="7" w="1185" /><ent r="6" t="7" w="1193" /></phr></stem><stem n="activityresourcemanag"><phr n="ActivityResourceManager"><ent r="6" t="7" w="1170" /><ent r="6" t="7" w="1170" /><ent r="6" t="7" w="1178" /><ent r="6" t="7" w="1178" /><ent r="6" t="7" w="1186" /><ent r="6" t="7" w="1186" /><ent r="6" t="7" w="1194" /><ent r="6" t="7" w="1194" /></phr></stem><stem n="promot"><phr n="promoting"><ent r="6" t="7" w="1216" /><ent r="6" t="7" w="1216" /></phr></stem><stem n="shortcut"><phr n="shortcut"><ent r="6" t="7" w="1223" /><ent r="6" t="7" w="1223" /><ent r="6" t="7" w="1232" /><ent r="6" t="7" w="1232" /></phr><phr n="Shortcut"><ent r="7" t="17" w="3697" /><ent r="8" t="17" w="3974" /><ent r="8" t="17" w="3974" /><ent r="7" t="17" w="4373" /><ent r="8" t="17" w="4801" /></phr></stem><stem n="smart"><phr n="smart"><ent r="6" t="7" w="1241" /><ent r="6" t="7" w="1241" /><ent r="6" t="7" w="1249" /><ent r="6" t="7" w="1249" /><ent r="6" t="7" w="1257" /><ent r="6" t="7" w="1257" /><ent r="6" t="7" w="1265" /><ent r="6" t="7" w="1265" /><ent r="6" t="7" w="1274" /><ent r="6" t="7" w="1274" /><ent r="6" t="7" w="1282" /><ent r="6" t="7" w="1282" /><ent r="6" t="7" w="1451" /><ent r="6" t="7" w="1451" /></phr><phr n="Smart"><ent r="8" t="17" w="5108" /><ent r="8" t="17" w="5108" /><ent r="8" t="17" w="5122" /><ent r="8" t="17" w="5122" /><ent r="8" t="17" w="5135" /><ent r="8" t="17" w="5135" /><ent r="7" t="17" w="6417" /><ent r="7" t="17" w="6417" /><ent r="64" t="23" w="143" /><ent r="64" t="23" w="143" /><ent r="1000" t="45" w="1" /><ent r="1000" t="45" w="1" /><ent r="102" t="45" w="6" /><ent r="102" t="45" w="6" /><ent r="3" t="45" w="11" /><ent r="3" t="45" w="11" /><ent r="3" t="45" w="33" /><ent r="3" t="45" w="33" /><ent r="3" t="45" w="146" /><ent r="3" t="45" w="146" /><ent r="3" t="45" w="152" /><ent r="3" t="45" w="152" /><ent r="3" t="45" w="162" /><ent r="3" t="45" w="162" /><ent r="3" t="45" w="190" /><ent r="3" t="45" w="190" /><ent r="3" t="45" w="194" /><ent r="3" t="45" w="194" /><ent r="3" t="45" w="208" /><ent r="3" t="45" w="208" /><ent r="3" t="45" w="258" /><ent r="3" t="45" w="258" /><ent r="3" t="45" w="270" /><ent r="3" t="45" w="270" /><ent r="4" t="45" w="290" /><ent r="4" t="45" w="290" /><ent r="4" t="45" w="304" /><ent r="4" t="45" w="304" /><ent r="4" t="45" w="315" /><ent r="4" t="45" w="315" /><ent r="4" t="45" w="341" /><ent r="4" t="45" w="341" /><ent r="4" t="45" w="366" /><ent r="4" t="45" w="366" /><ent r="4" t="45" w="375" /><ent r="4" t="45" w="375" /><ent r="64" t="45" w="382" /><ent r="64" t="45" w="382" /><ent r="64" t="45" w="386" /><ent r="64" t="45" w="386" /><ent r="64" t="45" w="390" /><ent r="64" t="45" w="390" /><ent r="1000" t="46" w="1" /><ent r="1000" t="46" w="1" /><ent r="102" t="46" w="5" /><ent r="102" t="46" w="5" /><ent r="3" t="46" w="13" /><ent r="3" t="46" w="13" /><ent r="3" t="46" w="23" /><ent r="3" t="46" w="23" /><ent r="3" t="46" w="42" /><ent r="3" t="46" w="42" /><ent r="4" t="46" w="56" /><ent r="4" t="46" w="56" /><ent r="4" t="46" w="66" /><ent r="4" t="46" w="66" /><ent r="4" t="46" w="108" /><ent r="4" t="46" w="108" /><ent r="4" t="46" w="141" /><ent r="4" t="46" w="141" /><ent r="1000" t="47" w="1" /><ent r="1000" t="47" w="1" /><ent r="102" t="47" w="5" /><ent r="102" t="47" w="5" /><ent r="3" t="47" w="13" /><ent r="3" t="47" w="13" /><ent r="1000" t="48" w="1" /><ent r="1000" t="48" w="1" /><ent r="102" t="48" w="6" /><ent r="102" t="48" w="6" /><ent r="3" t="48" w="35" /><ent r="3" t="48" w="35" /><ent r="3" t="48" w="111" /><ent r="3" t="48" w="111" /><ent r="3" t="48" w="157" /><ent r="3" t="48" w="157" /><ent r="3" t="48" w="219" /><ent r="3" t="48" w="219" /><ent r="3" t="48" w="299" /><ent r="3" t="48" w="299" /><ent r="3" t="48" w="369" /><ent r="3" t="48" w="369" /><ent r="92" t="48" w="399" /><ent r="92" t="48" w="399" /><ent r="3" t="48" w="439" /><ent r="3" t="48" w="439" /></phr></stem><stem n="task"><phr n="tasks"><ent r="6" t="7" w="1242" /><ent r="6" t="7" w="1250" /><ent r="6" t="7" w="1258" /><ent r="6" t="7" w="1266" /><ent r="6" t="7" w="1275" /><ent r="6" t="7" w="1283" /><ent r="6" t="7" w="1452" /><ent r="3" t="29" w="110" /><ent r="3" t="29" w="110" /><ent r="3" t="36" w="95" /><ent r="3" t="45" w="23" /><ent r="3" t="45" w="23" /><ent r="3" t="45" w="359" /><ent r="3" t="52" w="53" /><ent r="3" t="53" w="32" /><ent r="3" t="54" w="30" /><ent r="3" t="55" w="30" /><ent r="3" t="57" w="29" /><ent r="4" t="82" w="49" /><ent r="4" t="82" w="49" /><ent r="5" t="82" w="219" /><ent r="5" t="82" w="219" /></phr><phr n="Task"><ent r="7" t="17" w="694" /><ent r="7" t="17" w="694" /><ent r="8" t="17" w="5109" /><ent r="8" t="17" w="5136" /><ent r="8" t="17" w="5136" /><ent r="3" t="45" w="12" /><ent r="3" t="45" w="34" /><ent r="3" t="45" w="34" /><ent r="3" t="45" w="259" /><ent r="3" t="45" w="259" /><ent r="3" t="45" w="271" /><ent r="3" t="45" w="271" /><ent r="4" t="45" w="316" /><ent r="4" t="45" w="316" /><ent r="4" t="45" w="376" /><ent r="4" t="45" w="376" /><ent r="4" t="46" w="57" /><ent r="4" t="46" w="57" /><ent r="4" t="46" w="67" /><ent r="4" t="46" w="67" /><ent r="4" t="46" w="109" /><ent r="4" t="46" w="109" /><ent r="3" t="48" w="112" /><ent r="3" t="48" w="112" /><ent r="3" t="48" w="158" /><ent r="3" t="48" w="158" /><ent r="3" t="48" w="220" /><ent r="3" t="48" w="220" /><ent r="3" t="48" w="300" /><ent r="3" t="48" w="300" /><ent r="3" t="48" w="370" /><ent r="3" t="48" w="370" /><ent r="92" t="48" w="400" /><ent r="92" t="48" w="400" /><ent r="3" t="48" w="440" /><ent r="3" t="48" w="440" /><ent r="4" t="64" w="103" /><ent r="4" t="64" w="103" /></phr><phr n="Tasks"><ent r="8" t="17" w="5096" /><ent r="8" t="17" w="5123" /><ent r="7" t="17" w="6418" /><ent r="7" t="17" w="6418" /><ent r="64" t="23" w="144" /><ent r="64" t="23" w="144" /><ent r="1000" t="45" w="2" /><ent r="1000" t="45" w="2" /><ent r="102" t="45" w="7" /><ent r="102" t="45" w="7" /><ent r="3" t="45" w="147" /><ent r="3" t="45" w="153" /><ent r="3" t="45" w="163" /><ent r="3" t="45" w="163" /><ent r="3" t="45" w="191" /><ent r="3" t="45" w="191" /><ent r="3" t="45" w="195" /><ent r="3" t="45" w="195" /><ent r="3" t="45" w="209" /><ent r="3" t="45" w="209" /><ent r="4" t="45" w="291" /><ent r="4" t="45" w="291" /><ent r="4" t="45" w="305" /><ent r="4" t="45" w="305" /><ent r="4" t="45" w="342" /><ent r="4" t="45" w="367" /><ent r="4" t="45" w="367" /><ent r="64" t="45" w="383" /><ent r="64" t="45" w="383" /><ent r="64" t="45" w="387" /><ent r="64" t="45" w="387" /><ent r="64" t="45" w="391" /><ent r="64" t="45" w="391" /><ent r="1000" t="46" w="2" /><ent r="1000" t="46" w="2" /><ent r="102" t="46" w="6" /><ent r="102" t="46" w="6" /><ent r="3" t="46" w="14" /><ent r="3" t="46" w="14" /><ent r="3" t="46" w="24" /><ent r="3" t="46" w="24" /><ent r="3" t="46" w="43" /><ent r="4" t="46" w="142" /><ent r="1000" t="47" w="2" /><ent r="1000" t="47" w="2" /><ent r="102" t="47" w="6" /><ent r="102" t="47" w="6" /><ent r="3" t="47" w="14" /><ent r="3" t="47" w="14" /><ent r="1000" t="48" w="2" /><ent r="1000" t="48" w="2" /><ent r="102" t="48" w="7" /><ent r="102" t="48" w="7" /><ent r="3" t="48" w="36" /><ent r="3" t="48" w="36" /></phr><phr n="task"><ent r="7" t="79" w="113" /><ent r="7" t="79" w="113" /><ent r="7" t="79" w="122" /><ent r="7" t="79" w="137" /><ent r="7" t="79" w="137" /><ent r="7" t="79" w="145" /></phr></stem><stem n="workflow"><phr n="Workflow"><ent r="6" t="7" w="1247" /><ent r="6" t="7" w="1247" /><ent r="6" t="7" w="1255" /><ent r="6" t="7" w="1255" /><ent r="6" t="7" w="1263" /><ent r="6" t="7" w="1263" /><ent r="6" t="7" w="1272" /><ent r="6" t="7" w="1272" /><ent r="6" t="7" w="1280" /><ent r="6" t="7" w="1280" /><ent r="6" t="7" w="1289" /><ent r="6" t="7" w="1289" /><ent r="1000" t="45" w="3" /><ent r="102" t="45" w="8" /><ent r="3" t="45" w="219" /><ent r="3" t="45" w="219" /><ent r="4" t="45" w="302" /><ent r="4" t="46" w="120" /><ent r="4" t="46" w="120" /><ent r="4" t="46" w="160" /><ent r="4" t="46" w="160" /><ent r="3" t="47" w="20" /><ent r="3" t="47" w="20" /><ent r="3" t="47" w="30" /><ent r="3" t="47" w="30" /><ent r="4" t="48" w="44" /><ent r="3" t="48" w="161" /><ent r="3" t="48" w="161" /><ent r="3" t="48" w="207" /></phr><phr n="workflows"><ent r="6" t="7" w="1449" /><ent r="6" t="7" w="1449" /><ent r="3" t="48" w="181" /><ent r="3" t="48" w="181" /><ent r="3" t="48" w="270" /><ent r="3" t="48" w="270" /></phr><phr n="workflow"><ent r="7" t="17" w="5103" /><ent r="7" t="17" w="5116" /><ent r="7" t="17" w="5130" /><ent r="7" t="17" w="5144" /><ent r="7" t="17" w="6425" /><ent r="3" t="45" w="358" /><ent r="3" t="45" w="358" /><ent r="4" t="46" w="129" /><ent r="4" t="46" w="129" /><ent r="4" t="46" w="144" /><ent r="4" t="46" w="144" /><ent r="4" t="46" w="148" /><ent r="4" t="46" w="148" /><ent r="3" t="48" w="222" /><ent r="3" t="48" w="233" /><ent r="3" t="48" w="233" /><ent r="3" t="48" w="302" /><ent r="3" t="48" w="302" /><ent r="3" t="48" w="321" /><ent r="3" t="48" w="321" /><ent r="3" t="48" w="340" /><ent r="3" t="48" w="340" /><ent r="3" t="48" w="372" /><ent r="3" t="48" w="372" /></phr><phr n="Workflows"><ent r="64" t="23" w="145" /></phr></stem><stem n="subgroup"><phr n="subgroups"><ent r="6" t="7" w="1291" /><ent r="6" t="7" w="1299" /><ent r="3" t="40" w="115" /><ent r="3" t="40" w="115" /></phr><phr n="Subgroup"><ent r="8" t="17" w="3835" /><ent r="8" t="17" w="3835" /><ent r="8" t="17" w="4048" /><ent r="8" t="17" w="4048" /></phr><phr n="Subgroups"><ent r="3" t="40" w="124" /></phr></stem><stem n="sync"><phr n="Sync"><ent r="6" t="7" w="1307" /><ent r="6" t="7" w="1307" /><ent r="6" t="7" w="1316" /><ent r="6" t="7" w="1316" /><ent r="6" t="7" w="1325" /><ent r="6" t="7" w="1325" /><ent r="3" t="24" w="193" /><ent r="3" t="24" w="193" /><ent r="3" t="24" w="210" /><ent r="3" t="24" w="210" /><ent r="3" t="24" w="241" /><ent r="3" t="24" w="241" /><ent r="3" t="24" w="255" /><ent r="3" t="24" w="255" /><ent r="3" t="24" w="264" /><ent r="3" t="24" w="264" /><ent r="4" t="24" w="269" /><ent r="4" t="24" w="269" /><ent r="4" t="24" w="293" /><ent r="4" t="24" w="293" /><ent r="4" t="24" w="313" /><ent r="4" t="24" w="313" /><ent r="3" t="24" w="330" /><ent r="3" t="24" w="330" /><ent r="3" t="24" w="362" /><ent r="3" t="24" w="362" /><ent r="3" t="24" w="416" /><ent r="3" t="24" w="416" /><ent r="3" t="24" w="444" /><ent r="3" t="24" w="444" /><ent r="3" t="24" w="455" /><ent r="3" t="24" w="455" /><ent r="3" t="49" w="54" /><ent r="3" t="49" w="54" /><ent r="3" t="49" w="74" /><ent r="3" t="49" w="74" /><ent r="3" t="49" w="78" /><ent r="3" t="49" w="78" /><ent r="3" t="49" w="111" /><ent r="3" t="49" w="111" /><ent r="3" t="49" w="125" /><ent r="3" t="49" w="125" /><ent r="92" t="50" w="19" /><ent r="92" t="50" w="19" /><ent r="3" t="50" w="22" /><ent r="3" t="50" w="22" /><ent r="3" t="50" w="129" /><ent r="3" t="50" w="129" /><ent r="92" t="50" w="152" /><ent r="92" t="50" w="152" /><ent r="3" t="50" w="155" /><ent r="3" t="50" w="155" /><ent r="3" t="50" w="251" /><ent r="3" t="50" w="251" /><ent r="92" t="50" w="297" /><ent r="92" t="50" w="297" /><ent r="3" t="50" w="301" /><ent r="3" t="50" w="301" /><ent r="92" t="50" w="330" /><ent r="92" t="50" w="330" /><ent r="3" t="50" w="333" /><ent r="3" t="50" w="333" /><ent r="92" t="50" w="366" /><ent r="92" t="50" w="366" /><ent r="3" t="50" w="369" /><ent r="3" t="50" w="369" /><ent r="92" t="50" w="414" /><ent r="92" t="50" w="414" /><ent r="3" t="50" w="417" /><ent r="3" t="50" w="417" /></phr><phr n="Syncs"><ent r="7" t="17" w="6272" /><ent r="7" t="17" w="6272" /></phr><phr n="sync"><ent r="3" t="24" w="37" /><ent r="3" t="24" w="37" /><ent r="3" t="24" w="79" /><ent r="3" t="24" w="79" /><ent r="3" t="24" w="90" /><ent r="3" t="24" w="90" /><ent r="3" t="24" w="358" /><ent r="3" t="24" w="358" /><ent r="3" t="24" w="368" /><ent r="3" t="24" w="368" /><ent r="3" t="35" w="317" /></phr></stem><stem n="layout"><phr n="layouts"><ent r="6" t="7" w="1337" /><ent r="6" t="7" w="1337" /><ent r="4" t="15" w="555" /><ent r="4" t="15" w="724" /><ent r="4" t="15" w="724" /><ent r="3" t="36" w="48" /><ent r="3" t="36" w="48" /><ent r="3" t="36" w="69" /><ent r="3" t="36" w="69" /><ent r="3" t="38" w="199" /></phr><phr n="Layout"><ent r="6" t="7" w="1342" /><ent r="7" t="17" w="970" /><ent r="7" t="17" w="970" /><ent r="3" t="68" w="77" /><ent r="3" t="68" w="77" /></phr><phr n="Layouts"><ent r="4" t="15" w="541" /><ent r="4" t="15" w="541" /><ent r="4" t="15" w="548" /><ent r="4" t="15" w="548" /><ent r="5" t="15" w="718" /><ent r="5" t="15" w="718" /><ent r="4" t="15" w="721" /><ent r="4" t="15" w="721" /><ent r="7" t="17" w="5956" /><ent r="7" t="17" w="5956" /><ent r="3" t="61" w="37" /><ent r="3" t="63" w="86" /><ent r="3" t="63" w="92" /><ent r="3" t="63" w="99" /><ent r="4" t="77" w="158" /><ent r="4" t="78" w="165" /></phr><phr n="layout"><ent r="6" t="16" w="195" /><ent r="6" t="16" w="195" /><ent r="6" t="16" w="200" /><ent r="6" t="16" w="200" /><ent r="6" t="16" w="205" /><ent r="6" t="16" w="205" /><ent r="3" t="37" w="117" /><ent r="3" t="37" w="117" /><ent r="3" t="37" w="304" /><ent r="3" t="37" w="304" /><ent r="3" t="38" w="215" /><ent r="3" t="38" w="215" /><ent r="3" t="68" w="41" /><ent r="4" t="82" w="183" /><ent r="4" t="82" w="183" /></phr></stem><stem n="design"><phr n="Designer"><ent r="6" t="7" w="1341" /><ent r="3" t="36" w="52" /><ent r="5" t="37" w="186" /><ent r="3" t="45" w="196" /><ent r="3" t="45" w="196" /><ent r="4" t="48" w="56" /><ent r="4" t="48" w="56" /><ent r="3" t="68" w="78" /></phr><phr n="designed"><ent r="5" t="14" w="92" /><ent r="5" t="14" w="92" /><ent r="5" t="14" w="120" /><ent r="5" t="14" w="120" /><ent r="3" t="18" w="11" /><ent r="3" t="18" w="11" /><ent r="4" t="18" w="54" /><ent r="4" t="18" w="54" /><ent r="3" t="26" w="136" /><ent r="3" t="26" w="136" /></phr><phr n="Design"><ent r="7" t="17" w="5955" /><ent r="7" t="17" w="5955" /><ent r="4" t="48" w="61" /><ent r="4" t="82" w="174" /></phr><phr n="designated"><ent r="3" t="24" w="300" /><ent r="3" t="24" w="300" /><ent r="3" t="24" w="342" /><ent r="3" t="24" w="342" /><ent r="3" t="50" w="94" /><ent r="3" t="50" w="94" /></phr><phr n="design"><ent r="3" t="37" w="40" /><ent r="3" t="37" w="40" /><ent r="3" t="39" w="13" /><ent r="3" t="39" w="13" /><ent r="3" t="39" w="22" /><ent r="3" t="39" w="118" /><ent r="3" t="39" w="118" /><ent r="3" t="39" w="143" /><ent r="3" t="39" w="143" /><ent r="3" t="48" w="15" /><ent r="3" t="48" w="15" /><ent r="3" t="48" w="24" /><ent r="3" t="48" w="124" /><ent r="3" t="48" w="124" /><ent r="3" t="48" w="177" /><ent r="3" t="48" w="177" /><ent r="3" t="48" w="266" /><ent r="3" t="48" w="266" /><ent r="3" t="48" w="336" /><ent r="3" t="48" w="336" /></phr><phr n="designer"><ent r="3" t="37" w="92" /><ent r="3" t="37" w="92" /><ent r="4" t="37" w="191" /><ent r="4" t="37" w="191" /><ent r="3" t="37" w="305" /><ent r="4" t="38" w="44" /><ent r="4" t="38" w="44" /><ent r="4" t="48" w="65" /><ent r="4" t="48" w="65" /><ent r="4" t="48" w="77" /><ent r="4" t="48" w="77" /><ent r="4" t="48" w="89" /><ent r="4" t="48" w="89" /><ent r="4" t="82" w="184" /></phr><phr n="designable"><ent r="3" t="44" w="54" /><ent r="3" t="44" w="54" /></phr></stem></index>