<?xml version="1.0" encoding="utf-8"?><index><stem n="variabl"><phr n="variables"><ent r="6" t="5" w="55" /><ent r="6" t="5" w="55" /></phr><phr n="Variables"><ent r="6" t="75" w="72" /><ent r="6" t="75" w="72" /></phr></stem><stem n="element"><phr n="elements"><ent r="6" t="5" w="58" /><ent r="6" t="5" w="69" /><ent r="6" t="5" w="111" /><ent r="3" t="22" w="31" /><ent r="3" t="22" w="31" /><ent r="4" t="37" w="469" /></phr></stem><stem n="public"><phr n="Public"><ent r="6" t="5" w="60" /><ent r="6" t="5" w="60" /><ent r="7" t="17" w="3591" /><ent r="7" t="17" w="3591" /><ent r="8" t="17" w="3898" /><ent r="8" t="17" w="3898" /><ent r="8" t="17" w="4111" /><ent r="8" t="17" w="4111" /><ent r="7" t="17" w="4281" /><ent r="7" t="17" w="4281" /><ent r="7" t="17" w="4552" /><ent r="7" t="17" w="4552" /><ent r="7" t="17" w="4695" /><ent r="7" t="17" w="4695" /></phr><phr n="public"><ent r="6" t="7" w="563" /><ent r="6" t="7" w="563" /><ent r="3" t="13" w="125" /><ent r="3" t="13" w="125" /><ent r="3" t="28" w="326" /><ent r="3" t="28" w="326" /><ent r="3" t="28" w="367" /><ent r="3" t="28" w="367" /><ent r="3" t="28" w="374" /><ent r="3" t="28" w="374" /><ent r="3" t="28" w="517" /><ent r="3" t="28" w="517" /><ent r="3" t="28" w="529" /><ent r="3" t="28" w="529" /><ent r="3" t="31" w="751" /><ent r="3" t="31" w="751" /><ent r="3" t="31" w="819" /><ent r="3" t="31" w="819" /><ent r="3" t="34" w="155" /><ent r="3" t="34" w="155" /><ent r="3" t="53" w="105" /><ent r="3" t="53" w="105" /><ent r="4" t="65" w="472" /><ent r="4" t="65" w="472" /></phr></stem><stem n="bold"><phr n="Bold"><ent r="6" t="5" w="63" /><ent r="6" t="5" w="63" /></phr></stem><stem n="predefin"><phr n="predefined"><ent r="6" t="5" w="67" /><ent r="6" t="5" w="67" /><ent r="3" t="13" w="108" /><ent r="3" t="13" w="108" /></phr></stem><stem n="namespac"><phr n="namespaces"><ent r="6" t="5" w="71" /><ent r="3" t="82" w="20" /><ent r="4" t="82" w="62" /><ent r="4" t="82" w="62" /><ent r="5" t="82" w="232" /><ent r="5" t="82" w="232" /></phr><phr n="namespace"><ent r="3" t="35" w="81" /><ent r="3" t="35" w="81" /><ent r="3" t="36" w="152" /><ent r="3" t="42" w="54" /><ent r="3" t="42" w="54" /><ent r="4" t="46" w="121" /><ent r="4" t="46" w="161" /><ent r="3" t="60" w="39" /></phr><phr n="Namespaces"><ent r="92" t="82" w="26" /><ent r="92" t="82" w="26" /><ent r="92" t="82" w="194" /><ent r="92" t="82" w="194" /></phr></stem><stem n="deleg"><phr n="delegates"><ent r="6" t="5" w="73" /></phr></stem><stem n="object"><phr n="objects"><ent r="6" t="5" w="74" /><ent r="3" t="24" w="172" /><ent r="3" t="24" w="172" /><ent r="4" t="25" w="368" /><ent r="4" t="25" w="368" /><ent r="3" t="26" w="122" /><ent r="3" t="26" w="122" /><ent r="3" t="28" w="270" /><ent r="3" t="28" w="270" /><ent r="3" t="31" w="61" /><ent r="3" t="31" w="61" /><ent r="3" t="31" w="65" /><ent r="3" t="34" w="369" /><ent r="3" t="34" w="369" /><ent r="3" t="44" w="28" /><ent r="3" t="44" w="28" /></phr><phr n="object"><ent r="3" t="25" w="123" /><ent r="3" t="25" w="123" /><ent r="3" t="26" w="78" /><ent r="3" t="26" w="78" /><ent r="3" t="26" w="113" /><ent r="3" t="26" w="113" /><ent r="3" t="26" w="147" /><ent r="3" t="26" w="147" /><ent r="3" t="27" w="34" /><ent r="3" t="27" w="34" /><ent r="3" t="27" w="363" /><ent r="3" t="27" w="363" /><ent r="3" t="27" w="404" /><ent r="3" t="27" w="404" /><ent r="3" t="27" w="460" /><ent r="3" t="27" w="460" /><ent r="3" t="27" w="616" /><ent r="3" t="27" w="616" /><ent r="3" t="28" w="362" /><ent r="92" t="31" w="21" /><ent r="92" t="31" w="21" /><ent r="3" t="31" w="76" /><ent r="3" t="31" w="76" /><ent r="3" t="31" w="176" /><ent r="3" t="31" w="176" /><ent r="3" t="31" w="207" /><ent r="3" t="31" w="207" /><ent r="3" t="31" w="217" /><ent r="3" t="31" w="416" /><ent r="3" t="31" w="416" /><ent r="3" t="31" w="450" /><ent r="3" t="31" w="594" /><ent r="3" t="31" w="594" /><ent r="3" t="31" w="682" /><ent r="3" t="31" w="682" /><ent r="3" t="31" w="697" /><ent r="3" t="31" w="697" /><ent r="3" t="32" w="71" /><ent r="3" t="34" w="100" /><ent r="3" t="34" w="100" /><ent r="3" t="34" w="431" /><ent r="3" t="35" w="262" /><ent r="3" t="35" w="262" /><ent r="3" t="35" w="271" /><ent r="3" t="35" w="271" /><ent r="3" t="35" w="286" /><ent r="3" t="35" w="459" /><ent r="3" t="35" w="459" /><ent r="3" t="38" w="285" /><ent r="3" t="38" w="285" /><ent r="3" t="38" w="299" /><ent r="3" t="38" w="299" /><ent r="3" t="38" w="367" /><ent r="3" t="38" w="367" /><ent r="3" t="50" w="50" /><ent r="3" t="50" w="50" /><ent r="3" t="50" w="83" /><ent r="3" t="50" w="98" /><ent r="3" t="50" w="98" /><ent r="3" t="50" w="174" /><ent r="3" t="50" w="266" /><ent r="3" t="65" w="45" /><ent r="3" t="65" w="45" /><ent r="3" t="71" w="22" /><ent r="3" t="71" w="22" /></phr><phr n="Object"><ent r="3" t="44" w="12" /><ent r="3" t="44" w="12" /></phr><phr n="Objects"><ent r="3" t="72" w="63" /><ent r="3" t="72" w="63" /><ent r="3" t="72" w="76" /><ent r="3" t="72" w="76" /></phr></stem><stem n="macro"><phr n="macros"><ent r="6" t="5" w="78" /></phr></stem><stem n="constructor"><phr n="constructors"><ent r="6" t="5" w="80" /></phr><phr n="constructor"><ent r="3" t="27" w="719" /><ent r="3" t="27" w="719" /><ent r="3" t="28" w="311" /><ent r="3" t="28" w="327" /><ent r="3" t="28" w="327" /><ent r="3" t="28" w="342" /><ent r="3" t="28" w="342" /><ent r="3" t="28" w="357" /><ent r="3" t="28" w="357" /><ent r="3" t="62" w="112" /><ent r="3" t="62" w="112" /></phr></stem><stem n="properti"><phr n="properties"><ent r="6" t="5" w="81" /><ent r="4" t="19" w="178" /><ent r="4" t="20" w="141" /><ent r="4" t="21" w="108" /><ent r="4" t="22" w="59" /><ent r="3" t="29" w="21" /><ent r="3" t="29" w="21" /><ent r="3" t="39" w="307" /><ent r="3" t="39" w="307" /><ent r="4" t="41" w="150" /><ent r="4" t="41" w="150" /><ent r="3" t="49" w="145" /><ent r="3" t="49" w="145" /><ent r="4" t="54" w="65" /><ent r="4" t="54" w="70" /><ent r="5" t="54" w="161" /><ent r="5" t="54" w="181" /><ent r="5" t="54" w="181" /></phr><phr n="property"><ent r="3" t="25" w="82" /><ent r="3" t="25" w="82" /><ent r="3" t="25" w="88" /><ent r="3" t="25" w="88" /><ent r="3" t="25" w="117" /><ent r="3" t="25" w="117" /><ent r="3" t="25" w="237" /><ent r="3" t="25" w="237" /><ent r="3" t="26" w="74" /><ent r="3" t="26" w="74" /><ent r="3" t="26" w="81" /><ent r="3" t="26" w="81" /><ent r="3" t="27" w="28" /><ent r="3" t="27" w="28" /><ent r="3" t="27" w="582" /><ent r="3" t="27" w="582" /><ent r="3" t="31" w="212" /><ent r="3" t="31" w="212" /><ent r="3" t="31" w="446" /><ent r="3" t="31" w="446" /><ent r="3" t="31" w="453" /><ent r="3" t="31" w="453" /><ent r="3" t="31" w="812" /><ent r="3" t="32" w="67" /><ent r="3" t="32" w="67" /><ent r="3" t="34" w="363" /><ent r="3" t="34" w="363" /><ent r="3" t="34" w="373" /><ent r="3" t="34" w="373" /><ent r="3" t="35" w="161" /><ent r="3" t="35" w="192" /><ent r="3" t="35" w="192" /><ent r="3" t="35" w="207" /><ent r="3" t="35" w="207" /><ent r="3" t="35" w="267" /><ent r="3" t="35" w="267" /><ent r="3" t="35" w="282" /><ent r="3" t="35" w="282" /><ent r="3" t="35" w="347" /><ent r="3" t="35" w="347" /><ent r="3" t="35" w="394" /><ent r="3" t="35" w="394" /><ent r="3" t="35" w="443" /><ent r="3" t="35" w="443" /><ent r="3" t="35" w="562" /><ent r="3" t="35" w="562" /><ent r="3" t="38" w="396" /><ent r="3" t="38" w="396" /><ent r="3" t="38" w="409" /><ent r="3" t="38" w="409" /><ent r="4" t="53" w="54" /><ent r="4" t="53" w="54" /><ent r="3" t="61" w="64" /><ent r="3" t="61" w="64" /><ent r="4" t="61" w="188" /><ent r="4" t="63" w="153" /><ent r="3" t="64" w="40" /><ent r="3" t="64" w="40" /><ent r="3" t="65" w="33" /><ent r="3" t="65" w="33" /><ent r="3" t="72" w="113" /><ent r="3" t="72" w="113" /><ent r="7" t="81" w="87" /><ent r="7" t="81" w="87" /><ent r="7" t="81" w="96" /><ent r="7" t="81" w="109" /><ent r="7" t="81" w="109" /></phr><phr n="Properties"><ent r="4" t="65" w="66" /><ent r="4" t="65" w="66" /><ent r="4" t="65" w="113" /><ent r="4" t="65" w="113" /><ent r="3" t="65" w="511" /><ent r="3" t="65" w="511" /></phr><phr n="Property"><ent r="7" t="81" w="139" /><ent r="7" t="81" w="142" /></phr></stem><stem n="enumer"><phr n="enumerations"><ent r="6" t="5" w="83" /></phr><phr n="enumeration"><ent r="3" t="27" w="233" /><ent r="3" t="27" w="233" /><ent r="3" t="31" w="330" /><ent r="3" t="31" w="330" /><ent r="3" t="31" w="351" /><ent r="3" t="31" w="351" /><ent r="3" t="31" w="363" /><ent r="3" t="31" w="363" /><ent r="3" t="31" w="825" /><ent r="3" t="35" w="495" /><ent r="3" t="35" w="495" /></phr><phr n="enumerate"><ent r="3" t="39" w="323" /><ent r="3" t="39" w="323" /></phr><phr n="Enumerate"><ent r="5" t="59" w="152" /><ent r="5" t="59" w="152" /></phr></stem><stem n="statement"><phr n="statements"><ent r="6" t="5" w="86" /></phr></stem><stem n="direct"><phr n="directives"><ent r="6" t="5" w="87" /><ent r="6" t="5" w="113" /></phr><phr n="direct"><ent r="3" t="49" w="110" /><ent r="3" t="49" w="110" /><ent r="3" t="68" w="240" /><ent r="3" t="68" w="240" /><ent r="3" t="69" w="307" /><ent r="3" t="69" w="307" /></phr></stem><stem n="non-html"><phr n="non-HTML"><ent r="6" t="5" w="92" /><ent r="6" t="5" w="92" /></phr></stem><stem n="html"><phr n="HTML"><ent r="6" t="5" w="93" /><ent r="6" t="5" w="110" /><ent r="6" t="5" w="110" /><ent r="6" t="5" w="156" /><ent r="6" t="5" w="156" /></phr></stem><stem n="attribut"><phr n="attributes"><ent r="6" t="5" w="94" /><ent r="6" t="5" w="112" /><ent r="3" t="37" w="155" /><ent r="3" t="39" w="212" /><ent r="3" t="39" w="212" /><ent r="3" t="39" w="233" /><ent r="3" t="39" w="233" /><ent r="3" t="39" w="269" /><ent r="3" t="39" w="269" /><ent r="3" t="39" w="482" /><ent r="3" t="39" w="482" /><ent r="3" t="39" w="496" /><ent r="3" t="39" w="496" /><ent r="3" t="48" w="435" /><ent r="3" t="48" w="435" /><ent r="3" t="48" w="450" /><ent r="3" t="48" w="450" /></phr><phr n="attribute"><ent r="4" t="39" w="44" /><ent r="4" t="39" w="44" /><ent r="4" t="48" w="52" /><ent r="4" t="48" w="52" /><ent r="4" t="48" w="70" /><ent r="4" t="48" w="70" /><ent r="4" t="48" w="82" /><ent r="4" t="48" w="82" /></phr></stem><stem n="configur"><phr n="configuration"><ent r="6" t="5" w="96" /><ent r="6" t="5" w="96" /><ent r="3" t="37" w="124" /><ent r="3" t="37" w="124" /><ent r="4" t="37" w="139" /><ent r="4" t="37" w="139" /><ent r="3" t="37" w="395" /><ent r="3" t="37" w="395" /><ent r="3" t="39" w="228" /><ent r="3" t="39" w="228" /><ent r="3" t="39" w="349" /><ent r="3" t="39" w="349" /></phr><phr n="configures"><ent r="3" t="37" w="142" /><ent r="3" t="37" w="142" /></phr><phr n="configured"><ent r="3" t="38" w="382" /><ent r="3" t="38" w="382" /><ent r="3" t="39" w="224" /><ent r="3" t="39" w="224" /></phr><phr n="Configurable"><ent r="92" t="39" w="201" /><ent r="92" t="39" w="201" /></phr><phr n="configurable"><ent r="3" t="39" w="205" /><ent r="3" t="39" w="205" /><ent r="3" t="39" w="296" /><ent r="3" t="39" w="296" /><ent r="3" t="39" w="377" /><ent r="3" t="39" w="377" /></phr></stem><stem n="tag"><phr n="tags"><ent r="6" t="5" w="97" /></phr><phr n="tagged"><ent r="3" t="34" w="177" /><ent r="3" t="34" w="177" /><ent r="3" t="34" w="203" /><ent r="3" t="34" w="203" /></phr><phr n="tag"><ent r="3" t="34" w="182" /><ent r="3" t="34" w="182" /></phr></stem><stem n="well"><phr n="well"><ent r="6" t="5" w="99" /><ent r="6" t="5" w="99" /><ent r="3" t="13" w="57" /><ent r="3" t="13" w="57" /><ent r="5" t="14" w="133" /><ent r="5" t="14" w="133" /><ent r="3" t="27" w="534" /><ent r="3" t="27" w="534" /><ent r="3" t="27" w="791" /><ent r="3" t="31" w="777" /><ent r="3" t="35" w="45" /><ent r="3" t="35" w="45" /><ent r="3" t="61" w="419" /><ent r="3" t="61" w="419" /><ent r="3" t="63" w="283" /><ent r="3" t="63" w="283" /></phr></stem><stem n="registri"><phr n="registry"><ent r="6" t="5" w="101" /><ent r="6" t="5" w="101" /></phr></stem><stem n="kei"><phr n="keys"><ent r="6" t="5" w="102" /><ent r="6" t="5" w="194" /><ent r="6" t="5" w="205" /><ent r="6" t="5" w="205" /><ent r="6" t="7" w="1224" /><ent r="6" t="7" w="1233" /><ent r="6" t="73" w="187" /><ent r="6" t="73" w="187" /><ent r="6" t="73" w="337" /><ent r="6" t="73" w="337" /></phr><phr n="key"><ent r="6" t="5" w="207" /><ent r="6" t="5" w="207" /><ent r="3" t="34" w="223" /></phr><phr n="Key"><ent r="6" t="73" w="166" /><ent r="6" t="73" w="166" /><ent r="6" t="73" w="260" /><ent r="6" t="73" w="260" /></phr></stem><stem n="subkei"><phr n="subkeys"><ent r="6" t="5" w="103" /></phr></stem><stem n="valu"><phr n="values"><ent r="6" t="5" w="105" /><ent r="6" t="5" w="115" /><ent r="6" t="5" w="179" /><ent r="3" t="31" w="199" /><ent r="3" t="31" w="199" /><ent r="92" t="31" w="387" /><ent r="92" t="31" w="387" /><ent r="3" t="32" w="36" /><ent r="3" t="32" w="36" /><ent r="3" t="32" w="50" /><ent r="3" t="32" w="50" /><ent r="5" t="54" w="158" /><ent r="5" t="54" w="158" /><ent r="3" t="64" w="66" /><ent r="3" t="64" w="66" /><ent r="6" t="75" w="102" /><ent r="6" t="75" w="102" /><ent r="6" t="75" w="124" /><ent r="6" t="75" w="124" /><ent r="6" t="75" w="158" /><ent r="6" t="75" w="158" /><ent r="6" t="75" w="175" /><ent r="6" t="75" w="175" /><ent r="6" t="75" w="192" /><ent r="6" t="75" w="192" /><ent r="6" t="75" w="209" /><ent r="6" t="75" w="209" /><ent r="6" t="75" w="258" /><ent r="6" t="75" w="258" /><ent r="6" t="75" w="271" /><ent r="6" t="75" w="271" /><ent r="6" t="75" w="313" /><ent r="6" t="75" w="313" /><ent r="6" t="75" w="330" /><ent r="6" t="75" w="330" /><ent r="6" t="75" w="348" /><ent r="6" t="75" w="348" /></phr><phr n="value"><ent r="3" t="31" w="422" /><ent r="3" t="31" w="422" /><ent r="3" t="31" w="426" /><ent r="3" t="31" w="426" /><ent r="3" t="31" w="437" /><ent r="3" t="31" w="437" /><ent r="3" t="31" w="478" /><ent r="3" t="31" w="478" /><ent r="3" t="31" w="504" /><ent r="3" t="31" w="504" /><ent r="3" t="35" w="529" /><ent r="3" t="35" w="529" /><ent r="3" t="35" w="554" /><ent r="3" t="35" w="554" /><ent r="3" t="45" w="60" /><ent r="3" t="45" w="60" /><ent r="6" t="75" w="30" /><ent r="6" t="75" w="30" /><ent r="6" t="75" w="37" /><ent r="6" t="75" w="37" /><ent r="6" t="75" w="54" /><ent r="6" t="75" w="54" /><ent r="6" t="75" w="83" /><ent r="6" t="75" w="83" /><ent r="6" t="75" w="230" /><ent r="6" t="75" w="230" /><ent r="6" t="75" w="240" /><ent r="6" t="75" w="240" /><ent r="6" t="75" w="370" /><ent r="6" t="75" w="370" /><ent r="6" t="75" w="380" /><ent r="6" t="75" w="380" /></phr></stem><stem n="header"><phr n="headers"><ent r="6" t="5" w="117" /></phr><phr n="header"><ent r="3" t="39" w="178" /></phr></stem><stem n="command-lin"><phr n="command-line"><ent r="6" t="5" w="126" /><ent r="6" t="5" w="126" /><ent r="6" t="5" w="174" /><ent r="6" t="5" w="174" /></phr></stem><stem n="exactli"><phr n="exactly"><ent r="6" t="5" w="133" /><ent r="6" t="5" w="133" /></phr></stem><stem n="shown"><phr n="shown"><ent r="6" t="5" w="135" /><ent r="3" t="27" w="659" /><ent r="3" t="27" w="659" /><ent r="3" t="29" w="387" /><ent r="3" t="29" w="387" /><ent r="3" t="38" w="478" /><ent r="3" t="39" w="343" /><ent r="3" t="39" w="343" /></phr></stem><stem n="resolv"><phr n="Resolve"><ent r="7" t="5" w="141" /><ent r="7" t="5" w="141" /></phr></stem><stem n="ital"><phr n="Italic"><ent r="6" t="5" w="145" /><ent r="6" t="5" w="145" /></phr></stem><stem n="placehold"><phr n="placeholders"><ent r="6" t="5" w="148" /><ent r="6" t="5" w="157" /><ent r="6" t="5" w="159" /><ent r="6" t="5" w="159" /></phr></stem><stem n="repres"><phr n="represent"><ent r="6" t="5" w="160" /><ent r="6" t="5" w="160" /><ent r="3" t="27" w="369" /><ent r="3" t="27" w="369" /></phr><phr n="represents"><ent r="3" t="28" w="297" /><ent r="3" t="28" w="297" /><ent r="3" t="31" w="78" /><ent r="3" t="31" w="78" /><ent r="6" t="75" w="90" /><ent r="6" t="75" w="90" /></phr><phr n="representing"><ent r="6" t="73" w="275" /><ent r="6" t="73" w="275" /><ent r="6" t="73" w="316" /><ent r="6" t="73" w="316" /><ent r="6" t="75" w="101" /><ent r="6" t="75" w="101" /><ent r="6" t="75" w="123" /><ent r="6" t="75" w="123" /><ent r="6" t="75" w="152" /><ent r="6" t="75" w="152" /><ent r="6" t="75" w="169" /><ent r="6" t="75" w="169" /><ent r="6" t="75" w="186" /><ent r="6" t="75" w="186" /><ent r="6" t="75" w="203" /><ent r="6" t="75" w="203" /><ent r="6" t="75" w="252" /><ent r="6" t="75" w="252" /><ent r="6" t="75" w="270" /><ent r="6" t="75" w="270" /><ent r="6" t="75" w="297" /><ent r="6" t="75" w="297" /><ent r="6" t="75" w="307" /><ent r="6" t="75" w="307" /><ent r="6" t="75" w="324" /><ent r="6" t="75" w="324" /><ent r="6" t="75" w="342" /><ent r="6" t="75" w="342" /></phr></stem><stem n="suppli"><phr n="supplied"><ent r="6" t="5" w="165" /><ent r="6" t="5" w="165" /><ent r="3" t="27" w="532" /><ent r="3" t="27" w="532" /><ent r="3" t="39" w="58" /><ent r="3" t="39" w="58" /><ent r="3" t="48" w="97" /><ent r="3" t="48" w="97" /></phr><phr n="supply"><ent r="3" t="27" w="187" /><ent r="3" t="27" w="187" /></phr></stem><stem n="context"><phr n="context"><ent r="7" t="5" w="181" /><ent r="7" t="5" w="181" /><ent r="3" t="48" w="236" /><ent r="3" t="48" w="236" /></phr></stem><stem n="combin"><phr n="combination"><ent r="6" t="5" w="192" /><ent r="6" t="5" w="192" /><ent r="3" t="50" w="195" /></phr><phr n="combined"><ent r="3" t="14" w="236" /><ent r="3" t="14" w="236" /></phr><phr n="combine"><ent r="7" t="17" w="6189" /><ent r="7" t="17" w="6189" /></phr></stem><stem n="alt+f1"><phr n="ALT+F1"><ent r="6" t="5" w="196" /><ent r="6" t="5" w="196" /></phr></stem><stem n="capit"><phr n="CAPITAL"><ent r="6" t="5" w="198" /><ent r="6" t="5" w="198" /></phr><phr n="capital"><ent r="6" t="73" w="157" /><ent r="6" t="73" w="157" /></phr></stem><stem n="letter"><phr n="LETTERS"><ent r="6" t="5" w="199" /><ent r="6" t="5" w="199" /></phr><phr n="letters"><ent r="4" t="15" w="528" /><ent r="4" t="15" w="643" /><ent r="4" t="15" w="670" /><ent r="4" t="15" w="670" /><ent r="4" t="15" w="705" /><ent r="6" t="73" w="56" /><ent r="6" t="73" w="56" /><ent r="6" t="73" w="181" /><ent r="6" t="73" w="331" /><ent r="4" t="77" w="175" /></phr><phr n="Letter"><ent r="6" t="16" w="179" /><ent r="6" t="16" w="179" /><ent r="7" t="17" w="5316" /><ent r="7" t="17" w="5316" /><ent r="7" t="17" w="5381" /></phr><phr n="letter"><ent r="7" t="17" w="5325" /><ent r="7" t="17" w="5325" /><ent r="6" t="73" w="158" /><ent r="6" t="73" w="158" /><ent r="4" t="77" w="48" /></phr></stem><stem n="sequenc"><phr n="sequences"><ent r="6" t="5" w="208" /></phr><phr n="sequence"><ent r="3" t="45" w="21" /><ent r="3" t="45" w="21" /><ent r="3" t="45" w="74" /><ent r="3" t="45" w="74" /><ent r="3" t="46" w="22" /><ent r="3" t="46" w="22" /><ent r="3" t="48" w="132" /><ent r="3" t="48" w="132" /></phr></stem><stem n="bracket"><phr n="Brackets"><ent r="6" t="5" w="212" /></phr></stem><stem n="languag"><phr n="language"><ent r="6" t="5" w="217" /><ent r="3" t="24" w="137" /><ent r="3" t="24" w="137" /></phr><phr n="Language"><ent r="3" t="24" w="135" /></phr></stem><stem n="outsid"><phr n="outside"><ent r="6" t="5" w="228" /><ent r="6" t="5" w="228" /><ent r="4" t="69" w="385" /><ent r="4" t="69" w="385" /></phr></stem><stem n="site"><phr n="site"><ent r="6" t="5" w="230" /></phr></stem><stem n="uint"><phr n="UInt"><ent r="100" t="6" w="4" /><ent r="100" t="6" w="4" /><ent r="100" t="74" w="4" /><ent r="100" t="74" w="4" /><ent r="6" t="75" w="336" /><ent r="6" t="75" w="336" /></phr></stem><stem n="sbyte"><phr n="SByte"><ent r="100" t="6" w="8" /><ent r="100" t="6" w="8" /><ent r="100" t="74" w="8" /><ent r="100" t="74" w="8" /><ent r="6" t="75" w="247" /><ent r="6" t="75" w="247" /></phr></stem><stem n="throughout"><phr n="throughout"><ent r="3" t="6" w="22" /><ent r="3" t="6" w="22" /><ent r="3" t="74" w="22" /><ent r="3" t="74" w="22" /></phr></stem><stem n="sql"><phr n="SQL"><ent r="64" t="6" w="42" /><ent r="64" t="6" w="42" /><ent r="5" t="6" w="58" /><ent r="5" t="6" w="58" /><ent r="3" t="9" w="80" /><ent r="3" t="9" w="80" /><ent r="4" t="15" w="437" /><ent r="4" t="15" w="437" /><ent r="4" t="24" w="131" /><ent r="4" t="24" w="131" /><ent r="3" t="24" w="167" /><ent r="3" t="24" w="167" /><ent r="3" t="50" w="305" /><ent r="3" t="50" w="305" /><ent r="3" t="50" w="336" /><ent r="3" t="50" w="336" /><ent r="3" t="50" w="372" /><ent r="3" t="50" w="372" /><ent r="3" t="72" w="88" /><ent r="3" t="72" w="88" /><ent r="64" t="74" w="42" /><ent r="64" t="74" w="42" /><ent r="6" t="74" w="58" /><ent r="6" t="74" w="58" /><ent r="1000" t="75" w="1" /><ent r="1000" t="75" w="1" /><ent r="100" t="75" w="7" /><ent r="100" t="75" w="7" /><ent r="102" t="75" w="9" /><ent r="102" t="75" w="9" /><ent r="3" t="75" w="16" /><ent r="3" t="75" w="16" /></phr><phr n="sql"><ent r="3" t="43" w="75" /><ent r="3" t="43" w="75" /></phr></stem><stem n="annual"><phr n="Annual"><ent r="6" t="6" w="66" /><ent r="6" t="6" w="66" /><ent r="6" t="73" w="29" /><ent r="6" t="73" w="29" /><ent r="6" t="74" w="66" /><ent r="6" t="74" w="66" /></phr><phr n="annual"><ent r="6" t="7" w="274" /><ent r="6" t="7" w="274" /><ent r="6" t="7" w="283" /><ent r="6" t="7" w="283" /><ent r="6" t="7" w="292" /><ent r="6" t="7" w="292" /></phr></stem><stem n="datetim"><phr n="DATETIME"><ent r="6" t="6" w="69" /><ent r="6" t="6" w="69" /><ent r="6" t="6" w="103" /><ent r="6" t="6" w="103" /><ent r="6" t="6" w="110" /><ent r="6" t="6" w="110" /><ent r="6" t="6" w="161" /><ent r="6" t="6" w="161" /><ent r="6" t="6" w="220" /><ent r="6" t="6" w="220" /><ent r="6" t="74" w="69" /><ent r="6" t="74" w="69" /><ent r="6" t="74" w="103" /><ent r="6" t="74" w="103" /><ent r="6" t="74" w="110" /><ent r="6" t="74" w="110" /><ent r="6" t="74" w="161" /><ent r="6" t="74" w="161" /><ent r="6" t="74" w="220" /><ent r="6" t="74" w="220" /></phr><phr n="DateTime"><ent r="6" t="6" w="72" /><ent r="6" t="6" w="72" /><ent r="6" t="6" w="106" /><ent r="6" t="6" w="106" /><ent r="6" t="6" w="113" /><ent r="6" t="6" w="113" /><ent r="6" t="6" w="164" /><ent r="6" t="6" w="164" /><ent r="6" t="6" w="209" /><ent r="6" t="6" w="209" /><ent r="6" t="6" w="223" /><ent r="6" t="6" w="223" /><ent r="6" t="74" w="72" /><ent r="6" t="74" w="72" /><ent r="6" t="74" w="106" /><ent r="6" t="74" w="106" /><ent r="6" t="74" w="113" /><ent r="6" t="74" w="113" /><ent r="6" t="74" w="164" /><ent r="6" t="74" w="164" /><ent r="6" t="74" w="209" /><ent r="6" t="74" w="209" /><ent r="6" t="74" w="223" /><ent r="6" t="74" w="223" /></phr><phr n="Datetime"><ent r="6" t="6" w="108" /><ent r="6" t="6" w="108" /><ent r="6" t="73" w="105" /><ent r="6" t="73" w="105" /><ent r="6" t="73" w="267" /><ent r="6" t="73" w="267" /><ent r="6" t="74" w="108" /><ent r="6" t="74" w="108" /></phr></stem><stem n="char"><phr n="Char"><ent r="100" t="6" w="74" /><ent r="100" t="6" w="74" /><ent r="6" t="6" w="76" /><ent r="6" t="6" w="76" /><ent r="6" t="73" w="229" /><ent r="6" t="73" w="229" /><ent r="100" t="74" w="74" /><ent r="100" t="74" w="74" /><ent r="6" t="74" w="76" /><ent r="6" t="74" w="76" /><ent r="6" t="75" w="70" /><ent r="6" t="75" w="70" /></phr><phr n="CHAR"><ent r="6" t="6" w="78" /><ent r="6" t="6" w="78" /><ent r="6" t="74" w="78" /><ent r="6" t="74" w="78" /></phr></stem><stem n="string"><phr n="String"><ent r="100" t="6" w="80" /><ent r="100" t="6" w="80" /><ent r="6" t="6" w="83" /><ent r="6" t="6" w="83" /><ent r="6" t="6" w="90" /><ent r="6" t="6" w="90" /><ent r="6" t="6" w="127" /><ent r="6" t="6" w="127" /><ent r="6" t="6" w="135" /><ent r="6" t="6" w="135" /><ent r="6" t="6" w="156" /><ent r="6" t="6" w="156" /><ent r="6" t="6" w="171" /><ent r="6" t="6" w="171" /><ent r="6" t="6" w="187" /><ent r="6" t="6" w="187" /><ent r="6" t="6" w="239" /><ent r="6" t="6" w="239" /><ent r="6" t="6" w="247" /><ent r="6" t="6" w="247" /><ent r="100" t="74" w="80" /><ent r="100" t="74" w="80" /><ent r="6" t="74" w="83" /><ent r="6" t="74" w="83" /><ent r="6" t="74" w="90" /><ent r="6" t="74" w="90" /><ent r="6" t="74" w="127" /><ent r="6" t="74" w="127" /><ent r="6" t="74" w="135" /><ent r="6" t="74" w="135" /><ent r="6" t="74" w="156" /><ent r="6" t="74" w="156" /><ent r="6" t="74" w="171" /><ent r="6" t="74" w="171" /><ent r="6" t="74" w="187" /><ent r="6" t="74" w="187" /><ent r="6" t="74" w="239" /><ent r="6" t="74" w="239" /><ent r="6" t="74" w="247" /><ent r="6" t="74" w="247" /><ent r="6" t="75" w="293" /><ent r="6" t="75" w="293" /></phr><phr n="string"><ent r="6" t="6" w="149" /><ent r="6" t="6" w="149" /><ent r="3" t="31" w="510" /><ent r="4" t="52" w="108" /><ent r="3" t="52" w="149" /><ent r="3" t="52" w="149" /><ent r="3" t="52" w="162" /><ent r="3" t="52" w="162" /><ent r="3" t="52" w="164" /><ent r="3" t="52" w="164" /><ent r="4" t="54" w="144" /><ent r="4" t="54" w="144" /><ent r="4" t="54" w="148" /><ent r="4" t="54" w="148" /><ent r="4" t="54" w="152" /><ent r="4" t="54" w="152" /><ent r="3" t="55" w="130" /><ent r="3" t="55" w="130" /><ent r="3" t="56" w="178" /><ent r="3" t="56" w="178" /><ent r="3" t="56" w="180" /><ent r="3" t="56" w="180" /><ent r="3" t="58" w="59" /><ent r="3" t="58" w="59" /><ent r="4" t="59" w="78" /><ent r="4" t="59" w="78" /><ent r="3" t="61" w="216" /><ent r="3" t="61" w="216" /><ent r="3" t="61" w="219" /><ent r="3" t="61" w="219" /><ent r="3" t="61" w="222" /><ent r="3" t="61" w="222" /><ent r="3" t="61" w="225" /><ent r="3" t="61" w="225" /><ent r="3" t="61" w="228" /><ent r="3" t="61" w="228" /><ent r="3" t="61" w="231" /><ent r="3" t="61" w="231" /><ent r="3" t="61" w="234" /><ent r="3" t="61" w="234" /><ent r="3" t="63" w="183" /><ent r="3" t="63" w="183" /><ent r="3" t="63" w="186" /><ent r="3" t="63" w="186" /><ent r="4" t="64" w="204" /><ent r="4" t="64" w="204" /><ent r="4" t="64" w="206" /><ent r="4" t="64" w="206" /><ent r="4" t="64" w="208" /><ent r="4" t="64" w="208" /><ent r="3" t="64" w="274" /><ent r="3" t="64" w="274" /><ent r="4" t="65" w="85" /><ent r="4" t="65" w="85" /><ent r="4" t="65" w="117" /><ent r="4" t="65" w="117" /><ent r="4" t="65" w="201" /><ent r="4" t="65" w="201" /><ent r="4" t="65" w="203" /><ent r="4" t="65" w="203" /><ent r="4" t="65" w="207" /><ent r="4" t="65" w="207" /><ent r="3" t="65" w="234" /><ent r="3" t="65" w="234" /><ent r="4" t="65" w="378" /><ent r="4" t="65" w="378" /><ent r="4" t="65" w="380" /><ent r="4" t="65" w="380" /><ent r="4" t="65" w="384" /><ent r="4" t="65" w="384" /><ent r="4" t="65" w="443" /><ent r="4" t="65" w="443" /><ent r="5" t="65" w="563" /><ent r="5" t="65" w="563" /><ent r="5" t="65" w="576" /><ent r="5" t="65" w="576" /><ent r="4" t="67" w="111" /><ent r="4" t="67" w="111" /><ent r="6" t="74" w="149" /><ent r="6" t="74" w="149" /></phr><phr n="strings"><ent r="6" t="75" w="300" /></phr></stem></index>