<?xml version="1.0" encoding="utf-8"?><index><stem n="synchron"><phr n="Synchronization"><ent r="4" t="2" w="62" /><ent r="4" t="2" w="62" /><ent r="4" t="2" w="92" /><ent r="4" t="2" w="92" /><ent r="6" t="7" w="1150" /><ent r="6" t="7" w="1159" /><ent r="6" t="7" w="1313" /><ent r="6" t="7" w="1322" /><ent r="6" t="7" w="1331" /><ent r="7" t="17" w="6247" /><ent r="7" t="17" w="6247" /><ent r="7" t="17" w="6330" /><ent r="7" t="17" w="6330" /><ent r="64" t="23" w="147" /><ent r="64" t="23" w="147" /><ent r="1000" t="49" w="1" /><ent r="1000" t="49" w="1" /><ent r="102" t="49" w="4" /><ent r="102" t="49" w="4" /><ent r="3" t="49" w="7" /><ent r="3" t="49" w="7" /><ent r="3" t="49" w="30" /><ent r="3" t="49" w="30" /><ent r="3" t="49" w="173" /><ent r="3" t="49" w="173" /><ent r="64" t="49" w="233" /><ent r="64" t="49" w="233" /><ent r="1000" t="50" w="1" /><ent r="1000" t="50" w="1" /><ent r="102" t="50" w="4" /><ent r="102" t="50" w="4" /><ent r="3" t="50" w="317" /><ent r="3" t="50" w="317" /></phr><phr n="synchronizing"><ent r="7" t="3" w="190" /><ent r="7" t="3" w="190" /><ent r="6" t="7" w="1155" /><ent r="6" t="7" w="1155" /><ent r="3" t="24" w="24" /><ent r="3" t="24" w="24" /><ent r="3" t="24" w="289" /><ent r="3" t="24" w="289" /><ent r="7" t="80" w="191" /><ent r="7" t="80" w="191" /></phr><phr n="synchronize"><ent r="7" t="3" w="199" /><ent r="7" t="3" w="199" /><ent r="3" t="9" w="156" /><ent r="3" t="9" w="156" /><ent r="4" t="15" w="511" /><ent r="4" t="15" w="511" /><ent r="7" t="17" w="6242" /><ent r="7" t="17" w="6242" /><ent r="3" t="39" w="568" /><ent r="3" t="39" w="568" /><ent r="7" t="80" w="200" /><ent r="7" t="80" w="200" /></phr><phr n="synchronization"><ent r="3" t="9" w="113" /><ent r="5" t="14" w="76" /><ent r="4" t="15" w="468" /><ent r="3" t="49" w="166" /><ent r="3" t="49" w="166" /><ent r="3" t="49" w="188" /><ent r="3" t="49" w="188" /><ent r="3" t="49" w="202" /><ent r="3" t="49" w="202" /><ent r="3" t="49" w="212" /><ent r="3" t="49" w="212" /><ent r="3" t="50" w="16" /><ent r="3" t="50" w="16" /><ent r="3" t="50" w="48" /><ent r="3" t="50" w="48" /><ent r="3" t="50" w="208" /><ent r="3" t="50" w="208" /><ent r="3" t="50" w="232" /><ent r="3" t="50" w="232" /><ent r="3" t="50" w="237" /><ent r="3" t="50" w="237" /><ent r="3" t="50" w="245" /><ent r="3" t="50" w="264" /><ent r="3" t="50" w="264" /><ent r="3" t="50" w="282" /><ent r="3" t="50" w="282" /><ent r="3" t="50" w="323" /><ent r="3" t="50" w="323" /><ent r="3" t="50" w="347" /><ent r="3" t="50" w="347" /><ent r="3" t="50" w="362" /><ent r="3" t="50" w="362" /><ent r="3" t="50" w="383" /><ent r="3" t="50" w="383" /><ent r="3" t="50" w="410" /><ent r="3" t="50" w="410" /><ent r="3" t="50" w="430" /><ent r="3" t="50" w="430" /><ent r="3" t="50" w="438" /><ent r="3" t="50" w="438" /><ent r="3" t="50" w="442" /><ent r="3" t="50" w="442" /></phr><phr n="Synchronize"><ent r="7" t="17" w="3533" /><ent r="7" t="17" w="3533" /><ent r="7" t="17" w="5077" /><ent r="7" t="17" w="5077" /><ent r="7" t="17" w="6258" /><ent r="7" t="17" w="6258" /><ent r="7" t="17" w="6283" /><ent r="7" t="17" w="6283" /><ent r="7" t="17" w="6297" /><ent r="7" t="17" w="6297" /><ent r="7" t="17" w="6313" /><ent r="7" t="17" w="6313" /><ent r="7" t="17" w="6356" /><ent r="7" t="17" w="6356" /><ent r="7" t="17" w="6371" /><ent r="7" t="17" w="6371" /></phr><phr n="Synchron"><ent r="7" t="17" w="3547" /><ent r="7" t="17" w="6231" /></phr><phr n="synchronized"><ent r="3" t="24" w="303" /><ent r="3" t="24" w="303" /><ent r="3" t="49" w="228" /><ent r="3" t="50" w="219" /><ent r="4" t="77" w="97" /><ent r="4" t="78" w="105" /><ent r="4" t="78" w="105" /></phr><phr n="synchronously"><ent r="3" t="38" w="384" /><ent r="3" t="38" w="384" /><ent r="3" t="38" w="405" /><ent r="3" t="38" w="405" /></phr><phr n="synchronous"><ent r="3" t="50" w="121" /><ent r="3" t="50" w="121" /></phr></stem><stem n="componentmodel"><phr n="ComponentModel"><ent r="4" t="2" w="69" /><ent r="4" t="2" w="104" /><ent r="4" t="2" w="104" /><ent r="6" t="7" w="618" /><ent r="3" t="37" w="238" /><ent r="5" t="37" w="444" /><ent r="5" t="37" w="481" /><ent r="3" t="39" w="156" /><ent r="3" t="46" w="31" /><ent r="5" t="46" w="50" /><ent r="5" t="46" w="85" /><ent r="4" t="46" w="118" /><ent r="4" t="48" w="60" /><ent r="3" t="48" w="138" /><ent r="3" t="48" w="192" /><ent r="3" t="48" w="281" /><ent r="3" t="48" w="351" /><ent r="5" t="68" w="160" /><ent r="5" t="82" w="81" /><ent r="6" t="82" w="172" /><ent r="6" t="82" w="172" /></phr></stem><stem n="core"><phr n="Core"><ent r="4" t="2" w="70" /><ent r="4" t="2" w="70" /><ent r="4" t="2" w="114" /><ent r="4" t="2" w="114" /><ent r="3" t="7" w="125" /><ent r="3" t="7" w="137" /><ent r="3" t="7" w="137" /><ent r="6" t="7" w="371" /><ent r="6" t="7" w="379" /><ent r="6" t="7" w="388" /><ent r="6" t="7" w="397" /><ent r="6" t="7" w="405" /><ent r="6" t="7" w="619" /><ent r="6" t="7" w="988" /><ent r="6" t="7" w="998" /><ent r="6" t="7" w="1006" /><ent r="6" t="7" w="1229" /><ent r="6" t="7" w="1238" /><ent r="6" t="7" w="1374" /><ent r="6" t="7" w="1382" /><ent r="6" t="7" w="1390" /><ent r="3" t="37" w="239" /><ent r="3" t="37" w="239" /><ent r="5" t="37" w="482" /><ent r="3" t="39" w="157" /><ent r="3" t="39" w="157" /><ent r="3" t="46" w="32" /><ent r="3" t="46" w="32" /><ent r="5" t="46" w="86" /><ent r="4" t="46" w="119" /><ent r="3" t="48" w="139" /><ent r="3" t="48" w="139" /><ent r="3" t="48" w="193" /><ent r="3" t="48" w="193" /><ent r="3" t="48" w="282" /><ent r="3" t="48" w="282" /><ent r="3" t="48" w="352" /><ent r="3" t="48" w="352" /><ent r="5" t="67" w="167" /><ent r="5" t="68" w="161" /><ent r="5" t="68" w="166" /><ent r="5" t="82" w="82" /><ent r="5" t="82" w="82" /><ent r="5" t="82" w="120" /><ent r="5" t="82" w="120" /></phr><phr n="core"><ent r="3" t="11" w="22" /><ent r="3" t="11" w="22" /><ent r="3" t="24" w="48" /><ent r="3" t="24" w="48" /><ent r="3" t="37" w="338" /><ent r="4" t="82" w="34" /><ent r="4" t="82" w="34" /><ent r="5" t="82" w="203" /><ent r="5" t="82" w="203" /></phr></stem><stem n="dataexchang"><phr n="DataExchange"><ent r="4" t="2" w="74" /><ent r="4" t="2" w="74" /><ent r="4" t="2" w="78" /><ent r="4" t="2" w="83" /><ent r="6" t="7" w="822" /><ent r="6" t="7" w="953" /><ent r="6" t="7" w="965" /></phr><phr n="dataexchange"><ent r="7" t="17" w="226" /><ent r="7" t="17" w="238" /></phr></stem><stem n="outlooksync"><phr n="OutlookSync"><ent r="4" t="2" w="79" /><ent r="4" t="2" w="79" /></phr><phr n="outlooksync"><ent r="7" t="17" w="6295" /><ent r="7" t="17" w="6295" /><ent r="7" t="17" w="6310" /><ent r="7" t="17" w="6326" /><ent r="7" t="17" w="6340" /></phr></stem><stem n="palmread"><phr n="PalmReader"><ent r="4" t="2" w="84" /><ent r="4" t="2" w="84" /></phr></stem><stem n="standaloneactivityrecurutil"><phr n="StandaloneActivityRecurUtility"><ent r="4" t="2" w="88" /><ent r="4" t="2" w="88" /></phr></stem><stem n="share"><phr n="Shared"><ent r="4" t="2" w="95" /><ent r="4" t="2" w="99" /><ent r="4" t="2" w="103" /><ent r="5" t="68" w="170" /><ent r="5" t="82" w="153" /><ent r="6" t="82" w="171" /></phr><phr n="share"><ent r="3" t="4" w="242" /><ent r="3" t="4" w="242" /></phr><phr n="sharing"><ent r="6" t="7" w="678" /><ent r="6" t="7" w="678" /></phr><phr n="shared"><ent r="3" t="15" w="178" /><ent r="3" t="15" w="178" /><ent r="3" t="15" w="191" /><ent r="3" t="15" w="191" /><ent r="3" t="15" w="225" /><ent r="3" t="15" w="225" /><ent r="3" t="15" w="320" /><ent r="3" t="15" w="519" /><ent r="3" t="15" w="545" /><ent r="3" t="15" w="582" /><ent r="3" t="15" w="624" /></phr><phr n="Share"><ent r="7" t="17" w="6129" /><ent r="7" t="17" w="6129" /></phr></stem><stem n="diagnost"><phr n="Diagnostics"><ent r="4" t="2" w="100" /><ent r="4" t="2" w="100" /></phr></stem><stem n="ui"><phr n="UI"><ent r="3" t="2" w="106" /><ent r="3" t="2" w="106" /><ent r="4" t="2" w="110" /><ent r="4" t="2" w="110" /><ent r="4" t="2" w="113" /><ent r="3" t="7" w="124" /><ent r="3" t="7" w="136" /><ent r="6" t="7" w="370" /><ent r="6" t="7" w="378" /><ent r="6" t="7" w="387" /><ent r="6" t="7" w="396" /><ent r="6" t="7" w="404" /><ent r="6" t="7" w="767" /><ent r="6" t="7" w="776" /><ent r="6" t="7" w="973" /><ent r="6" t="7" w="980" /><ent r="6" t="7" w="987" /><ent r="6" t="7" w="997" /><ent r="6" t="7" w="1005" /><ent r="6" t="7" w="1058" /><ent r="6" t="7" w="1091" /><ent r="6" t="7" w="1228" /><ent r="6" t="7" w="1237" /><ent r="6" t="7" w="1340" /><ent r="6" t="7" w="1373" /><ent r="6" t="7" w="1381" /><ent r="6" t="7" w="1389" /><ent r="3" t="27" w="299" /><ent r="3" t="27" w="312" /><ent r="3" t="27" w="312" /><ent r="3" t="27" w="347" /><ent r="3" t="29" w="360" /><ent r="3" t="29" w="360" /><ent r="3" t="29" w="465" /><ent r="3" t="29" w="465" /><ent r="3" t="37" w="10" /><ent r="3" t="37" w="163" /><ent r="3" t="37" w="163" /><ent r="5" t="37" w="167" /><ent r="4" t="37" w="180" /><ent r="4" t="37" w="180" /><ent r="5" t="37" w="184" /><ent r="3" t="37" w="208" /><ent r="4" t="37" w="461" /><ent r="3" t="38" w="567" /><ent r="3" t="38" w="567" /><ent r="3" t="39" w="231" /><ent r="3" t="39" w="350" /><ent r="3" t="41" w="14" /><ent r="3" t="41" w="52" /><ent r="3" t="41" w="52" /><ent r="5" t="67" w="166" /><ent r="5" t="68" w="165" /><ent r="4" t="68" w="260" /><ent r="4" t="68" w="260" /><ent r="5" t="82" w="94" /><ent r="5" t="82" w="94" /><ent r="5" t="82" w="119" /><ent r="4" t="82" w="146" /><ent r="4" t="82" w="146" /></phr><phr n="ui"><ent r="5" t="17" w="79" /><ent r="7" t="17" w="89" /><ent r="7" t="17" w="100" /><ent r="7" t="17" w="112" /><ent r="7" t="17" w="123" /><ent r="7" t="17" w="134" /><ent r="7" t="17" w="147" /><ent r="7" t="17" w="159" /><ent r="7" t="17" w="177" /><ent r="7" t="17" w="193" /><ent r="7" t="17" w="209" /><ent r="7" t="17" w="220" /><ent r="7" t="17" w="232" /><ent r="7" t="17" w="248" /><ent r="7" t="17" w="259" /><ent r="7" t="17" w="272" /><ent r="7" t="17" w="284" /><ent r="7" t="17" w="295" /><ent r="7" t="17" w="308" /><ent r="7" t="17" w="321" /><ent r="7" t="17" w="335" /><ent r="7" t="17" w="346" /><ent r="7" t="17" w="360" /><ent r="8" t="17" w="374" /><ent r="6" t="17" w="385" /><ent r="7" t="17" w="395" /><ent r="7" t="17" w="405" /><ent r="7" t="17" w="420" /><ent r="7" t="17" w="432" /><ent r="7" t="17" w="443" /><ent r="7" t="17" w="454" /><ent r="7" t="17" w="465" /><ent r="7" t="17" w="477" /><ent r="7" t="17" w="490" /><ent r="7" t="17" w="503" /><ent r="6" t="17" w="514" /><ent r="7" t="17" w="524" /><ent r="7" t="17" w="535" /><ent r="7" t="17" w="546" /><ent r="7" t="17" w="558" /><ent r="7" t="17" w="570" /><ent r="7" t="17" w="581" /><ent r="7" t="17" w="594" /><ent r="7" t="17" w="606" /><ent r="7" t="17" w="618" /><ent r="7" t="17" w="629" /><ent r="7" t="17" w="640" /><ent r="7" t="17" w="651" /><ent r="7" t="17" w="664" /><ent r="7" t="17" w="675" /><ent r="7" t="17" w="686" /><ent r="7" t="17" w="698" /><ent r="7" t="17" w="710" /><ent r="7" t="17" w="722" /><ent r="7" t="17" w="734" /><ent r="7" t="17" w="746" /><ent r="7" t="17" w="757" /><ent r="7" t="17" w="768" /><ent r="7" t="17" w="779" /><ent r="7" t="17" w="791" /><ent r="7" t="17" w="804" /><ent r="7" t="17" w="817" /><ent r="7" t="17" w="829" /><ent r="7" t="17" w="841" /><ent r="7" t="17" w="854" /><ent r="7" t="17" w="867" /><ent r="7" t="17" w="880" /><ent r="7" t="17" w="893" /><ent r="7" t="17" w="907" /><ent r="7" t="17" w="920" /><ent r="7" t="17" w="933" /><ent r="7" t="17" w="946" /><ent r="7" t="17" w="959" /><ent r="7" t="17" w="973" /><ent r="7" t="17" w="984" /><ent r="7" t="17" w="995" /><ent r="7" t="17" w="1007" /><ent r="6" t="17" w="1018" /><ent r="8" t="17" w="1028" /><ent r="8" t="17" w="1039" /><ent r="8" t="17" w="1051" /><ent r="8" t="17" w="1063" /><ent r="8" t="17" w="1075" /><ent r="8" t="17" w="1086" /><ent r="8" t="17" w="1098" /><ent r="8" t="17" w="1110" /><ent r="8" t="17" w="1121" /><ent r="8" t="17" w="1133" /><ent r="8" t="17" w="1144" /><ent r="8" t="17" w="1156" /><ent r="8" t="17" w="1168" /><ent r="8" t="17" w="1182" /><ent r="8" t="17" w="1194" /><ent r="8" t="17" w="1205" /><ent r="8" t="17" w="1217" /><ent r="8" t="17" w="1229" /><ent r="8" t="17" w="1242" /><ent r="8" t="17" w="1257" /><ent r="8" t="17" w="1270" /><ent r="8" t="17" w="1283" /><ent r="8" t="17" w="1297" /><ent r="8" t="17" w="1310" /><ent r="8" t="17" w="1322" /><ent r="8" t="17" w="1334" /><ent r="8" t="17" w="1347" /><ent r="8" t="17" w="1359" /><ent r="8" t="17" w="1371" /><ent r="8" t="17" w="1384" /><ent r="8" t="17" w="1397" /><ent r="8" t="17" w="1410" /><ent r="8" t="17" w="1425" /><ent r="8" t="17" w="1438" /><ent r="8" t="17" w="1451" /><ent r="8" t="17" w="1465" /><ent r="8" t="17" w="1478" /><ent r="8" t="17" w="1490" /><ent r="8" t="17" w="1502" /><ent r="8" t="17" w="1515" /><ent r="8" t="17" w="1527" /><ent r="8" t="17" w="1541" /><ent r="8" t="17" w="1553" /><ent r="8" t="17" w="1566" /><ent r="8" t="17" w="1579" /><ent r="8" t="17" w="1593" /><ent r="8" t="17" w="1605" /><ent r="8" t="17" w="1619" /><ent r="5" t="17" w="1632" /><ent r="7" t="17" w="1642" /><ent r="7" t="17" w="1653" /><ent r="7" t="17" w="1665" /><ent r="7" t="17" w="1678" /><ent r="7" t="17" w="1690" /><ent r="7" t="17" w="1702" /><ent r="7" t="17" w="1714" /><ent r="7" t="17" w="1726" /><ent r="7" t="17" w="1738" /><ent r="7" t="17" w="1749" /><ent r="7" t="17" w="1761" /><ent r="7" t="17" w="1773" /><ent r="7" t="17" w="1784" /><ent r="7" t="17" w="1796" /><ent r="7" t="17" w="1807" /><ent r="7" t="17" w="1819" /><ent r="7" t="17" w="1831" /><ent r="7" t="17" w="1845" /><ent r="7" t="17" w="1857" /><ent r="7" t="17" w="1870" /><ent r="7" t="17" w="1883" /><ent r="7" t="17" w="1897" /><ent r="7" t="17" w="1910" /><ent r="7" t="17" w="1922" /><ent r="7" t="17" w="1934" /><ent r="7" t="17" w="1947" /><ent r="7" t="17" w="1959" /><ent r="7" t="17" w="1971" /><ent r="7" t="17" w="1984" /><ent r="7" t="17" w="1997" /><ent r="7" t="17" w="2010" /><ent r="7" t="17" w="2025" /><ent r="7" t="17" w="2038" /><ent r="7" t="17" w="2051" /><ent r="7" t="17" w="2065" /><ent r="7" t="17" w="2078" /><ent r="7" t="17" w="2090" /><ent r="7" t="17" w="2102" /><ent r="7" t="17" w="2115" /><ent r="7" t="17" w="2127" /><ent r="7" t="17" w="2140" /><ent r="7" t="17" w="2152" /><ent r="7" t="17" w="2165" /><ent r="7" t="17" w="2178" /><ent r="7" t="17" w="2191" /><ent r="7" t="17" w="2203" /><ent r="7" t="17" w="2217" /><ent r="7" t="17" w="2232" /><ent r="5" t="17" w="2244" /><ent r="7" t="17" w="2254" /><ent r="7" t="17" w="2265" /><ent r="7" t="17" w="2277" /><ent r="7" t="17" w="2290" /><ent r="7" t="17" w="2302" /><ent r="7" t="17" w="2314" /><ent r="7" t="17" w="2327" /><ent r="7" t="17" w="2340" /><ent r="7" t="17" w="2353" /><ent r="7" t="17" w="2365" /><ent r="7" t="17" w="2377" /><ent r="7" t="17" w="2389" /><ent r="7" t="17" w="2401" /><ent r="7" t="17" w="2413" /><ent r="7" t="17" w="2424" /><ent r="7" t="17" w="2436" /><ent r="7" t="17" w="2448" /><ent r="7" t="17" w="2459" /><ent r="7" t="17" w="2471" /><ent r="7" t="17" w="2482" /><ent r="7" t="17" w="2494" /><ent r="7" t="17" w="2506" /><ent r="7" t="17" w="2520" /><ent r="7" t="17" w="2532" /><ent r="7" t="17" w="2545" /><ent r="7" t="17" w="2558" /><ent r="7" t="17" w="2572" /><ent r="7" t="17" w="2584" /><ent r="7" t="17" w="2596" /><ent r="7" t="17" w="2608" /><ent r="7" t="17" w="2621" /><ent r="7" t="17" w="2636" /><ent r="7" t="17" w="2649" /><ent r="7" t="17" w="2662" /><ent r="7" t="17" w="2676" /><ent r="7" t="17" w="2689" /><ent r="7" t="17" w="2701" /><ent r="7" t="17" w="2713" /><ent r="7" t="17" w="2726" /><ent r="7" t="17" w="2738" /><ent r="7" t="17" w="2751" /><ent r="7" t="17" w="2763" /><ent r="7" t="17" w="2776" /><ent r="7" t="17" w="2789" /><ent r="7" t="17" w="2802" /><ent r="7" t="17" w="2814" /><ent r="7" t="17" w="2828" /><ent r="7" t="17" w="2843" /><ent r="5" t="17" w="2855" /><ent r="7" t="17" w="2865" /><ent r="7" t="17" w="2876" /><ent r="7" t="17" w="2888" /><ent r="7" t="17" w="2901" /><ent r="7" t="17" w="2913" /><ent r="7" t="17" w="2926" /><ent r="7" t="17" w="2938" /><ent r="7" t="17" w="2951" /><ent r="7" t="17" w="2964" /><ent r="7" t="17" w="2976" /><ent r="7" t="17" w="2988" /><ent r="7" t="17" w="3000" /><ent r="7" t="17" w="3012" /><ent r="7" t="17" w="3024" /><ent r="7" t="17" w="3035" /><ent r="7" t="17" w="3047" /><ent r="7" t="17" w="3059" /><ent r="7" t="17" w="3070" /><ent r="7" t="17" w="3082" /><ent r="7" t="17" w="3093" /><ent r="7" t="17" w="3105" /><ent r="7" t="17" w="3117" /><ent r="7" t="17" w="3131" /><ent r="7" t="17" w="3143" /><ent r="7" t="17" w="3156" /><ent r="7" t="17" w="3169" /><ent r="7" t="17" w="3183" /><ent r="7" t="17" w="3195" /><ent r="7" t="17" w="3207" /><ent r="7" t="17" w="3219" /><ent r="7" t="17" w="3232" /><ent r="7" t="17" w="3247" /><ent r="7" t="17" w="3260" /><ent r="7" t="17" w="3273" /><ent r="7" t="17" w="3287" /><ent r="7" t="17" w="3300" /><ent r="7" t="17" w="3312" /><ent r="7" t="17" w="3324" /><ent r="7" t="17" w="3337" /><ent r="7" t="17" w="3349" /><ent r="7" t="17" w="3361" /><ent r="7" t="17" w="3374" /><ent r="7" t="17" w="3387" /><ent r="7" t="17" w="3400" /><ent r="7" t="17" w="3415" /><ent r="7" t="17" w="3428" /><ent r="7" t="17" w="3441" /><ent r="7" t="17" w="3455" /><ent r="5" t="17" w="3467" /><ent r="7" t="17" w="3477" /><ent r="7" t="17" w="3488" /><ent r="7" t="17" w="3501" /><ent r="7" t="17" w="3513" /><ent r="7" t="17" w="3525" /><ent r="7" t="17" w="3539" /><ent r="7" t="17" w="3554" /><ent r="7" t="17" w="3567" /><ent r="7" t="17" w="3580" /><ent r="7" t="17" w="3594" /><ent r="7" t="17" w="3608" /><ent r="7" t="17" w="3622" /><ent r="7" t="17" w="3637" /><ent r="7" t="17" w="3651" /><ent r="7" t="17" w="3665" /><ent r="7" t="17" w="3672" /><ent r="7" t="17" w="3678" /><ent r="7" t="17" w="3689" /><ent r="8" t="17" w="3700" /><ent r="8" t="17" w="3712" /><ent r="8" t="17" w="3726" /><ent r="7" t="17" w="3738" /><ent r="7" t="17" w="3751" /><ent r="7" t="17" w="3763" /><ent r="7" t="17" w="3777" /><ent r="7" t="17" w="3792" /><ent r="6" t="17" w="3804" /><ent r="8" t="17" w="3814" /><ent r="8" t="17" w="3826" /><ent r="8" t="17" w="3838" /><ent r="8" t="17" w="3850" /><ent r="8" t="17" w="3861" /><ent r="8" t="17" w="3874" /><ent r="8" t="17" w="3887" /><ent r="8" t="17" w="3901" /><ent r="8" t="17" w="3915" /><ent r="8" t="17" w="3928" /><ent r="8" t="17" w="3941" /><ent r="8" t="17" w="3949" /><ent r="8" t="17" w="3955" /><ent r="8" t="17" w="3966" /><ent r="8" t="17" w="3977" /><ent r="8" t="17" w="3989" /><ent r="8" t="17" w="4003" /><ent r="8" t="17" w="4016" /><ent r="8" t="17" w="4027" /><ent r="8" t="17" w="4039" /><ent r="8" t="17" w="4051" /><ent r="8" t="17" w="4063" /><ent r="8" t="17" w="4074" /><ent r="8" t="17" w="4087" /><ent r="8" t="17" w="4100" /><ent r="8" t="17" w="4114" /><ent r="8" t="17" w="4128" /><ent r="8" t="17" w="4141" /><ent r="8" t="17" w="4154" /><ent r="8" t="17" w="4162" /><ent r="8" t="17" w="4168" /><ent r="5" t="17" w="4179" /><ent r="7" t="17" w="4190" /><ent r="7" t="17" w="4203" /><ent r="7" t="17" w="4217" /><ent r="7" t="17" w="4231" /><ent r="7" t="17" w="4243" /><ent r="7" t="17" w="4257" /><ent r="7" t="17" w="4270" /><ent r="7" t="17" w="4284" /><ent r="7" t="17" w="4298" /><ent r="7" t="17" w="4311" /><ent r="7" t="17" w="4325" /><ent r="7" t="17" w="4340" /><ent r="7" t="17" w="4352" /><ent r="7" t="17" w="4364" /><ent r="7" t="17" w="4376" /><ent r="8" t="17" w="4390" /><ent r="8" t="17" w="4405" /><ent r="7" t="17" w="4421" /><ent r="7" t="17" w="4435" /><ent r="7" t="17" w="4449" /><ent r="7" t="17" w="4461" /><ent r="7" t="17" w="4474" /><ent r="7" t="17" w="4488" /><ent r="7" t="17" w="4502" /><ent r="7" t="17" w="4514" /><ent r="7" t="17" w="4528" /><ent r="7" t="17" w="4541" /><ent r="7" t="17" w="4555" /><ent r="7" t="17" w="4569" /><ent r="7" t="17" w="4582" /><ent r="7" t="17" w="4596" /><ent r="5" t="17" w="4608" /><ent r="7" t="17" w="4619" /><ent r="7" t="17" w="4631" /><ent r="7" t="17" w="4645" /><ent r="7" t="17" w="4657" /><ent r="7" t="17" w="4671" /><ent r="7" t="17" w="4684" /><ent r="7" t="17" w="4698" /><ent r="8" t="17" w="4712" /><ent r="8" t="17" w="4726" /><ent r="8" t="17" w="4741" /><ent r="8" t="17" w="4755" /><ent r="8" t="17" w="4769" /><ent r="8" t="17" w="4776" /><ent r="8" t="17" w="4782" /><ent r="8" t="17" w="4793" /><ent r="8" t="17" w="4804" /><ent r="8" t="17" w="4817" /><ent r="8" t="17" w="4833" /><ent r="8" t="17" w="4846" /><ent r="8" t="17" w="4858" /><ent r="8" t="17" w="4872" /><ent r="8" t="17" w="4884" /><ent r="7" t="17" w="4897" /><ent r="7" t="17" w="4911" /><ent r="7" t="17" w="4926" /><ent r="7" t="17" w="4938" /><ent r="7" t="17" w="4950" /><ent r="7" t="17" w="4964" /><ent r="7" t="17" w="4976" /><ent r="7" t="17" w="4990" /><ent r="7" t="17" w="5003" /><ent r="5" t="17" w="5015" /><ent r="7" t="17" w="5025" /><ent r="7" t="17" w="5035" /><ent r="7" t="17" w="5046" /><ent r="7" t="17" w="5058" /><ent r="7" t="17" w="5069" /><ent r="7" t="17" w="5085" /><ent r="7" t="17" w="5099" /><ent r="7" t="17" w="5112" /><ent r="7" t="17" w="5126" /><ent r="7" t="17" w="5140" /><ent r="7" t="17" w="5151" /><ent r="7" t="17" w="5165" /><ent r="7" t="17" w="5178" /><ent r="7" t="17" w="5192" /><ent r="7" t="17" w="5204" /><ent r="7" t="17" w="5217" /><ent r="7" t="17" w="5229" /><ent r="7" t="17" w="5242" /><ent r="7" t="17" w="5255" /><ent r="5" t="17" w="5268" /><ent r="7" t="17" w="5280" /><ent r="7" t="17" w="5292" /><ent r="7" t="17" w="5308" /><ent r="7" t="17" w="5319" /><ent r="7" t="17" w="5331" /><ent r="7" t="17" w="5344" /><ent r="7" t="17" w="5358" /><ent r="7" t="17" w="5370" /><ent r="7" t="17" w="5387" /><ent r="7" t="17" w="5401" /><ent r="5" t="17" w="5412" /><ent r="7" t="17" w="5422" /><ent r="7" t="17" w="5433" /><ent r="7" t="17" w="5445" /><ent r="7" t="17" w="5457" /><ent r="7" t="17" w="5468" /><ent r="7" t="17" w="5480" /><ent r="7" t="17" w="5492" /><ent r="7" t="17" w="5506" /><ent r="7" t="17" w="5520" /><ent r="7" t="17" w="5532" /><ent r="7" t="17" w="5546" /><ent r="7" t="17" w="5559" /><ent r="7" t="17" w="5571" /><ent r="7" t="17" w="5583" /><ent r="7" t="17" w="5596" /><ent r="7" t="17" w="5609" /><ent r="7" t="17" w="5622" /><ent r="7" t="17" w="5636" /><ent r="7" t="17" w="5651" /><ent r="7" t="17" w="5663" /><ent r="7" t="17" w="5676" /><ent r="7" t="17" w="5689" /><ent r="7" t="17" w="5703" /><ent r="7" t="17" w="5716" /><ent r="7" t="17" w="5730" /><ent r="7" t="17" w="5744" /><ent r="7" t="17" w="5759" /><ent r="7" t="17" w="5773" /><ent r="7" t="17" w="5789" /><ent r="7" t="17" w="5804" /><ent r="7" t="17" w="5820" /><ent r="7" t="17" w="5835" /><ent r="7" t="17" w="5849" /><ent r="7" t="17" w="5862" /><ent r="7" t="17" w="5876" /><ent r="7" t="17" w="5891" /><ent r="7" t="17" w="5903" /><ent r="5" t="17" w="5914" /><ent r="7" t="17" w="5924" /><ent r="7" t="17" w="5935" /><ent r="7" t="17" w="5947" /><ent r="7" t="17" w="5959" /><ent r="7" t="17" w="5970" /><ent r="7" t="17" w="5982" /><ent r="7" t="17" w="5995" /><ent r="7" t="17" w="6007" /><ent r="7" t="17" w="6021" /><ent r="7" t="17" w="6033" /><ent r="7" t="17" w="6047" /><ent r="7" t="17" w="6062" /><ent r="7" t="17" w="6075" /><ent r="7" t="17" w="6090" /><ent r="7" t="17" w="6105" /><ent r="7" t="17" w="6119" /><ent r="7" t="17" w="6133" /><ent r="7" t="17" w="6153" /><ent r="7" t="17" w="6167" /><ent r="7" t="17" w="6183" /><ent r="7" t="17" w="6197" /><ent r="7" t="17" w="6210" /><ent r="7" t="17" w="6223" /><ent r="7" t="17" w="6236" /><ent r="7" t="17" w="6250" /><ent r="7" t="17" w="6262" /><ent r="7" t="17" w="6275" /><ent r="7" t="17" w="6289" /><ent r="7" t="17" w="6304" /><ent r="7" t="17" w="6320" /><ent r="7" t="17" w="6334" /><ent r="7" t="17" w="6348" /><ent r="7" t="17" w="6362" /><ent r="7" t="17" w="6378" /><ent r="7" t="17" w="6391" /><ent r="7" t="17" w="6405" /><ent r="7" t="17" w="6421" /><ent r="7" t="17" w="6433" /><ent r="7" t="17" w="6444" /><ent r="7" t="17" w="6455" /><ent r="7" t="17" w="6466" /><ent r="7" t="17" w="6480" /><ent r="7" t="17" w="6495" /><ent r="7" t="17" w="6510" /><ent r="7" t="17" w="6526" /><ent r="7" t="17" w="6540" /><ent r="7" t="17" w="6553" /><ent r="7" t="17" w="6566" /><ent r="5" t="17" w="6579" /><ent r="7" t="17" w="6589" /><ent r="7" t="17" w="6599" /><ent r="7" t="17" w="6611" /><ent r="7" t="17" w="6623" /><ent r="7" t="17" w="6635" /><ent r="7" t="17" w="6647" /><ent r="5" t="17" w="6658" /><ent r="6" t="17" w="6669" /><ent r="6" t="17" w="6682" /><ent r="6" t="17" w="6696" /><ent r="6" t="17" w="6710" /><ent r="6" t="17" w="6723" /><ent r="6" t="17" w="6735" /><ent r="6" t="17" w="6748" /><ent r="6" t="17" w="6760" /><ent r="6" t="17" w="6773" /><ent r="6" t="17" w="6785" /><ent r="6" t="17" w="6799" /><ent r="6" t="17" w="6812" /><ent r="5" t="17" w="6823" /><ent r="7" t="17" w="6834" /><ent r="7" t="17" w="6845" /><ent r="7" t="17" w="6858" /><ent r="7" t="17" w="6870" /><ent r="7" t="17" w="6887" /><ent r="7" t="17" w="6900" /><ent r="7" t="17" w="6915" /><ent r="7" t="17" w="6930" /><ent r="7" t="17" w="6944" /><ent r="7" t="17" w="6958" /><ent r="7" t="17" w="6971" /><ent r="7" t="17" w="6982" /><ent r="7" t="17" w="6998" /><ent r="7" t="17" w="7013" /><ent r="7" t="17" w="7027" /><ent r="7" t="17" w="7040" /><ent r="7" t="17" w="7052" /><ent r="7" t="17" w="7064" /><ent r="7" t="17" w="7077" /></phr></stem><stem n="web"><phr n="Web"><ent r="3" t="2" w="116" /><ent r="3" t="2" w="116" /><ent r="4" t="2" w="120" /><ent r="6" t="5" w="229" /><ent r="6" t="5" w="229" /><ent r="7" t="17" w="875" /><ent r="7" t="17" w="875" /><ent r="3" t="36" w="143" /><ent r="3" t="36" w="151" /><ent r="3" t="36" w="151" /><ent r="3" t="60" w="37" /><ent r="3" t="61" w="35" /><ent r="3" t="61" w="52" /><ent r="3" t="61" w="125" /><ent r="3" t="61" w="211" /><ent r="3" t="61" w="387" /><ent r="3" t="61" w="392" /><ent r="3" t="62" w="36" /><ent r="4" t="62" w="60" /><ent r="4" t="62" w="64" /><ent r="4" t="62" w="75" /><ent r="3" t="63" w="30" /><ent r="3" t="63" w="84" /><ent r="3" t="63" w="90" /><ent r="3" t="63" w="97" /><ent r="3" t="63" w="178" /><ent r="3" t="63" w="262" /><ent r="3" t="64" w="29" /><ent r="3" t="65" w="22" /><ent r="4" t="69" w="398" /><ent r="4" t="69" w="402" /><ent r="4" t="82" w="197" /></phr><phr n="web"><ent r="4" t="18" w="30" /><ent r="93" t="36" w="137" /><ent r="4" t="39" w="587" /><ent r="4" t="51" w="84" /><ent r="66" t="51" w="92" /><ent r="1000" t="60" w="6" /><ent r="103" t="60" w="14" /><ent r="4" t="61" w="26" /><ent r="5" t="61" w="106" /><ent r="5" t="61" w="327" /><ent r="4" t="61" w="346" /><ent r="4" t="61" w="346" /><ent r="4" t="61" w="451" /><ent r="4" t="61" w="451" /><ent r="4" t="62" w="15" /><ent r="4" t="63" w="20" /><ent r="6" t="63" w="69" /><ent r="5" t="63" w="146" /><ent r="4" t="64" w="15" /><ent r="93" t="66" w="129" /><ent r="4" t="69" w="38" /><ent r="5" t="69" w="150" /><ent r="5" t="69" w="215" /><ent r="4" t="69" w="264" /><ent r="93" t="82" w="192" /></phr></stem></index>