<?xml version="1.0" encoding="utf-8"?><index><stem n="addjavascriptinclud"><phr n="AddJavascriptInclude"><ent r="4" t="65" w="84" /></phr></stem><stem n="iwebmenuitem"><phr n="IWebMenuItem"><ent r="4" t="65" w="115" /><ent r="4" t="65" w="115" /><ent r="4" t="65" w="155" /><ent r="4" t="65" w="155" /><ent r="4" t="65" w="199" /><ent r="4" t="65" w="199" /><ent r="4" t="65" w="374" /><ent r="4" t="65" w="374" /><ent r="92" t="65" w="509" /><ent r="92" t="65" w="509" /></phr></stem><stem n="less"><phr n="less"><ent r="3" t="65" w="176" /><ent r="3" t="65" w="176" /><ent r="3" t="65" w="404" /><ent r="3" t="65" w="404" /><ent r="3" t="65" w="493" /><ent r="3" t="65" w="493" /></phr></stem><stem n="zero"><phr n="zero"><ent r="3" t="65" w="178" /><ent r="3" t="65" w="178" /><ent r="3" t="65" w="406" /><ent r="3" t="65" w="406" /><ent r="3" t="65" w="495" /><ent r="3" t="65" w="495" /></phr></stem><stem n="actiontyp"><phr n="ActionType"><ent r="4" t="65" w="205" /><ent r="4" t="65" w="205" /><ent r="4" t="65" w="382" /><ent r="4" t="65" w="382" /></phr></stem><stem n="newli"><phr n="newly"><ent r="3" t="65" w="224" /><ent r="3" t="65" w="224" /></phr></stem><stem n="pre-pend"><phr n="pre-pended"><ent r="3" t="65" w="255" /><ent r="3" t="65" w="255" /></phr></stem><stem n="colon"><phr n="colon"><ent r="3" t="65" w="266" /></phr></stem><stem n="myitem"><phr n="MyItem"><ent r="3" t="65" w="276" /><ent r="3" t="65" w="288" /></phr></stem><stem n="taken"><phr n="taken"><ent r="3" t="65" w="310" /><ent r="3" t="65" w="310" /></phr></stem><stem n="js"><phr n="JS"><ent r="3" t="65" w="338" /><ent r="4" t="69" w="192" /><ent r="4" t="69" w="192" /></phr></stem><stem n="submenu"><phr n="submenu"><ent r="3" t="65" w="352" /><ent r="3" t="65" w="362" /></phr></stem><stem n="addat"><phr n="AddAt"><ent r="4" t="65" w="375" /></phr></stem><stem n="argumentoutofrangeexcept"><phr n="ArgumentOutOfRangeException"><ent r="3" t="65" w="408" /><ent r="3" t="65" w="408" /><ent r="3" t="65" w="505" /><ent r="3" t="65" w="505" /></phr></stem><stem n="thrown"><phr n="thrown"><ent r="3" t="65" w="410" /><ent r="3" t="65" w="470" /><ent r="3" t="65" w="507" /></phr></stem><stem n="abov"><phr n="above"><ent r="3" t="65" w="439" /></phr></stem><stem n="argumentexcept"><phr n="ArgumentException"><ent r="3" t="65" w="468" /><ent r="3" t="65" w="468" /></phr></stem><stem n="removeat"><phr n="RemoveAt"><ent r="4" t="65" w="474" /></phr></stem><stem n="subitem"><phr n="subitems"><ent r="4" t="65" w="521" /><ent r="4" t="65" w="521" /><ent r="4" t="65" w="530" /></phr></stem><stem n="reload"><phr n="reloaded"><ent r="4" t="65" w="555" /><ent r="4" t="65" w="555" /></phr></stem><stem n="ideal"><phr n="ideal"><ent r="3" t="66" w="40" /><ent r="3" t="66" w="40" /></phr></stem><stem n="easili"><phr n="easily"><ent r="3" t="66" w="56" /><ent r="3" t="66" w="56" /></phr></stem><stem n="concis"><phr n="concise"><ent r="3" t="66" w="64" /><ent r="3" t="66" w="64" /></phr></stem><stem n="prerequisit"><phr n="Prerequisites"><ent r="92" t="66" w="69" /><ent r="92" t="66" w="69" /></phr></stem><stem n="assum"><phr n="assumes"><ent r="3" t="66" w="74" /><ent r="3" t="66" w="74" /></phr></stem><stem n="intermedi"><phr n="intermediate"><ent r="3" t="66" w="76" /><ent r="3" t="66" w="76" /></phr></stem><stem n="compil"><phr n="compile"><ent r="3" t="67" w="45" /><ent r="3" t="67" w="45" /><ent r="3" t="68" w="54" /><ent r="3" t="68" w="54" /><ent r="3" t="69" w="53" /><ent r="3" t="69" w="53" /></phr><phr n="Compile"><ent r="4" t="67" w="170" /><ent r="4" t="67" w="170" /><ent r="5" t="67" w="177" /><ent r="5" t="67" w="177" /><ent r="4" t="68" w="174" /><ent r="4" t="68" w="174" /><ent r="5" t="68" w="181" /><ent r="5" t="68" w="181" /><ent r="4" t="69" w="117" /><ent r="4" t="69" w="117" /><ent r="5" t="69" w="124" /><ent r="5" t="69" w="124" /></phr><phr n="compiled"><ent r="4" t="67" w="188" /><ent r="4" t="68" w="192" /><ent r="4" t="69" w="135" /></phr><phr n="compiling"><ent r="4" t="69" w="377" /></phr></stem><stem n="custommenuplugin"><phr n="CustomMenuPlugin"><ent r="4" t="67" w="73" /><ent r="4" t="67" w="92" /></phr></stem><stem n="download"><phr n="downloaded"><ent r="4" t="67" w="77" /><ent r="4" t="67" w="77" /><ent r="4" t="68" w="116" /><ent r="4" t="68" w="116" /><ent r="4" t="69" w="91" /><ent r="4" t="69" w="91" /></phr></stem><stem n="unzip"><phr n="unzip"><ent r="4" t="67" w="87" /><ent r="4" t="67" w="87" /><ent r="4" t="68" w="126" /><ent r="4" t="68" w="126" /><ent r="4" t="69" w="101" /><ent r="4" t="69" w="101" /></phr><phr n="unzipped"><ent r="4" t="69" w="183" /><ent r="4" t="69" w="183" /></phr></stem><stem n="cs"><phr n="cs"><ent r="4" t="67" w="93" /><ent r="4" t="67" w="93" /><ent r="4" t="68" w="132" /><ent r="4" t="68" w="132" /><ent r="3" t="68" w="229" /><ent r="3" t="68" w="229" /><ent r="3" t="69" w="288" /><ent r="3" t="69" w="288" /><ent r="3" t="69" w="302" /><ent r="3" t="69" w="302" /><ent r="4" t="69" w="362" /><ent r="4" t="69" w="362" /></phr><phr n="CS"><ent r="4" t="67" w="157" /><ent r="4" t="67" w="157" /><ent r="4" t="68" w="150" /><ent r="4" t="68" w="150" /><ent r="3" t="68" w="235" /><ent r="3" t="68" w="235" /><ent r="4" t="69" w="190" /></phr></stem><stem n="18"><phr n="18"><ent r="4" t="67" w="108" /></phr></stem><stem n="const"><phr n="const"><ent r="4" t="67" w="110" /><ent r="4" t="67" w="110" /></phr></stem><stem n="custom_menu_text"><phr n="CUSTOM_MENU_TEXT"><ent r="4" t="67" w="112" /></phr></stem><stem n="78"><phr n="78"><ent r="4" t="67" w="127" /><ent r="4" t="67" w="127" /></phr></stem><stem n="obtain"><phr n="obtains"><ent r="3" t="68" w="22" /><ent r="3" t="68" w="22" /></phr></stem><stem n="rather"><phr n="rather"><ent r="3" t="68" w="86" /><ent r="3" t="68" w="86" /><ent r="3" t="68" w="97" /><ent r="3" t="68" w="97" /></phr></stem><stem n="contactnamecontrol"><phr n="ContactNameControl"><ent r="4" t="68" w="112" /><ent r="4" t="68" w="131" /><ent r="3" t="68" w="228" /></phr></stem><stem n="popul"><phr n="populate"><ent r="3" t="69" w="41" /><ent r="3" t="69" w="41" /></phr></stem><stem n="weather"><phr n="weather"><ent r="3" t="69" w="46" /><ent r="3" t="69" w="46" /></phr></stem><stem n="iter"><phr n="iteration"><ent r="3" t="69" w="61" /></phr></stem><stem n="sln"><phr n="sln"><ent r="4" t="69" w="107" /><ent r="4" t="69" w="107" /></phr></stem><stem n="class1"><phr n="Class1"><ent r="3" t="69" w="287" /><ent r="3" t="69" w="301" /><ent r="4" t="69" w="361" /></phr></stem><stem n="insid"><phr n="inside"><ent r="3" t="69" w="291" /><ent r="3" t="69" w="291" /></phr></stem><stem n="rememb"><phr n="remember"><ent r="3" t="69" w="347" /><ent r="3" t="69" w="347" /></phr></stem><stem n="scope"><phr n="scope"><ent r="4" t="69" w="387" /><ent r="4" t="69" w="387" /></phr></stem><stem n="v17"><phr n="v17"><ent r="1000" t="71" w="5" /><ent r="102" t="71" w="16" /><ent r="3" t="71" w="28" /></phr></stem><stem n="1"><phr n="1"><ent r="1000" t="71" w="6" /><ent r="1000" t="71" w="6" /><ent r="102" t="71" w="17" /><ent r="102" t="71" w="17" /><ent r="3" t="71" w="29" /><ent r="3" t="71" w="29" /><ent r="6" t="75" w="106" /><ent r="6" t="75" w="134" /><ent r="6" t="75" w="275" /></phr></stem><stem n="copyright"><phr n="Copyright"><ent r="1000" t="72" w="1" /><ent r="1000" t="72" w="1" /><ent r="102" t="72" w="6" /><ent r="102" t="72" w="6" /><ent r="3" t="72" w="20" /><ent r="3" t="72" w="20" /></phr></stem><stem n="trademark"><phr n="Trademarks"><ent r="1000" t="72" w="3" /><ent r="1000" t="72" w="3" /><ent r="102" t="72" w="8" /><ent r="102" t="72" w="8" /></phr><phr n="trademarks"><ent r="3" t="72" w="45" /><ent r="3" t="72" w="45" /><ent r="3" t="72" w="47" /><ent r="3" t="72" w="47" /><ent r="3" t="72" w="70" /><ent r="3" t="72" w="70" /><ent r="3" t="72" w="73" /><ent r="3" t="72" w="73" /><ent r="3" t="72" w="98" /><ent r="3" t="72" w="98" /><ent r="3" t="72" w="101" /><ent r="3" t="72" w="101" /><ent r="3" t="72" w="110" /><ent r="3" t="72" w="110" /></phr></stem><stem n="12"><phr n="12"><ent r="3" t="72" w="12" /></phr></stem><stem n="2015"><phr n="2015"><ent r="3" t="72" w="13" /><ent r="3" t="72" w="13" /><ent r="3" t="72" w="22" /><ent r="3" t="72" w="22" /></phr></stem><stem n="©"><phr n="©"><ent r="3" t="72" w="21" /><ent r="3" t="72" w="21" /></phr></stem><stem n="mention"><phr n="mentioned"><ent r="3" t="72" w="41" /><ent r="3" t="72" w="41" /></phr></stem><stem n="herein"><phr n="herein"><ent r="3" t="72" w="42" /><ent r="3" t="72" w="42" /><ent r="3" t="72" w="286" /></phr></stem><stem n="objects®"><phr n="Objects®"><ent r="3" t="72" w="59" /><ent r="3" t="72" w="59" /></phr></stem><stem n="logo"><phr n="logo"><ent r="3" t="72" w="64" /><ent r="3" t="72" w="96" /><ent r="3" t="72" w="96" /></phr></stem><stem n="businessobjects®"><phr n="BusinessObjects®"><ent r="3" t="72" w="65" /><ent r="3" t="72" w="65" /></phr></stem><stem n="reports®"><phr n="Reports®"><ent r="3" t="72" w="68" /><ent r="3" t="72" w="68" /></phr></stem><stem n="ltd"><phr n="Ltd"><ent r="3" t="72" w="78" /></phr></stem><stem n="unit"><phr n="United"><ent r="3" t="72" w="81" /><ent r="3" t="72" w="81" /></phr></stem><stem n="countri"><phr n="countries"><ent r="3" t="72" w="86" /></phr></stem><stem n="microsoft®"><phr n="Microsoft®"><ent r="3" t="72" w="87" /></phr></stem><stem n="server®"><phr n="Server®"><ent r="3" t="72" w="89" /></phr></stem><stem n="windows®"><phr n="Windows®"><ent r="3" t="72" w="90" /></phr></stem><stem n="vista®"><phr n="Vista®"><ent r="3" t="72" w="92" /></phr></stem><stem n="whole"><phr n="whole"><ent r="3" t="72" w="124" /><ent r="3" t="72" w="124" /></phr></stem><stem n="photocopi"><phr n="photocopied"><ent r="3" t="72" w="130" /></phr></stem><stem n="reproduc"><phr n="reproduced"><ent r="3" t="72" w="131" /></phr></stem><stem n="translat"><phr n="translated"><ent r="3" t="72" w="132" /></phr></stem><stem n="reduc"><phr n="reduced"><ent r="3" t="72" w="134" /><ent r="3" t="72" w="134" /></phr></stem><stem n="electron"><phr n="electronic"><ent r="3" t="72" w="137" /><ent r="3" t="72" w="137" /></phr></stem><stem n="medium"><phr n="medium"><ent r="3" t="72" w="138" /><ent r="3" t="72" w="138" /></phr></stem><stem n="computer-read"><phr n="computer-readable"><ent r="3" t="72" w="140" /><ent r="3" t="72" w="140" /></phr></stem><stem n="readabl"><phr n="readable"><ent r="3" t="72" w="141" /></phr></stem><stem n="prior"><phr n="prior"><ent r="3" t="72" w="144" /><ent r="3" t="72" w="144" /></phr></stem><stem n="consent"><phr n="consent"><ent r="3" t="72" w="145" /><ent r="3" t="72" w="145" /></phr></stem><stem n="8800"><phr n="8800"><ent r="3" t="72" w="154" /><ent r="3" t="72" w="154" /></phr></stem><stem n="gainei"><phr n="Gainey"><ent r="3" t="72" w="156" /><ent r="3" t="72" w="156" /></phr></stem><stem n="drive"><phr n="Drive"><ent r="3" t="72" w="158" /></phr></stem><stem n="200"><phr n="200"><ent r="3" t="72" w="160" /><ent r="3" t="72" w="160" /></phr></stem><stem n="scottsdal"><phr n="Scottsdale"><ent r="3" t="72" w="161" /></phr></stem><stem n="az"><phr n="AZ"><ent r="3" t="72" w="162" /><ent r="3" t="72" w="162" /></phr></stem><stem n="85258"><phr n="85258"><ent r="3" t="72" w="163" /><ent r="3" t="72" w="163" /></phr></stem><stem n="attn"><phr n="ATTN"><ent r="3" t="72" w="164" /></phr></stem><stem n="legal"><phr n="Legal"><ent r="3" t="72" w="165" /><ent r="3" t="72" w="165" /></phr></stem><stem n="depart"><phr n="Department"><ent r="3" t="72" w="166" /></phr></stem><stem n="fiction"><phr n="FICTIONAL"><ent r="3" t="72" w="182" /><ent r="3" t="72" w="182" /></phr></stem><stem n="portrai"><phr n="PORTRAY"><ent r="3" t="72" w="189" /><ent r="3" t="72" w="189" /></phr></stem><stem n="substanc"><phr n="SUBSTANCE"><ent r="3" t="72" w="193" /><ent r="3" t="72" w="193" /></phr></stem><stem n="actual"><phr n="ACTUAL"><ent r="3" t="72" w="195" /><ent r="3" t="72" w="195" /></phr></stem><stem n="institut"><phr n="INSTITUTIONS"><ent r="3" t="72" w="200" /></phr><phr n="INSTITUTION"><ent r="3" t="72" w="210" /><ent r="3" t="72" w="210" /></phr></stem><stem n="resembl"><phr n="RESEMBLANCE"><ent r="3" t="72" w="202" /><ent r="3" t="72" w="202" /></phr></stem><stem n="pure"><phr n="PURELY"><ent r="3" t="72" w="212" /><ent r="3" t="72" w="212" /></phr></stem><stem n="coincident"><phr n="COINCIDENTAL"><ent r="3" t="72" w="213" /></phr></stem><stem n="warranti"><phr n="warranties"><ent r="3" t="72" w="235" /><ent r="3" t="72" w="235" /><ent r="3" t="72" w="245" /><ent r="3" t="72" w="245" /></phr></stem><stem n="disclaim"><phr n="disclaims"><ent r="3" t="72" w="242" /><ent r="3" t="72" w="242" /></phr></stem><stem n="impli"><phr n="implied"><ent r="3" t="72" w="244" /><ent r="3" t="72" w="244" /></phr></stem><stem n="merchant"><phr n="merchantability"><ent r="3" t="72" w="247" /><ent r="3" t="72" w="247" /></phr></stem><stem n="purpos"><phr n="purpose"><ent r="3" t="72" w="253" /></phr></stem><stem n="shall"><phr n="shall"><ent r="3" t="72" w="259" /><ent r="3" t="72" w="259" /></phr></stem><stem n="liabl"><phr n="liable"><ent r="3" t="72" w="262" /><ent r="3" t="72" w="262" /></phr></stem><stem n="error"><phr n="errors"><ent r="3" t="72" w="265" /><ent r="3" t="72" w="265" /></phr></stem><stem n="incident"><phr n="incidental"><ent r="3" t="72" w="268" /><ent r="3" t="72" w="268" /></phr></stem><stem n="consequenti"><phr n="consequential"><ent r="3" t="72" w="270" /><ent r="3" t="72" w="270" /></phr></stem><stem n="damag"><phr n="damages"><ent r="3" t="72" w="271" /><ent r="3" t="72" w="271" /></phr></stem><stem n="furnish"><phr n="furnishing"><ent r="3" t="72" w="276" /></phr></stem><stem n="accord"><phr n="according"><ent r="6" t="73" w="37" /><ent r="6" t="73" w="37" /><ent r="6" t="73" w="65" /><ent r="6" t="73" w="65" /><ent r="6" t="73" w="83" /><ent r="6" t="73" w="83" /><ent r="6" t="73" w="112" /><ent r="6" t="73" w="112" /><ent r="6" t="73" w="209" /><ent r="6" t="73" w="209" /><ent r="6" t="73" w="289" /><ent r="6" t="73" w="289" /></phr></stem><stem n="region"><phr n="Regional"><ent r="6" t="73" w="47" /><ent r="6" t="73" w="47" /><ent r="6" t="73" w="73" /><ent r="6" t="73" w="73" /><ent r="6" t="73" w="91" /><ent r="6" t="73" w="91" /><ent r="6" t="73" w="122" /><ent r="6" t="73" w="122" /><ent r="6" t="73" w="219" /><ent r="6" t="73" w="219" /><ent r="6" t="73" w="297" /><ent r="6" t="73" w="297" /></phr></stem><stem n="alphanumer"><phr n="Alphanumeric"><ent r="6" t="73" w="54" /><ent r="6" t="73" w="54" /><ent r="6" t="73" w="147" /><ent r="6" t="73" w="147" /><ent r="6" t="73" w="152" /><ent r="6" t="73" w="152" /><ent r="6" t="73" w="175" /><ent r="6" t="73" w="175" /><ent r="6" t="73" w="198" /><ent r="6" t="73" w="198" /><ent r="6" t="73" w="325" /><ent r="6" t="73" w="325" /><ent r="6" t="73" w="349" /><ent r="6" t="73" w="349" /></phr></stem><stem n="selector"><phr n="selector"><ent r="6" t="73" w="103" /><ent r="6" t="73" w="135" /><ent r="6" t="73" w="309" /></phr></stem><stem n="initialcap"><phr n="InitialCaps"><ent r="6" t="73" w="150" /><ent r="6" t="73" w="150" /></phr></stem><stem n="shift"><phr n="Shift"><ent r="6" t="73" w="183" /><ent r="6" t="73" w="183" /><ent r="6" t="73" w="333" /><ent r="6" t="73" w="333" /></phr></stem><stem n="unicod"><phr n="Unicode"><ent r="6" t="73" w="227" /><ent r="6" t="73" w="227" /><ent r="6" t="75" w="93" /><ent r="6" t="75" w="93" /><ent r="6" t="75" w="298" /><ent r="6" t="75" w="298" /></phr></stem><stem n="compliant"><phr n="compliant"><ent r="6" t="73" w="228" /><ent r="6" t="73" w="228" /></phr></stem><stem n="numer"><phr n="Numeric"><ent r="6" t="73" w="234" /><ent r="6" t="73" w="234" /></phr></stem><stem n="integ"><phr n="integer"><ent r="6" t="73" w="273" /><ent r="6" t="73" w="273" /><ent r="6" t="73" w="314" /><ent r="6" t="73" w="314" /><ent r="6" t="75" w="51" /><ent r="6" t="75" w="51" /><ent r="6" t="75" w="219" /><ent r="6" t="75" w="219" /><ent r="6" t="75" w="358" /><ent r="6" t="75" w="358" /></phr><phr n="integers"><ent r="6" t="75" w="156" /><ent r="6" t="75" w="156" /><ent r="6" t="75" w="173" /><ent r="6" t="75" w="173" /><ent r="6" t="75" w="190" /><ent r="6" t="75" w="190" /><ent r="6" t="75" w="207" /><ent r="6" t="75" w="207" /><ent r="6" t="75" w="256" /><ent r="6" t="75" w="256" /><ent r="6" t="75" w="311" /><ent r="6" t="75" w="311" /><ent r="6" t="75" w="328" /><ent r="6" t="75" w="328" /><ent r="6" t="75" w="346" /><ent r="6" t="75" w="346" /></phr></stem><stem n="32"><phr n="32"><ent r="6" t="73" w="278" /><ent r="6" t="73" w="281" /><ent r="6" t="75" w="154" /><ent r="6" t="75" w="188" /><ent r="6" t="75" w="228" /><ent r="6" t="75" w="233" /><ent r="6" t="75" w="326" /><ent r="6" t="75" w="367" /><ent r="6" t="75" w="373" /></phr></stem><stem n="768"><phr n="768"><ent r="6" t="73" w="279" /><ent r="6" t="73" w="279" /></phr></stem><stem n="-32,768"><phr n="-32,768"><ent r="6" t="73" w="279" /></phr></stem><stem n="767"><phr n="767"><ent r="6" t="73" w="282" /></phr></stem><stem n="255"><phr n="255"><ent r="6" t="73" w="321" /><ent r="6" t="75" w="58" /></phr></stem><stem n="non-charact"><phr n="non-character"><ent r="6" t="73" w="369" /><ent r="6" t="73" w="369" /></phr></stem><stem n="yesno"><phr n="YesNo"><ent r="6" t="73" w="373" /><ent r="6" t="73" w="373" /></phr></stem><stem n="simpl"><phr n="simple"><ent r="6" t="75" w="29" /><ent r="6" t="75" w="29" /><ent r="6" t="75" w="99" /><ent r="6" t="75" w="99" /></phr></stem><stem n="8-bit"><phr n="8-bit"><ent r="6" t="75" w="48" /><ent r="6" t="75" w="48" /><ent r="6" t="75" w="254" /><ent r="6" t="75" w="254" /></phr></stem><stem n="unsign"><phr n="unsigned"><ent r="6" t="75" w="50" /><ent r="6" t="75" w="50" /><ent r="6" t="75" w="75" /><ent r="6" t="75" w="75" /><ent r="6" t="75" w="308" /><ent r="6" t="75" w="308" /><ent r="6" t="75" w="325" /><ent r="6" t="75" w="325" /><ent r="6" t="75" w="343" /><ent r="6" t="75" w="343" /><ent r="6" t="75" w="357" /><ent r="6" t="75" w="357" /></phr></stem><stem n="rang"><phr n="ranging"><ent r="6" t="75" w="52" /><ent r="6" t="75" w="52" /><ent r="6" t="75" w="81" /><ent r="6" t="75" w="81" /><ent r="6" t="75" w="103" /><ent r="6" t="75" w="103" /><ent r="6" t="75" w="125" /><ent r="6" t="75" w="125" /><ent r="6" t="75" w="272" /><ent r="6" t="75" w="272" /></phr></stem><stem n="binari"><phr n="binary"><ent r="6" t="75" w="67" /><ent r="6" t="75" w="67" /></phr></stem><stem n="16-bit"><phr n="16-bit"><ent r="6" t="75" w="76" /><ent r="6" t="75" w="76" /><ent r="6" t="75" w="171" /><ent r="6" t="75" w="171" /><ent r="6" t="75" w="309" /><ent r="6" t="75" w="309" /></phr></stem><stem n="16"><phr n="16"><ent r="6" t="75" w="76" /><ent r="6" t="75" w="144" /><ent r="6" t="75" w="171" /><ent r="6" t="75" w="309" /></phr></stem><stem n="2-byte"><phr n="2-byte"><ent r="6" t="75" w="78" /></phr></stem><stem n="65535"><phr n="65535"><ent r="6" t="75" w="87" /><ent r="6" t="75" w="317" /></phr></stem><stem n="0x10"><phr n="0x10"><ent r="6" t="75" w="107" /><ent r="6" t="75" w="107" /><ent r="6" t="75" w="129" /><ent r="6" t="75" w="129" /></phr></stem><stem n="28"><phr n="28"><ent r="7" t="75" w="109" /><ent r="7" t="75" w="109" /><ent r="7" t="75" w="115" /></phr></stem><stem n="-28"><phr n="-28"><ent r="7" t="75" w="109" /></phr></stem><stem n="7"><phr n="7"><ent r="6" t="75" w="112" /><ent r="6" t="75" w="290" /><ent r="6" t="75" w="290" /></phr></stem><stem n="9x10"><phr n="9x10"><ent r="6" t="75" w="113" /><ent r="6" t="75" w="113" /></phr></stem><stem n="float"><phr n="floating"><ent r="6" t="75" w="120" /><ent r="6" t="75" w="120" /><ent r="6" t="75" w="267" /><ent r="6" t="75" w="267" /></phr></stem><stem n="approxim"><phr n="approximately"><ent r="6" t="75" w="127" /><ent r="6" t="75" w="127" /><ent r="6" t="75" w="274" /><ent r="6" t="75" w="274" /></phr></stem><stem n="324"><phr n="324"><ent r="7" t="75" w="131" /><ent r="7" t="75" w="131" /></phr></stem><stem n="-324"><phr n="-324"><ent r="7" t="75" w="131" /></phr></stem><stem n="7x10"><phr n="7x10"><ent r="6" t="75" w="135" /><ent r="6" t="75" w="135" /></phr></stem><stem n="308"><phr n="308"><ent r="7" t="75" w="137" /><ent r="7" t="75" w="137" /></phr></stem><stem n="-308"><phr n="-308"><ent r="7" t="75" w="137" /></phr></stem><stem n="15-16"><phr n="15-16"><ent r="6" t="75" w="143" /><ent r="6" t="75" w="143" /></phr></stem><stem n="15"><phr n="15"><ent r="6" t="75" w="143" /></phr></stem><stem n="digit"><phr n="digits"><ent r="6" t="75" w="145" /><ent r="6" t="75" w="291" /></phr></stem><stem n="32-bit"><phr n="32-bit"><ent r="6" t="75" w="154" /><ent r="6" t="75" w="154" /><ent r="6" t="75" w="188" /><ent r="6" t="75" w="188" /><ent r="6" t="75" w="228" /><ent r="6" t="75" w="228" /><ent r="6" t="75" w="233" /><ent r="6" t="75" w="233" /><ent r="6" t="75" w="326" /><ent r="6" t="75" w="326" /><ent r="6" t="75" w="373" /><ent r="6" t="75" w="373" /></phr></stem><stem n="2147483648"><phr n="2147483648"><ent r="6" t="75" w="160" /><ent r="6" t="75" w="160" /><ent r="6" t="75" w="194" /><ent r="6" t="75" w="194" /></phr></stem><stem n="-2147483648"><phr n="-2147483648"><ent r="6" t="75" w="160" /><ent r="6" t="75" w="194" /></phr></stem><stem n="2147483647"><phr n="2147483647"><ent r="6" t="75" w="162" /><ent r="6" t="75" w="196" /></phr></stem><stem n="32768"><phr n="32768"><ent r="6" t="75" w="177" /><ent r="6" t="75" w="177" /></phr></stem><stem n="-32768"><phr n="-32768"><ent r="6" t="75" w="177" /></phr></stem><stem n="32767"><phr n="32767"><ent r="6" t="75" w="179" /></phr></stem><stem n="int64"><phr n="Int64"><ent r="6" t="75" w="198" /><ent r="6" t="75" w="198" /></phr></stem><stem n="64-bit"><phr n="64-bit"><ent r="6" t="75" w="205" /><ent r="6" t="75" w="205" /><ent r="6" t="75" w="238" /><ent r="6" t="75" w="238" /><ent r="6" t="75" w="243" /><ent r="6" t="75" w="243" /><ent r="6" t="75" w="344" /><ent r="6" t="75" w="344" /><ent r="6" t="75" w="378" /><ent r="6" t="75" w="378" /><ent r="6" t="75" w="383" /><ent r="6" t="75" w="383" /></phr></stem><stem n="64"><phr n="64"><ent r="6" t="75" w="205" /><ent r="6" t="75" w="238" /><ent r="6" t="75" w="243" /><ent r="6" t="75" w="337" /><ent r="6" t="75" w="337" /><ent r="6" t="75" w="344" /><ent r="6" t="75" w="378" /><ent r="6" t="75" w="383" /></phr></stem><stem n="9223372036854775808"><phr n="9223372036854775808"><ent r="6" t="75" w="211" /><ent r="6" t="75" w="211" /></phr></stem><stem n="-9223372036854775808"><phr n="-9223372036854775808"><ent r="6" t="75" w="211" /></phr></stem><stem n="9223372036854775807"><phr n="9223372036854775807"><ent r="6" t="75" w="213" /></phr></stem><stem n="-9223372036854775807."><phr n="-9223372036854775807."><ent r="6" t="75" w="214" /></phr></stem><stem n="intptr"><phr n="IntPtr"><ent r="6" t="75" w="215" /><ent r="6" t="75" w="215" /></phr></stem><stem n="size"><phr n="size"><ent r="6" t="75" w="221" /><ent r="6" t="75" w="221" /><ent r="6" t="75" w="360" /><ent r="6" t="75" w="360" /></phr></stem><stem n="underli"><phr n="underlying"><ent r="6" t="75" w="225" /><ent r="6" t="75" w="225" /><ent r="6" t="75" w="364" /><ent r="6" t="75" w="364" /></phr></stem><stem n="sing"><phr n="singed"><ent r="6" t="75" w="253" /><ent r="6" t="75" w="253" /></phr></stem><stem n="128"><phr n="128"><ent r="6" t="75" w="260" /><ent r="6" t="75" w="260" /></phr></stem><stem n="-128"><phr n="-128"><ent r="6" t="75" w="260" /></phr></stem><stem n="127"><phr n="127"><ent r="6" t="75" w="262" /></phr></stem><stem n="5x10"><phr n="5x10"><ent r="6" t="75" w="276" /><ent r="6" t="75" w="276" /></phr></stem><stem n="45"><phr n="45"><ent r="7" t="75" w="278" /><ent r="7" t="75" w="278" /></phr></stem><stem n="-45"><phr n="-45"><ent r="7" t="75" w="278" /></phr></stem><stem n="4x10"><phr n="4x10"><ent r="6" t="75" w="282" /><ent r="6" t="75" w="282" /></phr></stem><stem n="uint16"><phr n="UInt16"><ent r="6" t="75" w="302" /><ent r="6" t="75" w="302" /></phr></stem><stem n="uint32"><phr n="UInt32"><ent r="6" t="75" w="319" /><ent r="6" t="75" w="319" /></phr></stem><stem n="4294967295"><phr n="4294967295"><ent r="6" t="75" w="334" /></phr></stem><stem n="18446744073709551615"><phr n="18446744073709551615"><ent r="6" t="75" w="352" /></phr></stem><stem n="uintptr"><phr n="UIntPtr"><ent r="6" t="75" w="354" /><ent r="6" t="75" w="354" /></phr></stem><stem n="32-"><phr n="32-"><ent r="6" t="75" w="367" /><ent r="6" t="75" w="367" /></phr></stem><stem n="sage"><phr n="Sage"><ent r="4" t="76" w="18" /><ent r="4" t="76" w="18" /></phr></stem><stem n="2010"><phr n="2010"><ent r="3" t="76" w="20" /><ent r="3" t="76" w="20" /></phr></stem><stem n="revamp"><phr n="revamped"><ent r="3" t="76" w="23" /><ent r="3" t="76" w="23" /></phr></stem><stem n="uninstal"><phr n="uninstall"><ent r="4" t="77" w="136" /><ent r="4" t="77" w="136" /><ent r="4" t="78" w="136" /><ent r="4" t="78" w="136" /></phr></stem><stem n="reinstal"><phr n="reinstall"><ent r="4" t="77" w="139" /><ent r="4" t="77" w="139" /><ent r="4" t="78" w="149" /><ent r="4" t="78" w="149" /></phr></stem><stem n="overwritten"><phr n="overwritten"><ent r="4" t="77" w="151" /><ent r="4" t="78" w="158" /></phr></stem><stem n="environ"><phr n="environment"><ent r="3" t="77" w="188" /></phr></stem><stem n="remain"><phr n="remain"><ent r="4" t="78" w="141" /><ent r="4" t="78" w="141" /></phr></stem><stem n="non-"><phr n="non-"><ent r="3" t="78" w="205" /><ent r="3" t="78" w="205" /></phr></stem><stem n="togeth"><phr n="together"><ent r="7" t="79" w="159" /></phr></stem><stem n="proxim"><phr n="proximity"><ent r="7" t="79" w="172" /><ent r="7" t="79" w="172" /></phr></stem><stem n="|"><phr n="|"><ent r="3" t="79" w="181" /></phr></stem><stem n="mark"><phr n="mark"><ent r="3" t="81" w="49" /><ent r="3" t="81" w="49" /><ent r="7" t="81" w="148" /><ent r="7" t="81" w="148" /></phr></stem><stem n="asterisk"><phr n="asterisk"><ent r="3" t="81" w="51" /><ent r="7" t="81" w="122" /><ent r="7" t="81" w="122" /></phr></stem><stem n="liter"><phr n="literal"><ent r="7" t="81" w="93" /><ent r="7" t="81" w="93" /></phr></stem><stem n="roleid"><phr n="RoleID"><ent r="7" t="81" w="141" /><ent r="7" t="81" w="141" /></phr></stem><stem n="facilit"><phr n="facilitate"><ent r="4" t="82" w="55" /><ent r="5" t="82" w="225" /></phr></stem><stem n="devot"><phr n="devoted"><ent r="4" t="82" w="63" /><ent r="4" t="82" w="63" /><ent r="5" t="82" w="233" /><ent r="5" t="82" w="233" /></phr></stem><stem n="winform"><phr n="WinForms"><ent r="4" t="82" w="103" /><ent r="4" t="82" w="103" /></phr></stem><stem n="scalabl"><phr n="scalable"><ent r="5" t="82" w="164" /><ent r="5" t="82" w="164" /></phr></stem><stem n="design-tim"><phr n="Design-time"><ent r="4" t="82" w="174" /><ent r="4" t="82" w="174" /></phr></stem><stem n="facil"><phr n="facilities"><ent r="4" t="82" w="176" /><ent r="4" t="82" w="176" /></phr></stem></index>