<?xml version="1.0" encoding="utf-8"?><index><stem n="exist"><phr n="exist"><ent r="3" t="2" w="125" /><ent r="3" t="9" w="69" /><ent r="3" t="9" w="72" /><ent r="3" t="9" w="72" /><ent r="4" t="15" w="426" /><ent r="4" t="15" w="429" /><ent r="4" t="15" w="429" /><ent r="3" t="26" w="106" /><ent r="3" t="26" w="106" /><ent r="3" t="52" w="152" /><ent r="3" t="52" w="152" /><ent r="3" t="65" w="137" /><ent r="3" t="65" w="137" /><ent r="3" t="65" w="462" /><ent r="3" t="65" w="462" /><ent r="3" t="69" w="174" /><ent r="3" t="69" w="240" /></phr><phr n="exists"><ent r="3" t="15" w="195" /><ent r="3" t="15" w="195" /><ent r="3" t="44" w="25" /><ent r="3" t="44" w="25" /></phr><phr n="existing"><ent r="3" t="24" w="209" /><ent r="3" t="24" w="209" /><ent r="3" t="37" w="39" /><ent r="3" t="37" w="39" /><ent r="3" t="37" w="297" /><ent r="3" t="37" w="297" /><ent r="3" t="38" w="13" /><ent r="3" t="38" w="13" /><ent r="3" t="45" w="240" /><ent r="3" t="45" w="240" /><ent r="3" t="56" w="58" /><ent r="3" t="56" w="58" /></phr><phr n="Existing"><ent r="4" t="78" w="66" /><ent r="4" t="78" w="66" /></phr></stem><stem n="maintain"><phr n="maintained"><ent r="3" t="2" w="131" /><ent r="3" t="2" w="131" /><ent r="3" t="51" w="100" /><ent r="3" t="51" w="100" /></phr></stem><stem n="compat"><phr n="compatibility"><ent r="3" t="2" w="133" /></phr><phr n="compatible"><ent r="3" t="2" w="143" /></phr></stem><stem n="futur"><phr n="Future"><ent r="3" t="2" w="134" /><ent r="3" t="2" w="134" /></phr><phr n="future"><ent r="3" t="27" w="215" /><ent r="3" t="27" w="215" /><ent r="3" t="27" w="319" /><ent r="3" t="27" w="319" /><ent r="3" t="29" w="354" /><ent r="3" t="29" w="354" /><ent r="3" t="29" w="463" /><ent r="3" t="29" w="463" /><ent r="3" t="56" w="96" /><ent r="3" t="56" w="96" /></phr></stem><stem n="non-compat"><phr n="non-compatible"><ent r="3" t="2" w="142" /><ent r="3" t="2" w="142" /></phr></stem><stem n="ani"><phr n="any"><ent r="3" t="2" w="154" /><ent r="3" t="2" w="154" /><ent r="3" t="2" w="496" /><ent r="3" t="2" w="496" /><ent r="3" t="2" w="516" /><ent r="3" t="2" w="516" /><ent r="6" t="3" w="572" /><ent r="6" t="3" w="572" /><ent r="3" t="4" w="322" /><ent r="3" t="4" w="322" /><ent r="3" t="7" w="48" /><ent r="3" t="7" w="48" /><ent r="5" t="14" w="196" /><ent r="5" t="14" w="196" /><ent r="3" t="24" w="208" /><ent r="3" t="24" w="208" /><ent r="3" t="24" w="215" /><ent r="3" t="24" w="215" /><ent r="3" t="27" w="410" /><ent r="3" t="27" w="410" /><ent r="3" t="29" w="184" /><ent r="3" t="29" w="184" /><ent r="3" t="29" w="291" /><ent r="3" t="29" w="291" /><ent r="3" t="39" w="382" /><ent r="3" t="39" w="382" /><ent r="3" t="43" w="47" /><ent r="3" t="43" w="47" /><ent r="3" t="48" w="230" /><ent r="3" t="48" w="230" /><ent r="4" t="65" w="557" /><ent r="4" t="65" w="557" /><ent r="4" t="69" w="248" /><ent r="4" t="69" w="248" /><ent r="3" t="72" w="136" /><ent r="3" t="72" w="136" /><ent r="3" t="72" w="243" /><ent r="3" t="72" w="243" /><ent r="3" t="72" w="264" /><ent r="3" t="72" w="264" /><ent r="4" t="78" w="34" /><ent r="4" t="78" w="34" /><ent r="6" t="80" w="576" /><ent r="6" t="80" w="576" /></phr><phr n="ANY"><ent r="3" t="72" w="194" /><ent r="3" t="72" w="194" /><ent r="3" t="72" w="201" /><ent r="3" t="72" w="201" /><ent r="3" t="72" w="204" /><ent r="3" t="72" w="204" /></phr></stem><stem n="ex"><phr n="EXEs"><ent r="3" t="2" w="157" /><ent r="3" t="2" w="157" /><ent r="3" t="2" w="171" /><ent r="3" t="2" w="171" /></phr></stem><stem n="unsupport"><phr n="Unsupported"><ent r="3" t="2" w="168" /><ent r="3" t="2" w="168" /></phr><phr n="unsupported"><ent r="3" t="2" w="202" /><ent r="3" t="2" w="202" /></phr></stem><stem n="remov"><phr n="removed"><ent r="3" t="2" w="176" /><ent r="3" t="2" w="208" /><ent r="3" t="2" w="208" /><ent r="3" t="24" w="224" /><ent r="3" t="24" w="224" /><ent r="3" t="24" w="246" /><ent r="3" t="24" w="246" /></phr><phr n="removing"><ent r="6" t="7" w="312" /><ent r="6" t="7" w="312" /><ent r="6" t="7" w="453" /><ent r="6" t="7" w="453" /><ent r="6" t="7" w="571" /><ent r="6" t="7" w="571" /><ent r="6" t="7" w="580" /><ent r="6" t="7" w="580" /><ent r="6" t="7" w="590" /><ent r="6" t="7" w="590" /><ent r="6" t="7" w="896" /><ent r="6" t="7" w="896" /><ent r="6" t="7" w="926" /><ent r="6" t="7" w="926" /><ent r="3" t="44" w="44" /><ent r="3" t="44" w="44" /><ent r="4" t="55" w="86" /><ent r="4" t="55" w="86" /></phr><phr n="Remove"><ent r="7" t="17" w="3617" /><ent r="7" t="17" w="3617" /><ent r="8" t="17" w="4012" /><ent r="8" t="17" w="4012" /><ent r="7" t="17" w="4445" /><ent r="7" t="17" w="4445" /><ent r="7" t="17" w="4721" /><ent r="7" t="17" w="4721" /><ent r="8" t="17" w="4813" /><ent r="8" t="17" w="4813" /><ent r="7" t="17" w="6100" /><ent r="7" t="17" w="6100" /><ent r="7" t="17" w="6643" /><ent r="7" t="17" w="6643" /><ent r="5" t="55" w="197" /><ent r="4" t="65" w="442" /></phr><phr n="remove"><ent r="7" t="17" w="6113" /><ent r="7" t="17" w="6113" /><ent r="3" t="30" w="21" /><ent r="3" t="30" w="21" /></phr><phr n="removes"><ent r="4" t="42" w="99" /><ent r="4" t="42" w="99" /></phr><phr n="Removes"><ent r="3" t="64" w="337" /><ent r="3" t="64" w="337" /><ent r="3" t="65" w="446" /><ent r="3" t="65" w="446" /><ent r="3" t="65" w="478" /><ent r="3" t="65" w="478" /></phr></stem><stem n="deploi"><phr n="deployed"><ent r="3" t="2" w="191" /><ent r="3" t="2" w="191" /></phr></stem><stem n="consid"><phr n="considered"><ent r="3" t="2" w="201" /><ent r="3" t="2" w="201" /><ent r="3" t="78" w="216" /><ent r="3" t="78" w="216" /></phr><phr n="Consider"><ent r="4" t="18" w="95" /><ent r="4" t="18" w="95" /></phr></stem><stem n="inlin"><phr n="inline"><ent r="3" t="2" w="210" /><ent r="3" t="2" w="210" /></phr></stem><stem n="releas"><phr n="releases"><ent r="3" t="2" w="211" /></phr><phr n="release"><ent r="3" t="2" w="512" /><ent r="3" t="2" w="512" /><ent r="3" t="19" w="47" /><ent r="3" t="27" w="304" /><ent r="3" t="27" w="304" /><ent r="3" t="27" w="572" /><ent r="3" t="27" w="572" /><ent r="3" t="35" w="89" /><ent r="3" t="35" w="89" /></phr><phr n="Released"><ent r="3" t="72" w="11" /><ent r="3" t="72" w="11" /></phr></stem><stem n="violat"><phr n="violation"><ent r="3" t="2" w="220" /><ent r="3" t="2" w="220" /></phr></stem><stem n="licens"><phr n="license"><ent r="3" t="2" w="225" /><ent r="3" t="2" w="232" /><ent r="3" t="2" w="232" /></phr></stem><stem n="therefor"><phr n="therefore"><ent r="3" t="2" w="226" /></phr><phr n="Therefore"><ent r="3" t="66" w="35" /></phr></stem><stem n="out"><phr n="out"><ent r="3" t="2" w="230" /><ent r="3" t="2" w="230" /><ent r="3" t="7" w="102" /><ent r="3" t="7" w="102" /><ent r="3" t="37" w="99" /><ent r="3" t="37" w="99" /><ent r="3" t="37" w="134" /><ent r="4" t="38" w="52" /><ent r="4" t="38" w="52" /><ent r="3" t="61" w="215" /><ent r="3" t="61" w="215" /><ent r="3" t="61" w="218" /><ent r="3" t="61" w="218" /><ent r="3" t="61" w="221" /><ent r="3" t="61" w="221" /><ent r="3" t="61" w="224" /><ent r="3" t="61" w="224" /><ent r="3" t="61" w="227" /><ent r="3" t="61" w="227" /><ent r="3" t="61" w="230" /><ent r="3" t="61" w="230" /><ent r="3" t="61" w="233" /><ent r="3" t="61" w="233" /><ent r="3" t="63" w="182" /><ent r="3" t="63" w="182" /><ent r="3" t="63" w="185" /><ent r="3" t="63" w="185" /></phr><phr n="Outs"><ent r="6" t="17" w="6745" /><ent r="6" t="17" w="6745" /></phr></stem><stem n="agreement"><phr n="agreement"><ent r="3" t="2" w="233" /><ent r="3" t="2" w="233" /></phr></stem><stem n="befor"><phr n="before"><ent r="3" t="2" w="239" /><ent r="3" t="2" w="239" /><ent r="3" t="31" w="584" /><ent r="3" t="31" w="584" /><ent r="3" t="31" w="683" /><ent r="3" t="31" w="683" /><ent r="3" t="35" w="514" /><ent r="3" t="35" w="514" /><ent r="3" t="50" w="106" /><ent r="3" t="50" w="106" /><ent r="3" t="50" w="207" /><ent r="3" t="50" w="207" /><ent r="4" t="65" w="556" /><ent r="4" t="65" w="556" /><ent r="4" t="69" w="376" /><ent r="4" t="69" w="376" /></phr></stem><stem n="begin"><phr n="beginning"><ent r="3" t="2" w="240" /><ent r="6" t="73" w="161" /><ent r="6" t="73" w="161" /></phr></stem><stem n="part"><phr n="part"><ent r="3" t="2" w="256" /><ent r="3" t="2" w="256" /><ent r="6" t="3" w="372" /><ent r="6" t="3" w="372" /><ent r="3" t="27" w="139" /><ent r="3" t="27" w="139" /><ent r="3" t="39" w="162" /><ent r="3" t="39" w="162" /><ent r="3" t="48" w="144" /><ent r="3" t="48" w="144" /><ent r="3" t="48" w="198" /><ent r="3" t="48" w="198" /><ent r="3" t="48" w="286" /><ent r="3" t="48" w="286" /><ent r="3" t="48" w="356" /><ent r="3" t="48" w="356" /><ent r="3" t="50" w="189" /><ent r="3" t="50" w="189" /><ent r="3" t="72" w="127" /><ent r="6" t="80" w="389" /><ent r="6" t="80" w="389" /><ent r="4" t="82" w="124" /><ent r="4" t="82" w="124" /></phr></stem><stem n="add-on"><phr n="add-on"><ent r="3" t="2" w="275" /><ent r="3" t="2" w="275" /><ent r="3" t="2" w="285" /><ent r="3" t="2" w="285" /><ent r="3" t="2" w="360" /><ent r="3" t="2" w="455" /><ent r="3" t="2" w="455" /><ent r="3" t="2" w="482" /><ent r="3" t="2" w="482" /><ent r="3" t="15" w="49" /><ent r="3" t="15" w="49" /><ent r="3" t="15" w="56" /><ent r="3" t="15" w="56" /><ent r="4" t="15" w="253" /><ent r="4" t="15" w="253" /><ent r="3" t="18" w="17" /><ent r="3" t="18" w="17" /><ent r="6" t="18" w="213" /><ent r="6" t="18" w="213" /><ent r="3" t="19" w="25" /><ent r="3" t="19" w="25" /><ent r="3" t="19" w="36" /><ent r="3" t="19" w="36" /><ent r="3" t="19" w="80" /><ent r="3" t="19" w="80" /><ent r="3" t="20" w="57" /><ent r="3" t="20" w="57" /><ent r="3" t="22" w="12" /><ent r="3" t="22" w="12" /></phr><phr n="add-ons"><ent r="3" t="2" w="340" /><ent r="3" t="2" w="340" /><ent r="3" t="2" w="421" /><ent r="3" t="2" w="421" /><ent r="3" t="2" w="432" /><ent r="3" t="2" w="432" /><ent r="82" t="19" w="132" /><ent r="82" t="19" w="132" /><ent r="4" t="19" w="143" /><ent r="4" t="19" w="143" /><ent r="4" t="19" w="153" /><ent r="4" t="19" w="153" /><ent r="4" t="19" w="162" /><ent r="4" t="19" w="162" /><ent r="82" t="20" w="95" /><ent r="82" t="20" w="95" /><ent r="4" t="20" w="106" /><ent r="4" t="20" w="106" /><ent r="4" t="20" w="116" /><ent r="4" t="20" w="116" /><ent r="4" t="20" w="125" /><ent r="4" t="20" w="125" /><ent r="3" t="21" w="30" /><ent r="3" t="21" w="51" /><ent r="82" t="21" w="62" /><ent r="82" t="21" w="62" /><ent r="4" t="21" w="73" /><ent r="4" t="21" w="73" /><ent r="4" t="21" w="83" /><ent r="4" t="21" w="83" /><ent r="4" t="21" w="92" /><ent r="4" t="21" w="92" /><ent r="4" t="22" w="71" /><ent r="4" t="22" w="71" /><ent r="3" t="23" w="47" /></phr><phr n="Add-ons"><ent r="3" t="2" w="405" /><ent r="3" t="2" w="405" /><ent r="7" t="17" w="6562" /><ent r="7" t="17" w="6562" /><ent r="7" t="17" w="6573" /><ent r="7" t="17" w="6573" /></phr><phr n="Add-on"><ent r="3" t="4" w="80" /><ent r="3" t="4" w="80" /><ent r="3" t="4" w="120" /><ent r="3" t="4" w="120" /></phr></stem><stem n="plugin"><phr n="Plugins"><ent r="3" t="2" w="279" /><ent r="3" t="2" w="279" /><ent r="3" t="2" w="312" /><ent r="3" t="2" w="312" /><ent r="3" t="15" w="64" /><ent r="3" t="15" w="64" /><ent r="4" t="15" w="242" /><ent r="4" t="15" w="242" /><ent r="4" t="15" w="245" /><ent r="4" t="15" w="245" /><ent r="4" t="15" w="268" /><ent r="3" t="61" w="266" /><ent r="3" t="61" w="296" /><ent r="3" t="62" w="26" /><ent r="3" t="62" w="26" /><ent r="3" t="63" w="198" /><ent r="4" t="67" w="194" /><ent r="4" t="67" w="194" /><ent r="3" t="68" w="100" /><ent r="3" t="68" w="100" /><ent r="4" t="69" w="141" /><ent r="4" t="69" w="141" /><ent r="3" t="69" w="157" /><ent r="3" t="69" w="157" /><ent r="3" t="69" w="170" /><ent r="3" t="69" w="170" /><ent r="4" t="69" w="206" /><ent r="4" t="69" w="206" /></phr><phr n="Plugin"><ent r="3" t="2" w="469" /><ent r="3" t="2" w="469" /><ent r="3" t="69" w="228" /><ent r="3" t="69" w="228" /></phr><phr n="plugins"><ent r="3" t="45" w="248" /><ent r="4" t="82" w="150" /></phr><phr n="plugin"><ent r="3" t="62" w="44" /><ent r="3" t="62" w="44" /><ent r="3" t="63" w="192" /><ent r="3" t="66" w="19" /><ent r="3" t="66" w="19" /><ent r="4" t="67" w="38" /><ent r="4" t="67" w="38" /><ent r="3" t="67" w="69" /><ent r="3" t="67" w="69" /><ent r="3" t="67" w="204" /><ent r="3" t="67" w="204" /><ent r="3" t="68" w="89" /><ent r="3" t="69" w="57" /><ent r="3" t="69" w="57" /><ent r="3" t="69" w="67" /><ent r="3" t="69" w="67" /><ent r="4" t="69" w="186" /><ent r="3" t="69" w="253" /><ent r="3" t="69" w="253" /><ent r="3" t="69" w="283" /><ent r="3" t="69" w="283" /><ent r="4" t="82" w="115" /><ent r="4" t="82" w="115" /></phr></stem><stem n="either"><phr n="either"><ent r="3" t="2" w="296" /><ent r="3" t="2" w="296" /><ent r="3" t="15" w="28" /><ent r="3" t="15" w="28" /><ent r="3" t="15" w="223" /><ent r="3" t="15" w="223" /><ent r="3" t="27" w="335" /><ent r="3" t="27" w="335" /><ent r="3" t="31" w="192" /><ent r="3" t="31" w="192" /><ent r="3" t="31" w="818" /><ent r="3" t="31" w="818" /><ent r="3" t="32" w="51" /><ent r="3" t="32" w="51" /><ent r="7" t="79" w="119" /><ent r="7" t="79" w="119" /></phr><phr n="Either"><ent r="7" t="79" w="107" /><ent r="7" t="79" w="107" /></phr></stem><stem n="global"><phr n="Global"><ent r="3" t="2" w="301" /><ent r="3" t="2" w="301" /></phr></stem><stem n="cach"><phr n="Cache"><ent r="3" t="2" w="303" /><ent r="3" t="2" w="303" /></phr><phr n="cache"><ent r="3" t="28" w="602" /><ent r="3" t="28" w="602" /></phr></stem><stem n="creat"><phr n="create"><ent r="3" t="2" w="305" /><ent r="3" t="2" w="305" /><ent r="6" t="7" w="1243" /><ent r="6" t="7" w="1243" /><ent r="3" t="14" w="265" /><ent r="3" t="14" w="290" /><ent r="3" t="14" w="290" /><ent r="4" t="15" w="571" /><ent r="4" t="15" w="571" /><ent r="4" t="15" w="738" /><ent r="4" t="15" w="738" /><ent r="3" t="16" w="62" /><ent r="3" t="16" w="62" /><ent r="3" t="25" w="11" /><ent r="3" t="25" w="11" /><ent r="3" t="25" w="51" /><ent r="3" t="25" w="51" /><ent r="3" t="25" w="94" /><ent r="3" t="25" w="136" /><ent r="3" t="25" w="136" /><ent r="3" t="25" w="228" /><ent r="3" t="25" w="228" /><ent r="3" t="25" w="252" /><ent r="3" t="25" w="252" /><ent r="3" t="26" w="42" /><ent r="3" t="26" w="42" /><ent r="3" t="26" w="89" /><ent r="3" t="26" w="89" /><ent r="3" t="27" w="14" /><ent r="3" t="27" w="14" /><ent r="3" t="27" w="47" /><ent r="3" t="27" w="47" /><ent r="3" t="27" w="62" /><ent r="3" t="27" w="62" /><ent r="3" t="27" w="87" /><ent r="3" t="27" w="87" /><ent r="3" t="27" w="415" /><ent r="3" t="27" w="415" /><ent r="3" t="27" w="457" /><ent r="3" t="27" w="457" /><ent r="3" t="28" w="545" /><ent r="3" t="28" w="545" /><ent r="3" t="29" w="242" /><ent r="3" t="29" w="242" /><ent r="3" t="31" w="58" /><ent r="3" t="31" w="58" /><ent r="3" t="36" w="44" /><ent r="3" t="36" w="44" /><ent r="3" t="37" w="364" /><ent r="3" t="37" w="364" /><ent r="3" t="39" w="135" /><ent r="3" t="39" w="135" /><ent r="3" t="40" w="47" /><ent r="3" t="45" w="161" /><ent r="3" t="45" w="161" /><ent r="3" t="45" w="181" /><ent r="3" t="45" w="181" /><ent r="4" t="46" w="136" /><ent r="3" t="62" w="42" /><ent r="3" t="62" w="42" /><ent r="3" t="67" w="21" /><ent r="3" t="67" w="21" /><ent r="3" t="68" w="17" /><ent r="3" t="68" w="17" /><ent r="3" t="69" w="23" /><ent r="3" t="69" w="23" /><ent r="3" t="69" w="175" /><ent r="3" t="69" w="175" /><ent r="3" t="69" w="241" /><ent r="3" t="69" w="241" /></phr><phr n="created"><ent r="3" t="2" w="430" /><ent r="3" t="2" w="430" /><ent r="3" t="9" w="105" /><ent r="3" t="9" w="105" /><ent r="3" t="9" w="111" /><ent r="3" t="9" w="111" /><ent r="3" t="15" w="27" /><ent r="3" t="15" w="27" /><ent r="3" t="15" w="36" /><ent r="3" t="15" w="41" /><ent r="3" t="15" w="41" /><ent r="92" t="15" w="238" /><ent r="92" t="15" w="238" /><ent r="4" t="15" w="298" /><ent r="4" t="15" w="298" /><ent r="4" t="15" w="460" /><ent r="4" t="15" w="460" /><ent r="4" t="15" w="466" /><ent r="4" t="15" w="466" /><ent r="4" t="15" w="534" /><ent r="4" t="15" w="534" /><ent r="92" t="15" w="652" /><ent r="92" t="15" w="652" /><ent r="92" t="15" w="657" /><ent r="92" t="15" w="657" /><ent r="4" t="15" w="671" /><ent r="4" t="15" w="671" /><ent r="4" t="15" w="711" /><ent r="4" t="15" w="711" /><ent r="3" t="16" w="59" /><ent r="3" t="16" w="59" /><ent r="3" t="16" w="76" /><ent r="3" t="16" w="76" /><ent r="3" t="24" w="70" /><ent r="3" t="24" w="115" /><ent r="3" t="24" w="115" /><ent r="3" t="24" w="284" /><ent r="3" t="24" w="284" /><ent r="3" t="24" w="419" /><ent r="3" t="27" w="547" /><ent r="3" t="27" w="547" /><ent r="3" t="28" w="20" /><ent r="3" t="28" w="128" /><ent r="3" t="28" w="128" /><ent r="3" t="29" w="44" /><ent r="3" t="29" w="429" /><ent r="3" t="37" w="383" /><ent r="3" t="37" w="383" /><ent r="3" t="49" w="39" /><ent r="3" t="49" w="39" /><ent r="4" t="61" w="434" /><ent r="4" t="61" w="434" /><ent r="3" t="65" w="225" /><ent r="3" t="65" w="225" /><ent r="4" t="77" w="85" /><ent r="4" t="77" w="85" /><ent r="4" t="78" w="73" /><ent r="4" t="78" w="73" /></phr><phr n="creating"><ent r="6" t="7" w="245" /><ent r="6" t="7" w="245" /><ent r="6" t="7" w="267" /><ent r="6" t="7" w="267" /><ent r="6" t="7" w="276" /><ent r="6" t="7" w="276" /><ent r="6" t="7" w="366" /><ent r="6" t="7" w="366" /><ent r="6" t="7" w="419" /><ent r="6" t="7" w="419" /><ent r="6" t="7" w="514" /><ent r="6" t="7" w="514" /><ent r="6" t="7" w="638" /><ent r="6" t="7" w="638" /><ent r="6" t="7" w="702" /><ent r="6" t="7" w="702" /><ent r="6" t="7" w="735" /><ent r="6" t="7" w="735" /><ent r="6" t="7" w="827" /><ent r="6" t="7" w="827" /><ent r="6" t="7" w="872" /><ent r="6" t="7" w="872" /><ent r="6" t="7" w="1054" /><ent r="6" t="7" w="1054" /><ent r="6" t="7" w="1088" /><ent r="6" t="7" w="1088" /><ent r="6" t="7" w="1128" /><ent r="6" t="7" w="1128" /><ent r="6" t="7" w="1146" /><ent r="6" t="7" w="1146" /><ent r="6" t="7" w="1173" /><ent r="6" t="7" w="1173" /><ent r="6" t="7" w="1292" /><ent r="6" t="7" w="1292" /><ent r="6" t="7" w="1309" /><ent r="6" t="7" w="1309" /><ent r="6" t="7" w="1346" /><ent r="6" t="7" w="1346" /><ent r="6" t="7" w="1378" /><ent r="6" t="7" w="1378" /><ent r="6" t="7" w="1416" /><ent r="6" t="7" w="1416" /><ent r="3" t="13" w="100" /><ent r="3" t="14" w="230" /><ent r="3" t="14" w="230" /><ent r="4" t="15" w="590" /><ent r="4" t="15" w="590" /><ent r="4" t="15" w="594" /><ent r="4" t="15" w="594" /><ent r="4" t="15" w="765" /><ent r="4" t="15" w="765" /><ent r="4" t="15" w="769" /><ent r="4" t="15" w="769" /><ent r="3" t="27" w="226" /><ent r="3" t="27" w="226" /><ent r="3" t="27" w="434" /><ent r="3" t="27" w="434" /><ent r="3" t="27" w="444" /><ent r="3" t="27" w="444" /><ent r="3" t="27" w="495" /><ent r="3" t="27" w="495" /><ent r="3" t="27" w="511" /><ent r="3" t="27" w="511" /><ent r="3" t="27" w="522" /><ent r="3" t="27" w="522" /><ent r="3" t="27" w="542" /><ent r="3" t="27" w="542" /><ent r="3" t="27" w="558" /><ent r="3" t="27" w="558" /><ent r="3" t="27" w="669" /><ent r="3" t="27" w="669" /><ent r="3" t="28" w="612" /><ent r="3" t="28" w="612" /><ent r="3" t="29" w="93" /><ent r="3" t="29" w="93" /><ent r="3" t="29" w="223" /><ent r="3" t="29" w="223" /><ent r="3" t="29" w="435" /><ent r="3" t="29" w="435" /><ent r="3" t="35" w="370" /><ent r="3" t="35" w="370" /><ent r="3" t="40" w="62" /><ent r="3" t="40" w="62" /><ent r="3" t="45" w="55" /><ent r="3" t="45" w="55" /><ent r="3" t="45" w="256" /><ent r="3" t="45" w="256" /><ent r="4" t="45" w="336" /><ent r="4" t="77" w="46" /><ent r="4" t="77" w="46" /><ent r="3" t="79" w="30" /><ent r="3" t="79" w="30" /><ent r="4" t="82" w="179" /><ent r="4" t="82" w="179" /></phr><phr n="Create"><ent r="7" t="17" w="3631" /><ent r="7" t="17" w="3631" /><ent r="8" t="17" w="3924" /><ent r="8" t="17" w="3924" /><ent r="8" t="17" w="4137" /><ent r="8" t="17" w="4137" /><ent r="7" t="17" w="4307" /><ent r="7" t="17" w="4307" /><ent r="7" t="17" w="4414" /><ent r="7" t="17" w="4414" /><ent r="7" t="17" w="4578" /><ent r="7" t="17" w="4578" /><ent r="8" t="17" w="4735" /><ent r="8" t="17" w="4735" /><ent r="8" t="17" w="4854" /><ent r="8" t="17" w="4854" /><ent r="92" t="25" w="220" /><ent r="92" t="25" w="220" /><ent r="64" t="26" w="236" /><ent r="64" t="26" w="236" /><ent r="3" t="35" w="259" /><ent r="3" t="35" w="259" /><ent r="3" t="35" w="339" /><ent r="3" t="35" w="339" /><ent r="4" t="36" w="97" /><ent r="4" t="45" w="361" /><ent r="65" t="51" w="32" /><ent r="65" t="51" w="32" /><ent r="5" t="57" w="124" /><ent r="5" t="57" w="124" /><ent r="4" t="62" w="46" /><ent r="4" t="62" w="46" /><ent r="4" t="62" w="67" /><ent r="4" t="62" w="67" /><ent r="4" t="63" w="208" /><ent r="4" t="63" w="208" /><ent r="4" t="67" w="149" /><ent r="4" t="67" w="149" /><ent r="4" t="68" w="142" /><ent r="4" t="68" w="142" /></phr><phr n="Creating"><ent r="1000" t="25" w="1" /><ent r="1000" t="25" w="1" /><ent r="102" t="25" w="5" /><ent r="102" t="25" w="5" /><ent r="4" t="25" w="413" /><ent r="4" t="25" w="413" /><ent r="4" t="25" w="445" /><ent r="4" t="25" w="445" /><ent r="1000" t="27" w="1" /><ent r="1000" t="27" w="1" /><ent r="102" t="27" w="7" /><ent r="102" t="27" w="7" /><ent r="92" t="31" w="15" /><ent r="92" t="31" w="15" /><ent r="1000" t="57" w="1" /><ent r="1000" t="57" w="1" /><ent r="102" t="57" w="8" /><ent r="102" t="57" w="8" /><ent r="64" t="66" w="120" /><ent r="64" t="66" w="120" /><ent r="64" t="66" w="133" /><ent r="64" t="66" w="133" /><ent r="1000" t="68" w="1" /><ent r="1000" t="68" w="1" /><ent r="102" t="68" w="6" /><ent r="102" t="68" w="6" /><ent r="1000" t="69" w="1" /><ent r="1000" t="69" w="1" /><ent r="102" t="69" w="9" /><ent r="102" t="69" w="9" /></phr><phr n="creates"><ent r="3" t="27" w="77" /><ent r="3" t="27" w="77" /><ent r="3" t="31" w="70" /><ent r="3" t="31" w="70" /><ent r="4" t="38" w="24" /><ent r="4" t="38" w="24" /><ent r="4" t="38" w="42" /><ent r="4" t="38" w="42" /><ent r="4" t="38" w="60" /><ent r="4" t="38" w="60" /><ent r="4" t="42" w="70" /><ent r="4" t="42" w="70" /><ent r="3" t="50" w="46" /><ent r="3" t="50" w="46" /><ent r="3" t="57" w="17" /><ent r="3" t="57" w="17" /></phr><phr n="Creates"><ent r="4" t="57" w="61" /><ent r="4" t="57" w="61" /></phr></stem><stem n="sub-fold"><phr n="sub-folder"><ent r="3" t="2" w="308" /><ent r="3" t="2" w="308" /></phr></stem><stem n="sub"><phr n="sub"><ent r="3" t="2" w="308" /><ent r="3" t="26" w="10" /><ent r="3" t="26" w="34" /><ent r="3" t="26" w="46" /><ent r="3" t="26" w="62" /><ent r="3" t="26" w="92" /><ent r="3" t="26" w="96" /><ent r="3" t="26" w="104" /><ent r="3" t="26" w="128" /><ent r="3" t="26" w="132" /><ent r="3" t="26" w="169" /><ent r="3" t="26" w="190" /><ent r="3" t="26" w="204" /><ent r="3" t="26" w="214" /><ent r="64" t="26" w="239" /><ent r="64" t="26" w="245" /><ent r="64" t="26" w="251" /><ent r="64" t="26" w="257" /><ent r="64" t="26" w="263" /><ent r="64" t="26" w="270" /><ent r="64" t="26" w="277" /><ent r="64" t="26" w="284" /><ent r="64" t="26" w="293" /><ent r="1000" t="27" w="4" /><ent r="102" t="27" w="10" /><ent r="3" t="27" w="17" /><ent r="3" t="27" w="50" /><ent r="3" t="27" w="65" /><ent r="3" t="27" w="81" /><ent r="3" t="27" w="90" /><ent r="3" t="27" w="104" /><ent r="3" t="27" w="177" /><ent r="3" t="27" w="195" /><ent r="3" t="27" w="229" /><ent r="3" t="27" w="246" /><ent r="3" t="27" w="261" /><ent r="3" t="27" w="290" /><ent r="3" t="27" w="307" /><ent r="3" t="27" w="342" /><ent r="3" t="27" w="420" /><ent r="92" t="27" w="428" /><ent r="3" t="27" w="438" /><ent r="3" t="27" w="498" /><ent r="3" t="27" w="526" /><ent r="3" t="27" w="564" /><ent r="3" t="27" w="575" /><ent r="3" t="27" w="798" /><ent r="1000" t="28" w="4" /><ent r="102" t="28" w="10" /><ent r="3" t="28" w="16" /><ent r="3" t="28" w="40" /><ent r="3" t="28" w="51" /><ent r="92" t="28" w="68" /><ent r="3" t="28" w="87" /><ent r="3" t="28" w="103" /><ent r="3" t="28" w="123" /><ent r="92" t="28" w="138" /><ent r="3" t="28" w="159" /><ent r="3" t="28" w="191" /><ent r="3" t="28" w="300" /><ent r="3" t="28" w="417" /><ent r="3" t="28" w="433" /><ent r="3" t="28" w="489" /><ent r="3" t="28" w="502" /><ent r="3" t="28" w="536" /><ent r="3" t="28" w="547" /><ent r="3" t="28" w="554" /><ent r="3" t="28" w="604" /><ent r="3" t="28" w="622" /><ent r="1000" t="29" w="4" /><ent r="102" t="29" w="10" /><ent r="3" t="29" w="25" /><ent r="3" t="29" w="38" /><ent r="3" t="29" w="57" /><ent r="3" t="29" w="89" /><ent r="3" t="29" w="159" /><ent r="3" t="29" w="177" /><ent r="3" t="29" w="253" /><ent r="3" t="29" w="276" /><ent r="3" t="29" w="374" /><ent r="3" t="29" w="458" /><ent r="1000" t="30" w="4" /><ent r="102" t="30" w="10" /><ent r="3" t="30" w="24" /><ent r="3" t="30" w="62" /><ent r="1000" t="31" w="4" /><ent r="102" t="31" w="11" /><ent r="92" t="31" w="19" /><ent r="3" t="31" w="24" /><ent r="3" t="31" w="38" /><ent r="3" t="31" w="74" /><ent r="3" t="31" w="87" /><ent r="3" t="31" w="121" /><ent r="3" t="31" w="148" /><ent r="3" t="31" w="236" /><ent r="3" t="31" w="284" /><ent r="3" t="31" w="306" /><ent r="3" t="31" w="519" /><ent r="3" t="31" w="545" /><ent r="3" t="31" w="560" /><ent r="3" t="31" w="581" /><ent r="3" t="31" w="609" /><ent r="3" t="31" w="634" /><ent r="3" t="31" w="665" /><ent r="3" t="31" w="692" /><ent r="3" t="31" w="720" /><ent r="3" t="31" w="730" /><ent r="3" t="31" w="773" /><ent r="64" t="31" w="794" /><ent r="3" t="31" w="803" /><ent r="1000" t="32" w="4" /><ent r="102" t="32" w="11" /><ent r="3" t="32" w="21" /><ent r="1000" t="33" w="4" /><ent r="102" t="33" w="11" /><ent r="3" t="33" w="22" /><ent r="3" t="33" w="48" /><ent r="1000" t="34" w="4" /><ent r="102" t="34" w="11" /><ent r="3" t="34" w="22" /><ent r="3" t="34" w="117" /><ent r="3" t="34" w="172" /><ent r="3" t="34" w="218" /><ent r="3" t="34" w="247" /><ent r="1000" t="35" w="6" /><ent r="102" t="35" w="14" /><ent r="3" t="35" w="18" /><ent r="3" t="35" w="59" /><ent r="92" t="35" w="165" /><ent r="92" t="35" w="321" /></phr></stem><stem n="beneath"><phr n="beneath"><ent r="3" t="2" w="310" /><ent r="3" t="2" w="310" /></phr></stem><stem n="will"><phr n="will"><ent r="3" t="2" w="320" /><ent r="3" t="2" w="320" /><ent r="3" t="4" w="107" /><ent r="3" t="4" w="107" /><ent r="3" t="24" w="42" /><ent r="3" t="24" w="42" /><ent r="3" t="25" w="124" /><ent r="3" t="25" w="124" /><ent r="3" t="25" w="142" /><ent r="3" t="25" w="142" /><ent r="3" t="25" w="266" /><ent r="3" t="25" w="266" /><ent r="3" t="26" w="198" /><ent r="3" t="26" w="198" /><ent r="3" t="27" w="35" /><ent r="3" t="27" w="35" /><ent r="3" t="27" w="54" /><ent r="3" t="27" w="54" /><ent r="3" t="27" w="171" /><ent r="3" t="27" w="171" /><ent r="3" t="27" w="202" /><ent r="3" t="27" w="202" /><ent r="3" t="27" w="313" /><ent r="3" t="27" w="313" /><ent r="3" t="27" w="485" /><ent r="3" t="27" w="485" /><ent r="3" t="27" w="644" /><ent r="3" t="27" w="644" /><ent r="3" t="28" w="108" /><ent r="3" t="28" w="108" /><ent r="3" t="28" w="230" /><ent r="3" t="28" w="230" /><ent r="3" t="29" w="218" /><ent r="3" t="29" w="218" /><ent r="3" t="29" w="257" /><ent r="3" t="29" w="257" /><ent r="3" t="30" w="20" /><ent r="3" t="30" w="20" /><ent r="3" t="30" w="46" /><ent r="3" t="30" w="46" /><ent r="3" t="31" w="101" /><ent r="3" t="31" w="101" /><ent r="3" t="31" w="298" /><ent r="3" t="31" w="298" /><ent r="3" t="31" w="567" /><ent r="3" t="31" w="567" /><ent r="3" t="31" w="586" /><ent r="3" t="31" w="586" /><ent r="3" t="31" w="702" /><ent r="3" t="31" w="702" /><ent r="3" t="33" w="37" /><ent r="3" t="33" w="37" /><ent r="3" t="34" w="66" /><ent r="3" t="34" w="66" /><ent r="3" t="34" w="90" /><ent r="3" t="34" w="90" /><ent r="3" t="34" w="108" /><ent r="3" t="34" w="108" /><ent r="3" t="34" w="122" /><ent r="3" t="34" w="122" /><ent r="3" t="34" w="131" /><ent r="3" t="34" w="131" /><ent r="3" t="34" w="225" /><ent r="3" t="34" w="225" /><ent r="3" t="34" w="427" /><ent r="3" t="34" w="427" /><ent r="3" t="35" w="296" /><ent r="3" t="35" w="296" /><ent r="3" t="38" w="420" /><ent r="3" t="38" w="420" /><ent r="3" t="38" w="461" /><ent r="3" t="38" w="461" /><ent r="3" t="38" w="473" /><ent r="3" t="38" w="473" /><ent r="3" t="39" w="160" /><ent r="3" t="39" w="160" /><ent r="4" t="41" w="110" /><ent r="4" t="41" w="110" /><ent r="3" t="48" w="142" /><ent r="3" t="48" w="142" /><ent r="3" t="48" w="196" /><ent r="3" t="48" w="196" /><ent r="3" t="65" w="281" /><ent r="3" t="65" w="281" /><ent r="4" t="65" w="559" /><ent r="4" t="65" w="559" /><ent r="6" t="73" w="97" /><ent r="6" t="73" w="97" /><ent r="6" t="73" w="128" /><ent r="6" t="73" w="128" /><ent r="6" t="73" w="303" /><ent r="6" t="73" w="303" /></phr></stem></index>