<?xml version="1.0" encoding="utf-8"?><index><stem n="pane"><phr n="pane"><ent r="7" t="3" w="108" /><ent r="7" t="3" w="286" /><ent r="7" t="3" w="394" /><ent r="8" t="3" w="752" /><ent r="8" t="3" w="765" /><ent r="7" t="3" w="803" /><ent r="7" t="3" w="817" /><ent r="7" t="80" w="108" /><ent r="7" t="80" w="303" /><ent r="7" t="80" w="411" /></phr></stem><stem n="node"><phr n="node"><ent r="7" t="3" w="112" /><ent r="7" t="3" w="112" /><ent r="7" t="3" w="124" /><ent r="7" t="3" w="140" /><ent r="7" t="3" w="140" /><ent r="7" t="3" w="151" /><ent r="7" t="80" w="112" /><ent r="7" t="80" w="112" /><ent r="7" t="80" w="124" /><ent r="7" t="80" w="140" /><ent r="7" t="80" w="140" /><ent r="7" t="80" w="151" /></phr></stem><stem n="plu"><phr n="plus"><ent r="7" t="3" w="116" /><ent r="7" t="3" w="116" /><ent r="7" t="80" w="116" /><ent r="7" t="80" w="116" /></phr><phr n="Plus"><ent r="6" t="5" w="185" /><ent r="6" t="5" w="185" /></phr></stem><stem n="sign"><phr n="sign"><ent r="7" t="3" w="117" /><ent r="7" t="3" w="117" /><ent r="7" t="3" w="145" /><ent r="7" t="3" w="145" /><ent r="6" t="5" w="186" /><ent r="6" t="5" w="186" /><ent r="7" t="80" w="117" /><ent r="7" t="80" w="117" /><ent r="7" t="80" w="145" /><ent r="7" t="80" w="145" /></phr><phr n="Sign"><ent r="6" t="17" w="6795" /><ent r="6" t="17" w="6795" /></phr><phr n="signed"><ent r="6" t="75" w="153" /><ent r="6" t="75" w="153" /><ent r="6" t="75" w="170" /><ent r="6" t="75" w="170" /><ent r="6" t="75" w="187" /><ent r="6" t="75" w="187" /><ent r="6" t="75" w="204" /><ent r="6" t="75" w="204" /><ent r="6" t="75" w="218" /><ent r="6" t="75" w="218" /></phr></stem><stem n="+"><phr n="+"><ent r="7" t="3" w="118" /><ent r="6" t="5" w="187" /><ent r="4" t="54" w="167" /><ent r="4" t="54" w="167" /><ent r="4" t="54" w="168" /><ent r="4" t="54" w="168" /><ent r="3" t="61" w="262" /><ent r="3" t="61" w="262" /><ent r="3" t="61" w="265" /><ent r="3" t="61" w="265" /><ent r="3" t="61" w="295" /><ent r="3" t="61" w="295" /><ent r="3" t="63" w="197" /><ent r="3" t="63" w="197" /><ent r="7" t="80" w="118" /></phr></stem><stem n="left"><phr n="left"><ent r="7" t="3" w="121" /><ent r="7" t="3" w="121" /><ent r="7" t="3" w="148" /><ent r="7" t="3" w="148" /><ent r="7" t="80" w="121" /><ent r="7" t="80" w="121" /><ent r="7" t="80" w="148" /><ent r="7" t="80" w="148" /></phr></stem><stem n="select"><phr n="select"><ent r="7" t="3" w="127" /><ent r="7" t="3" w="127" /><ent r="7" t="3" w="442" /><ent r="7" t="3" w="442" /><ent r="8" t="3" w="852" /><ent r="8" t="3" w="852" /><ent r="8" t="3" w="903" /><ent r="8" t="3" w="903" /><ent r="8" t="3" w="922" /><ent r="8" t="3" w="922" /><ent r="4" t="3" w="1045" /><ent r="4" t="3" w="1045" /><ent r="3" t="4" w="294" /><ent r="3" t="4" w="294" /><ent r="4" t="69" w="187" /><ent r="4" t="69" w="187" /><ent r="7" t="80" w="127" /><ent r="7" t="80" w="127" /><ent r="7" t="80" w="460" /><ent r="7" t="80" w="460" /></phr><phr n="Select"><ent r="7" t="3" w="317" /><ent r="7" t="3" w="317" /><ent r="8" t="3" w="731" /><ent r="8" t="3" w="731" /><ent r="7" t="3" w="805" /><ent r="7" t="3" w="805" /><ent r="8" t="3" w="829" /><ent r="8" t="3" w="829" /><ent r="8" t="3" w="873" /><ent r="8" t="3" w="873" /><ent r="7" t="80" w="334" /><ent r="7" t="80" w="334" /></phr><phr n="selected"><ent r="8" t="3" w="509" /><ent r="8" t="3" w="509" /><ent r="3" t="64" w="318" /><ent r="3" t="65" w="333" /><ent r="8" t="80" w="513" /><ent r="8" t="80" w="513" /></phr><phr n="selecting"><ent r="6" t="7" w="234" /><ent r="6" t="7" w="234" /></phr><phr n="Selected"><ent r="7" t="17" w="3772" /><ent r="7" t="17" w="3772" /><ent r="7" t="17" w="3786" /><ent r="7" t="17" w="3786" /><ent r="4" t="39" w="272" /><ent r="4" t="39" w="272" /></phr><phr n="selection"><ent r="3" t="37" w="371" /><ent r="3" t="45" w="140" /><ent r="3" t="45" w="140" /><ent r="6" t="73" w="382" /></phr></stem><stem n="view"><phr n="view"><ent r="7" t="3" w="133" /><ent r="7" t="3" w="133" /><ent r="8" t="3" w="735" /><ent r="8" t="3" w="735" /><ent r="5" t="14" w="183" /><ent r="5" t="14" w="183" /><ent r="6" t="17" w="519" /><ent r="6" t="17" w="519" /><ent r="7" t="17" w="529" /><ent r="7" t="17" w="529" /><ent r="7" t="17" w="540" /><ent r="7" t="17" w="551" /><ent r="7" t="17" w="563" /><ent r="7" t="17" w="575" /><ent r="7" t="17" w="586" /><ent r="7" t="17" w="599" /><ent r="7" t="17" w="611" /><ent r="7" t="17" w="623" /><ent r="7" t="17" w="634" /><ent r="7" t="17" w="645" /><ent r="7" t="17" w="656" /><ent r="7" t="17" w="669" /><ent r="7" t="17" w="680" /><ent r="7" t="17" w="691" /><ent r="7" t="17" w="703" /><ent r="7" t="17" w="715" /><ent r="7" t="17" w="727" /><ent r="7" t="17" w="739" /><ent r="7" t="17" w="751" /><ent r="7" t="17" w="762" /><ent r="7" t="17" w="773" /><ent r="7" t="17" w="784" /><ent r="7" t="17" w="796" /><ent r="7" t="17" w="809" /><ent r="7" t="17" w="822" /><ent r="7" t="17" w="834" /><ent r="7" t="17" w="846" /><ent r="7" t="17" w="859" /><ent r="7" t="17" w="872" /><ent r="7" t="17" w="885" /><ent r="7" t="17" w="898" /><ent r="7" t="17" w="904" /><ent r="7" t="17" w="912" /><ent r="7" t="17" w="925" /><ent r="7" t="17" w="951" /><ent r="7" t="17" w="964" /><ent r="7" t="17" w="978" /><ent r="7" t="17" w="989" /><ent r="7" t="17" w="1000" /><ent r="7" t="17" w="1012" /><ent r="7" t="17" w="6963" /><ent r="3" t="36" w="15" /><ent r="3" t="36" w="15" /><ent r="4" t="36" w="112" /><ent r="4" t="37" w="35" /><ent r="4" t="37" w="35" /><ent r="3" t="37" w="74" /><ent r="3" t="37" w="74" /><ent r="3" t="37" w="86" /><ent r="3" t="37" w="86" /><ent r="4" t="37" w="175" /><ent r="4" t="37" w="175" /><ent r="3" t="37" w="199" /><ent r="3" t="37" w="199" /><ent r="3" t="37" w="418" /><ent r="3" t="37" w="418" /><ent r="3" t="38" w="9" /><ent r="3" t="38" w="9" /><ent r="3" t="38" w="14" /><ent r="3" t="38" w="14" /><ent r="4" t="38" w="23" /><ent r="4" t="38" w="23" /><ent r="4" t="38" w="31" /><ent r="4" t="38" w="31" /><ent r="4" t="38" w="41" /><ent r="4" t="38" w="41" /><ent r="4" t="38" w="59" /><ent r="4" t="38" w="59" /><ent r="4" t="38" w="74" /><ent r="4" t="38" w="74" /><ent r="3" t="38" w="534" /><ent r="3" t="38" w="534" /><ent r="3" t="39" w="413" /><ent r="3" t="39" w="424" /><ent r="4" t="41" w="70" /><ent r="4" t="41" w="119" /><ent r="4" t="41" w="119" /><ent r="3" t="44" w="55" /><ent r="3" t="44" w="55" /><ent r="3" t="60" w="75" /><ent r="3" t="60" w="75" /><ent r="3" t="64" w="59" /><ent r="3" t="64" w="59" /><ent r="4" t="64" w="72" /><ent r="4" t="64" w="77" /><ent r="4" t="64" w="96" /><ent r="4" t="64" w="100" /><ent r="4" t="64" w="105" /><ent r="4" t="64" w="114" /><ent r="3" t="64" w="127" /><ent r="3" t="64" w="137" /><ent r="3" t="64" w="137" /><ent r="3" t="64" w="145" /><ent r="3" t="64" w="145" /><ent r="4" t="64" w="178" /><ent r="4" t="64" w="203" /><ent r="3" t="64" w="225" /><ent r="3" t="64" w="259" /><ent r="3" t="64" w="261" /><ent r="3" t="64" w="261" /><ent r="4" t="64" w="335" /><ent r="3" t="64" w="348" /><ent r="3" t="69" w="31" /><ent r="3" t="69" w="31" /><ent r="7" t="80" w="133" /><ent r="7" t="80" w="133" /></phr><phr n="viewed"><ent r="6" t="3" w="716" /><ent r="6" t="3" w="716" /><ent r="3" t="17" w="34" /><ent r="3" t="17" w="34" /></phr><phr n="viewing"><ent r="6" t="7" w="936" /><ent r="6" t="7" w="936" /><ent r="3" t="69" w="285" /><ent r="3" t="69" w="285" /></phr><phr n="Views"><ent r="4" t="10" w="45" /><ent r="4" t="10" w="45" /><ent r="5" t="37" w="169" /></phr><phr n="View"><ent r="7" t="17" w="511" /><ent r="7" t="17" w="511" /><ent r="7" t="17" w="521" /><ent r="7" t="17" w="521" /><ent r="7" t="17" w="4385" /><ent r="7" t="17" w="4385" /><ent r="8" t="17" w="5119" /><ent r="8" t="17" w="5119" /><ent r="3" t="37" w="68" /><ent r="3" t="37" w="68" /><ent r="3" t="64" w="128" /><ent r="3" t="64" w="128" /></phr><phr n="views"><ent r="3" t="37" w="27" /><ent r="3" t="37" w="46" /><ent r="3" t="37" w="83" /><ent r="3" t="38" w="203" /><ent r="3" t="38" w="203" /><ent r="3" t="43" w="66" /><ent r="3" t="43" w="66" /><ent r="3" t="44" w="58" /><ent r="4" t="64" w="84" /><ent r="4" t="64" w="91" /></phr></stem><stem n="minu"><phr n="minus"><ent r="7" t="3" w="144" /><ent r="7" t="3" w="144" /><ent r="7" t="80" w="144" /><ent r="7" t="80" w="144" /></phr></stem><stem n="want"><phr n="want"><ent r="7" t="3" w="160" /><ent r="7" t="3" w="160" /><ent r="7" t="3" w="303" /><ent r="7" t="3" w="303" /><ent r="7" t="3" w="411" /><ent r="7" t="3" w="411" /><ent r="8" t="3" w="833" /><ent r="8" t="3" w="833" /><ent r="8" t="3" w="883" /><ent r="8" t="3" w="883" /><ent r="8" t="3" w="911" /><ent r="8" t="3" w="911" /><ent r="3" t="7" w="81" /><ent r="3" t="7" w="81" /><ent r="3" t="15" w="134" /><ent r="3" t="15" w="134" /><ent r="3" t="21" w="20" /><ent r="3" t="21" w="20" /><ent r="3" t="25" w="134" /><ent r="3" t="25" w="134" /><ent r="3" t="25" w="200" /><ent r="3" t="25" w="200" /><ent r="3" t="27" w="45" /><ent r="3" t="27" w="45" /><ent r="3" t="27" w="159" /><ent r="3" t="27" w="159" /><ent r="3" t="27" w="243" /><ent r="3" t="27" w="243" /><ent r="3" t="27" w="287" /><ent r="3" t="27" w="287" /><ent r="3" t="28" w="265" /><ent r="3" t="28" w="265" /><ent r="3" t="28" w="453" /><ent r="3" t="28" w="453" /><ent r="3" t="31" w="418" /><ent r="3" t="31" w="418" /><ent r="3" t="31" w="428" /><ent r="3" t="31" w="428" /><ent r="3" t="35" w="308" /><ent r="3" t="35" w="308" /><ent r="3" t="35" w="478" /><ent r="3" t="35" w="478" /><ent r="4" t="55" w="66" /><ent r="4" t="55" w="66" /><ent r="3" t="66" w="43" /><ent r="3" t="66" w="43" /><ent r="4" t="67" w="133" /><ent r="7" t="80" w="160" /><ent r="7" t="80" w="160" /><ent r="7" t="80" w="320" /><ent r="7" t="80" w="320" /><ent r="7" t="80" w="428" /><ent r="7" t="80" w="428" /></phr></stem><stem n="note"><phr n="Note"><ent r="7" t="3" w="164" /><ent r="7" t="3" w="538" /><ent r="4" t="3" w="935" /><ent r="4" t="4" w="298" /><ent r="6" t="7" w="1035" /><ent r="6" t="7" w="1035" /><ent r="7" t="17" w="3662" /><ent r="8" t="17" w="3938" /><ent r="8" t="17" w="4151" /><ent r="7" t="17" w="4322" /><ent r="7" t="17" w="4593" /><ent r="8" t="17" w="4766" /><ent r="4" t="25" w="426" /><ent r="4" t="62" w="109" /><ent r="4" t="69" w="154" /><ent r="4" t="69" w="219" /><ent r="4" t="77" w="183" /><ent r="4" t="78" w="195" /><ent r="4" t="79" w="178" /><ent r="7" t="80" w="164" /><ent r="7" t="80" w="542" /></phr><phr n="notes"><ent r="6" t="7" w="1009" /><ent r="6" t="7" w="1021" /><ent r="6" t="7" w="1029" /><ent r="6" t="7" w="1037" /><ent r="3" t="31" w="735" /><ent r="3" t="31" w="735" /></phr><phr n="Notes"><ent r="6" t="7" w="1018" /><ent r="6" t="7" w="1026" /><ent r="6" t="7" w="1034" /><ent r="6" t="7" w="1042" /><ent r="7" t="17" w="825" /><ent r="7" t="17" w="825" /><ent r="7" t="17" w="5476" /><ent r="3" t="26" w="29" /><ent r="3" t="26" w="29" /><ent r="92" t="45" w="287" /><ent r="4" t="82" w="72" /><ent r="5" t="82" w="242" /></phr><phr n="NOTE"><ent r="4" t="79" w="57" /><ent r="4" t="79" w="57" /></phr></stem><stem n="window"><phr n="window"><ent r="7" t="3" w="196" /><ent r="7" t="3" w="205" /><ent r="7" t="3" w="205" /><ent r="7" t="3" w="222" /><ent r="7" t="3" w="222" /><ent r="8" t="3" w="740" /><ent r="5" t="17" w="6584" /><ent r="5" t="17" w="6584" /><ent r="7" t="17" w="6594" /><ent r="7" t="17" w="6594" /><ent r="7" t="17" w="6604" /><ent r="7" t="17" w="6616" /><ent r="7" t="17" w="6628" /><ent r="7" t="17" w="6640" /><ent r="7" t="17" w="6652" /><ent r="7" t="80" w="197" /><ent r="7" t="80" w="206" /><ent r="7" t="80" w="206" /><ent r="7" t="80" w="223" /><ent r="7" t="80" w="223" /></phr><phr n="Windows"><ent r="5" t="3" w="1018" /><ent r="5" t="3" w="1018" /><ent r="6" t="3" w="1023" /><ent r="5" t="3" w="1026" /><ent r="5" t="3" w="1026" /><ent r="4" t="3" w="1038" /><ent r="4" t="3" w="1038" /><ent r="4" t="15" w="267" /><ent r="7" t="17" w="6632" /><ent r="7" t="17" w="6632" /><ent r="3" t="35" w="79" /><ent r="3" t="35" w="140" /><ent r="3" t="35" w="140" /><ent r="3" t="35" w="226" /><ent r="3" t="35" w="226" /><ent r="3" t="45" w="218" /><ent r="3" t="45" w="218" /><ent r="3" t="47" w="19" /><ent r="3" t="47" w="19" /><ent r="3" t="50" w="138" /><ent r="3" t="50" w="138" /><ent r="3" t="72" w="91" /><ent r="3" t="72" w="91" /><ent r="3" t="72" w="95" /><ent r="3" t="72" w="95" /><ent r="6" t="73" w="46" /><ent r="6" t="73" w="46" /><ent r="6" t="73" w="72" /><ent r="6" t="73" w="72" /><ent r="6" t="73" w="90" /><ent r="6" t="73" w="90" /><ent r="6" t="73" w="121" /><ent r="6" t="73" w="121" /><ent r="6" t="73" w="218" /><ent r="6" t="73" w="218" /><ent r="6" t="73" w="296" /><ent r="6" t="73" w="296" /></phr><phr n="Window"><ent r="7" t="17" w="357" /><ent r="7" t="17" w="357" /><ent r="7" t="17" w="6576" /><ent r="7" t="17" w="6576" /><ent r="7" t="17" w="6586" /><ent r="7" t="17" w="6586" /></phr><phr n="windows"><ent r="3" t="35" w="65" /><ent r="3" t="35" w="65" /></phr></stem><stem n="locat"><phr n="Locate"><ent r="8" t="3" w="210" /><ent r="8" t="3" w="210" /><ent r="4" t="67" w="71" /><ent r="4" t="67" w="71" /><ent r="4" t="67" w="181" /><ent r="4" t="67" w="181" /><ent r="4" t="68" w="110" /><ent r="4" t="68" w="110" /><ent r="4" t="68" w="185" /><ent r="4" t="68" w="185" /><ent r="4" t="69" w="85" /><ent r="4" t="69" w="85" /><ent r="4" t="69" w="128" /><ent r="4" t="69" w="128" /><ent r="8" t="80" w="211" /><ent r="8" t="80" w="211" /></phr><phr n="location"><ent r="7" t="3" w="229" /><ent r="7" t="3" w="229" /><ent r="7" t="3" w="598" /><ent r="3" t="16" w="139" /><ent r="3" t="16" w="139" /><ent r="4" t="39" w="277" /><ent r="4" t="39" w="277" /><ent r="3" t="49" w="151" /><ent r="3" t="49" w="151" /><ent r="4" t="61" w="160" /><ent r="4" t="61" w="160" /><ent r="4" t="61" w="193" /><ent r="4" t="61" w="193" /><ent r="4" t="61" w="374" /><ent r="4" t="61" w="374" /><ent r="4" t="63" w="119" /><ent r="4" t="63" w="119" /><ent r="4" t="63" w="158" /><ent r="4" t="63" w="158" /><ent r="4" t="63" w="233" /><ent r="4" t="63" w="233" /><ent r="4" t="64" w="176" /><ent r="3" t="64" w="189" /><ent r="4" t="64" w="201" /><ent r="3" t="64" w="221" /><ent r="3" t="64" w="221" /><ent r="3" t="64" w="229" /><ent r="4" t="64" w="333" /><ent r="3" t="64" w="344" /><ent r="3" t="64" w="344" /><ent r="3" t="65" w="396" /><ent r="3" t="65" w="396" /><ent r="4" t="77" w="110" /><ent r="4" t="77" w="110" /><ent r="4" t="78" w="52" /><ent r="4" t="78" w="52" /><ent r="4" t="78" w="65" /><ent r="4" t="78" w="80" /><ent r="4" t="78" w="80" /><ent r="7" t="80" w="230" /><ent r="7" t="80" w="230" /><ent r="7" t="80" w="602" /></phr><phr n="locate"><ent r="6" t="3" w="351" /><ent r="6" t="3" w="351" /><ent r="6" t="80" w="368" /><ent r="6" t="80" w="368" /></phr><phr n="Location"><ent r="8" t="3" w="608" /><ent r="8" t="3" w="608" /><ent r="8" t="80" w="612" /><ent r="8" t="80" w="612" /></phr><phr n="locations"><ent r="6" t="7" w="1165" /><ent r="6" t="7" w="1165" /><ent r="4" t="15" w="618" /><ent r="4" t="15" w="793" /><ent r="3" t="16" w="111" /><ent r="3" t="16" w="111" /><ent r="3" t="16" w="116" /><ent r="7" t="17" w="6141" /><ent r="7" t="17" w="6141" /></phr><phr n="located"><ent r="3" t="69" w="160" /><ent r="3" t="69" w="160" /><ent r="3" t="69" w="225" /><ent r="3" t="69" w="225" /></phr></stem><stem n="button"><phr n="button"><ent r="8" t="3" w="212" /><ent r="8" t="3" w="212" /><ent r="8" t="3" w="759" /><ent r="8" t="3" w="759" /><ent r="8" t="3" w="843" /><ent r="8" t="3" w="893" /><ent r="4" t="3" w="1042" /><ent r="3" t="64" w="295" /><ent r="3" t="64" w="316" /><ent r="3" t="64" w="316" /><ent r="8" t="80" w="213" /><ent r="8" t="80" w="213" /></phr><phr n="Buttons"><ent r="7" t="17" w="6492" /><ent r="7" t="17" w="6492" /><ent r="7" t="17" w="6507" /><ent r="7" t="17" w="6507" /></phr><phr n="buttons"><ent r="3" t="64" w="131" /><ent r="3" t="64" w="131" /><ent r="3" t="64" w="146" /></phr></stem><stem n="toolbar"><phr n="toolbar"><ent r="8" t="3" w="218" /><ent r="65" t="60" w="69" /><ent r="65" t="60" w="69" /><ent r="64" t="61" w="511" /><ent r="64" t="61" w="511" /><ent r="64" t="62" w="159" /><ent r="64" t="62" w="159" /><ent r="64" t="63" w="310" /><ent r="64" t="63" w="310" /><ent r="1000" t="64" w="3" /><ent r="1000" t="64" w="3" /><ent r="102" t="64" w="7" /><ent r="102" t="64" w="7" /><ent r="3" t="64" w="62" /><ent r="3" t="64" w="62" /><ent r="3" t="64" w="123" /><ent r="3" t="64" w="123" /><ent r="3" t="64" w="149" /><ent r="3" t="64" w="149" /><ent r="3" t="64" w="169" /><ent r="3" t="64" w="169" /><ent r="3" t="64" w="216" /><ent r="3" t="64" w="216" /><ent r="3" t="64" w="234" /><ent r="3" t="64" w="234" /><ent r="3" t="64" w="264" /><ent r="3" t="64" w="264" /><ent r="3" t="64" w="279" /><ent r="3" t="64" w="279" /><ent r="3" t="64" w="294" /><ent r="3" t="64" w="294" /><ent r="3" t="64" w="315" /><ent r="3" t="64" w="315" /><ent r="3" t="64" w="339" /><ent r="3" t="64" w="339" /><ent r="64" t="65" w="609" /><ent r="64" t="65" w="609" /><ent r="8" t="80" w="219" /><ent r="4" t="82" w="136" /><ent r="4" t="82" w="136" /></phr><phr n="toolbars"><ent r="6" t="7" w="1368" /><ent r="6" t="7" w="1377" /><ent r="6" t="7" w="1385" /><ent r="3" t="64" w="17" /><ent r="3" t="64" w="17" /><ent r="3" t="64" w="36" /><ent r="3" t="64" w="36" /><ent r="3" t="64" w="50" /><ent r="3" t="64" w="50" /><ent r="1000" t="76" w="3" /><ent r="1000" t="76" w="3" /><ent r="102" t="76" w="8" /><ent r="102" t="76" w="8" /></phr><phr n="Toolbars"><ent r="7" t="17" w="6477" /><ent r="7" t="17" w="6523" /><ent r="7" t="17" w="6523" /></phr><phr n="Toolbar"><ent r="3" t="64" w="39" /><ent r="3" t="64" w="39" /></phr></stem><stem n="keyword"><phr n="keyword"><ent r="6" t="3" w="236" /><ent r="6" t="3" w="236" /><ent r="6" t="80" w="237" /><ent r="6" t="80" w="237" /></phr><phr n="keywords"><ent r="6" t="3" w="245" /><ent r="6" t="3" w="245" /><ent r="6" t="5" w="90" /><ent r="6" t="5" w="114" /><ent r="6" t="80" w="246" /><ent r="6" t="80" w="246" /></phr><phr n="Keywords"><ent r="8" t="17" w="1294" /><ent r="8" t="17" w="1462" /><ent r="8" t="17" w="1616" /><ent r="8" t="17" w="1616" /><ent r="7" t="17" w="1894" /><ent r="7" t="17" w="2062" /><ent r="7" t="17" w="2214" /><ent r="7" t="17" w="2569" /><ent r="7" t="17" w="2673" /><ent r="7" t="17" w="2825" /><ent r="7" t="17" w="3180" /><ent r="7" t="17" w="3284" /><ent r="7" t="17" w="3452" /></phr></stem><stem n="organ"><phr n="organized"><ent r="6" t="3" w="248" /><ent r="6" t="3" w="248" /><ent r="6" t="80" w="249" /><ent r="6" t="80" w="249" /></phr></stem><stem n="alphabet"><phr n="alphabetically"><ent r="6" t="3" w="249" /><ent r="6" t="80" w="250" /></phr></stem><stem n="specif"><phr n="specific"><ent r="6" t="3" w="261" /><ent r="6" t="3" w="261" /><ent r="6" t="3" w="371" /><ent r="6" t="3" w="371" /><ent r="3" t="4" w="27" /><ent r="3" t="4" w="27" /><ent r="3" t="13" w="31" /><ent r="3" t="13" w="31" /><ent r="3" t="15" w="105" /><ent r="3" t="15" w="105" /><ent r="3" t="28" w="198" /><ent r="3" t="28" w="198" /><ent r="3" t="36" w="144" /><ent r="3" t="37" w="352" /><ent r="3" t="37" w="352" /><ent r="4" t="37" w="449" /><ent r="4" t="37" w="449" /><ent r="4" t="37" w="462" /><ent r="92" t="39" w="362" /><ent r="92" t="39" w="362" /><ent r="3" t="39" w="370" /><ent r="3" t="39" w="384" /><ent r="3" t="39" w="384" /><ent r="3" t="39" w="439" /><ent r="3" t="39" w="439" /><ent r="3" t="39" w="475" /><ent r="3" t="39" w="475" /><ent r="3" t="39" w="483" /><ent r="3" t="39" w="483" /><ent r="4" t="41" w="125" /><ent r="4" t="41" w="125" /><ent r="4" t="46" w="55" /><ent r="4" t="46" w="55" /><ent r="3" t="48" w="436" /><ent r="3" t="48" w="436" /><ent r="3" t="58" w="28" /><ent r="3" t="58" w="28" /><ent r="3" t="60" w="79" /><ent r="3" t="60" w="79" /><ent r="4" t="77" w="18" /><ent r="4" t="77" w="18" /><ent r="6" t="80" w="262" /><ent r="6" t="80" w="262" /><ent r="6" t="80" w="388" /><ent r="6" t="80" w="388" /></phr><phr n="specifically"><ent r="3" t="15" w="42" /><ent r="3" t="15" w="42" /></phr><phr n="specification"><ent r="3" t="24" w="373" /><ent r="3" t="37" w="358" /><ent r="5" t="38" w="113" /></phr><phr n="Specification"><ent r="92" t="39" w="426" /><ent r="92" t="48" w="397" /></phr></stem><stem n="term"><phr n="term"><ent r="6" t="3" w="262" /><ent r="6" t="3" w="262" /><ent r="7" t="3" w="807" /><ent r="7" t="3" w="807" /><ent r="3" t="45" w="15" /><ent r="3" t="45" w="15" /><ent r="4" t="45" w="301" /><ent r="4" t="45" w="301" /><ent r="7" t="79" w="108" /><ent r="7" t="79" w="108" /><ent r="7" t="79" w="131" /><ent r="7" t="79" w="131" /><ent r="7" t="79" w="135" /><ent r="6" t="80" w="263" /><ent r="6" t="80" w="263" /><ent r="7" t="81" w="130" /><ent r="7" t="81" w="156" /></phr><phr n="terms"><ent r="3" t="3" w="693" /><ent r="3" t="4" w="328" /><ent r="3" t="4" w="328" /><ent r="3" t="7" w="51" /><ent r="3" t="7" w="51" /><ent r="3" t="79" w="35" /><ent r="3" t="79" w="35" /><ent r="7" t="79" w="88" /><ent r="7" t="79" w="88" /><ent r="7" t="79" w="153" /><ent r="7" t="79" w="153" /><ent r="7" t="81" w="115" /><ent r="7" t="81" w="115" /><ent r="7" t="81" w="136" /><ent r="7" t="81" w="136" /><ent r="4" t="82" w="132" /><ent r="4" t="82" w="132" /></phr></stem><stem n="phrase"><phr n="phrase"><ent r="6" t="3" w="264" /><ent r="7" t="3" w="301" /><ent r="7" t="3" w="301" /><ent r="7" t="3" w="321" /><ent r="7" t="3" w="321" /><ent r="7" t="3" w="335" /><ent r="6" t="3" w="358" /><ent r="7" t="3" w="409" /><ent r="7" t="3" w="409" /><ent r="7" t="3" w="622" /><ent r="7" t="3" w="622" /><ent r="8" t="3" w="636" /><ent r="8" t="3" w="636" /><ent r="6" t="80" w="265" /><ent r="7" t="80" w="318" /><ent r="7" t="80" w="318" /><ent r="7" t="80" w="338" /><ent r="7" t="80" w="338" /><ent r="7" t="80" w="352" /><ent r="6" t="80" w="375" /><ent r="7" t="80" w="426" /><ent r="7" t="80" w="426" /><ent r="7" t="80" w="626" /><ent r="7" t="80" w="626" /><ent r="8" t="80" w="640" /><ent r="8" t="80" w="640" /><ent r="7" t="81" w="84" /><ent r="7" t="81" w="84" /><ent r="7" t="81" w="94" /><ent r="7" t="81" w="94" /></phr><phr n="phrases"><ent r="3" t="81" w="28" /><ent r="3" t="81" w="28" /></phr></stem><stem n="scroll"><phr n="scroll"><ent r="6" t="3" w="266" /><ent r="6" t="3" w="266" /><ent r="6" t="80" w="267" /><ent r="6" t="80" w="267" /></phr></stem><stem n="field"><phr n="field"><ent r="7" t="3" w="290" /><ent r="7" t="3" w="290" /><ent r="7" t="3" w="398" /><ent r="7" t="3" w="398" /><ent r="5" t="3" w="1054" /><ent r="6" t="7" w="725" /><ent r="6" t="7" w="725" /><ent r="3" t="27" w="483" /><ent r="3" t="27" w="483" /><ent r="3" t="27" w="514" /><ent r="3" t="27" w="514" /><ent r="3" t="27" w="544" /><ent r="3" t="27" w="549" /><ent r="3" t="27" w="549" /><ent r="3" t="27" w="560" /><ent r="3" t="27" w="560" /><ent r="3" t="27" w="601" /><ent r="3" t="27" w="601" /><ent r="3" t="27" w="610" /><ent r="3" t="27" w="610" /><ent r="3" t="27" w="619" /><ent r="3" t="27" w="630" /><ent r="3" t="27" w="630" /><ent r="3" t="27" w="649" /><ent r="3" t="27" w="649" /><ent r="3" t="27" w="741" /><ent r="3" t="27" w="741" /><ent r="3" t="27" w="767" /><ent r="3" t="27" w="767" /><ent r="3" t="27" w="776" /><ent r="3" t="27" w="776" /><ent r="3" t="29" w="228" /><ent r="3" t="29" w="228" /><ent r="3" t="29" w="240" /><ent r="3" t="29" w="240" /><ent r="3" t="29" w="248" /><ent r="3" t="29" w="248" /><ent r="3" t="29" w="342" /><ent r="3" t="29" w="342" /><ent r="3" t="29" w="425" /><ent r="3" t="29" w="425" /><ent r="3" t="29" w="446" /><ent r="3" t="29" w="446" /><ent r="3" t="31" w="163" /><ent r="3" t="31" w="163" /><ent r="3" t="31" w="188" /><ent r="3" t="31" w="188" /><ent r="3" t="31" w="194" /><ent r="3" t="31" w="194" /><ent r="3" t="31" w="202" /><ent r="3" t="31" w="202" /><ent r="92" t="31" w="220" /><ent r="92" t="31" w="220" /><ent r="3" t="31" w="231" /><ent r="3" t="31" w="231" /><ent r="3" t="31" w="240" /><ent r="3" t="31" w="240" /><ent r="3" t="31" w="263" /><ent r="3" t="31" w="263" /><ent r="3" t="31" w="322" /><ent r="3" t="31" w="322" /><ent r="3" t="31" w="337" /><ent r="3" t="31" w="337" /><ent r="3" t="31" w="347" /><ent r="3" t="31" w="371" /><ent r="3" t="31" w="371" /><ent r="3" t="31" w="384" /><ent r="3" t="31" w="396" /><ent r="3" t="31" w="396" /><ent r="3" t="31" w="410" /><ent r="3" t="31" w="440" /><ent r="3" t="31" w="440" /><ent r="3" t="31" w="466" /><ent r="3" t="31" w="466" /><ent r="3" t="31" w="471" /><ent r="3" t="31" w="471" /><ent r="3" t="31" w="507" /><ent r="3" t="31" w="507" /><ent r="3" t="32" w="49" /><ent r="3" t="32" w="49" /><ent r="3" t="34" w="340" /><ent r="3" t="34" w="340" /><ent r="3" t="35" w="362" /><ent r="3" t="35" w="362" /><ent r="3" t="35" w="409" /><ent r="3" t="35" w="426" /><ent r="3" t="35" w="426" /><ent r="3" t="35" w="462" /><ent r="3" t="35" w="462" /><ent r="3" t="39" w="507" /><ent r="3" t="39" w="507" /><ent r="3" t="52" w="24" /><ent r="3" t="52" w="24" /><ent r="4" t="52" w="61" /><ent r="4" t="52" w="61" /><ent r="4" t="52" w="70" /><ent r="4" t="52" w="70" /><ent r="4" t="52" w="84" /><ent r="4" t="52" w="84" /><ent r="3" t="52" w="120" /><ent r="3" t="52" w="120" /><ent r="3" t="52" w="151" /><ent r="3" t="52" w="151" /><ent r="4" t="53" w="40" /><ent r="4" t="53" w="40" /><ent r="4" t="53" w="49" /><ent r="4" t="53" w="49" /><ent r="4" t="53" w="69" /><ent r="4" t="53" w="69" /><ent r="5" t="57" w="157" /><ent r="5" t="57" w="157" /><ent r="5" t="57" w="163" /><ent r="5" t="59" w="142" /><ent r="5" t="59" w="142" /><ent r="3" t="68" w="28" /><ent r="3" t="68" w="28" /><ent r="6" t="73" w="96" /><ent r="6" t="73" w="96" /><ent r="6" t="73" w="127" /><ent r="6" t="73" w="127" /><ent r="6" t="73" w="194" /><ent r="6" t="73" w="230" /><ent r="6" t="73" w="250" /><ent r="6" t="73" w="252" /><ent r="6" t="73" w="252" /><ent r="6" t="73" w="268" /><ent r="6" t="73" w="302" /><ent r="6" t="73" w="302" /><ent r="6" t="73" w="344" /><ent r="6" t="73" w="356" /><ent r="6" t="73" w="356" /><ent r="7" t="80" w="307" /><ent r="7" t="80" w="307" /><ent r="7" t="80" w="415" /><ent r="7" t="80" w="415" /><ent r="7" t="81" w="106" /><ent r="7" t="81" w="116" /></phr><phr n="fields"><ent r="6" t="5" w="84" /><ent r="6" t="7" w="826" /><ent r="6" t="7" w="834" /><ent r="6" t="7" w="842" /><ent r="3" t="26" w="194" /><ent r="3" t="26" w="194" /><ent r="3" t="26" w="221" /><ent r="3" t="26" w="221" /><ent r="3" t="27" w="218" /><ent r="3" t="27" w="298" /><ent r="3" t="27" w="298" /><ent r="3" t="27" w="311" /><ent r="3" t="27" w="311" /><ent r="3" t="27" w="416" /><ent r="3" t="27" w="416" /><ent r="92" t="27" w="424" /><ent r="92" t="27" w="424" /><ent r="3" t="27" w="435" /><ent r="3" t="27" w="435" /><ent r="3" t="27" w="446" /><ent r="3" t="27" w="446" /><ent r="3" t="27" w="523" /><ent r="3" t="27" w="523" /><ent r="3" t="27" w="539" /><ent r="3" t="27" w="539" /><ent r="3" t="27" w="584" /><ent r="3" t="27" w="584" /><ent r="3" t="27" w="671" /><ent r="3" t="27" w="671" /><ent r="3" t="27" w="712" /><ent r="3" t="27" w="712" /><ent r="3" t="27" w="789" /><ent r="3" t="27" w="789" /><ent r="3" t="29" w="94" /><ent r="3" t="29" w="96" /><ent r="3" t="29" w="99" /><ent r="3" t="29" w="99" /><ent r="3" t="29" w="103" /><ent r="3" t="29" w="103" /><ent r="3" t="29" w="148" /><ent r="3" t="29" w="148" /><ent r="3" t="29" w="167" /><ent r="3" t="29" w="167" /><ent r="3" t="29" w="189" /><ent r="3" t="29" w="202" /><ent r="3" t="29" w="202" /><ent r="3" t="29" w="221" /><ent r="3" t="29" w="221" /><ent r="3" t="29" w="234" /><ent r="3" t="29" w="234" /><ent r="3" t="29" w="289" /><ent r="3" t="29" w="289" /><ent r="3" t="29" w="317" /><ent r="3" t="29" w="317" /><ent r="3" t="29" w="328" /><ent r="3" t="29" w="328" /><ent r="3" t="29" w="364" /><ent r="3" t="29" w="364" /><ent r="3" t="29" w="384" /><ent r="3" t="29" w="384" /><ent r="3" t="29" w="422" /><ent r="3" t="29" w="422" /><ent r="3" t="29" w="475" /><ent r="3" t="29" w="475" /><ent r="3" t="31" w="252" /><ent r="3" t="31" w="252" /><ent r="3" t="31" w="280" /><ent r="3" t="31" w="280" /><ent r="3" t="31" w="302" /><ent r="3" t="31" w="302" /><ent r="92" t="31" w="389" /><ent r="92" t="31" w="389" /><ent r="3" t="31" w="452" /><ent r="3" t="31" w="452" /><ent r="3" t="31" w="456" /><ent r="3" t="31" w="456" /><ent r="3" t="34" w="346" /><ent r="3" t="34" w="346" /><ent r="3" t="34" w="377" /><ent r="3" t="34" w="377" /><ent r="3" t="35" w="203" /><ent r="3" t="35" w="203" /><ent r="3" t="35" w="387" /><ent r="3" t="35" w="387" /><ent r="3" t="35" w="472" /><ent r="3" t="35" w="472" /><ent r="3" t="44" w="45" /><ent r="3" t="44" w="45" /><ent r="65" t="51" w="73" /><ent r="65" t="51" w="73" /><ent r="3" t="52" w="43" /><ent r="3" t="52" w="43" /><ent r="3" t="52" w="127" /><ent r="3" t="52" w="127" /><ent r="1000" t="53" w="4" /><ent r="1000" t="53" w="4" /><ent r="102" t="53" w="9" /><ent r="102" t="53" w="9" /><ent r="3" t="53" w="19" /><ent r="3" t="53" w="19" /><ent r="3" t="53" w="84" /><ent r="3" t="53" w="84" /><ent r="7" t="81" w="117" /></phr><phr n="Field"><ent r="7" t="17" w="474" /><ent r="7" t="17" w="487" /><ent r="7" t="17" w="500" /><ent r="7" t="17" w="6207" /><ent r="7" t="17" w="6207" /><ent r="3" t="27" w="528" /><ent r="3" t="27" w="528" /><ent r="6" t="73" w="24" /><ent r="6" t="73" w="24" /><ent r="6" t="73" w="367" /><ent r="6" t="73" w="367" /><ent r="6" t="73" w="375" /><ent r="6" t="73" w="375" /></phr><phr n="Fields"><ent r="8" t="17" w="1191" /><ent r="8" t="17" w="1239" /><ent r="8" t="17" w="1407" /><ent r="8" t="17" w="1576" /><ent r="7" t="17" w="1675" /><ent r="7" t="17" w="1854" /><ent r="7" t="17" w="2007" /><ent r="7" t="17" w="2175" /><ent r="7" t="17" w="2350" /><ent r="7" t="17" w="2529" /><ent r="7" t="17" w="2618" /><ent r="7" t="17" w="2786" /><ent r="7" t="17" w="2961" /><ent r="7" t="17" w="3140" /><ent r="7" t="17" w="3229" /><ent r="7" t="17" w="3397" /><ent r="7" t="17" w="4387" /><ent r="7" t="17" w="5944" /><ent r="3" t="25" w="302" /><ent r="3" t="31" w="211" /><ent r="3" t="31" w="211" /><ent r="3" t="31" w="445" /><ent r="3" t="31" w="445" /><ent r="3" t="31" w="485" /><ent r="3" t="32" w="66" /><ent r="3" t="32" w="66" /><ent r="4" t="54" w="172" /><ent r="5" t="57" w="143" /><ent r="5" t="58" w="133" /></phr></stem></index>