<?xml version="1.0" encoding="utf-8"?><index><stem n="id"><phr n="IDs"><ent r="65" t="1" w="249" /><ent r="65" t="1" w="249" /></phr><phr n="ID"><ent r="8" t="17" w="1164" /><ent r="8" t="17" w="1393" /><ent r="7" t="17" w="1827" /><ent r="7" t="17" w="1993" /><ent r="7" t="17" w="2336" /><ent r="7" t="17" w="2502" /><ent r="7" t="17" w="3113" /><ent r="7" t="17" w="3383" /><ent r="4" t="55" w="51" /><ent r="4" t="55" w="51" /><ent r="4" t="55" w="61" /><ent r="4" t="55" w="61" /><ent r="4" t="55" w="79" /><ent r="4" t="55" w="79" /><ent r="5" t="55" w="191" /><ent r="5" t="65" w="577" /><ent r="5" t="65" w="577" /><ent r="6" t="73" w="167" /><ent r="6" t="73" w="167" /><ent r="6" t="73" w="261" /></phr><phr n="id"><ent r="3" t="61" w="217" /><ent r="3" t="61" w="243" /><ent r="3" t="61" w="243" /><ent r="3" t="61" w="245" /><ent r="3" t="61" w="245" /><ent r="4" t="64" w="205" /><ent r="4" t="65" w="118" /><ent r="3" t="65" w="128" /><ent r="3" t="65" w="128" /><ent r="4" t="65" w="202" /><ent r="3" t="65" w="253" /><ent r="3" t="65" w="253" /><ent r="3" t="65" w="275" /><ent r="3" t="65" w="275" /><ent r="3" t="65" w="285" /><ent r="3" t="65" w="285" /><ent r="3" t="65" w="359" /><ent r="3" t="65" w="359" /><ent r="4" t="65" w="379" /><ent r="4" t="65" w="444" /><ent r="3" t="65" w="453" /><ent r="3" t="65" w="453" /><ent r="3" t="65" w="459" /><ent r="3" t="65" w="459" /><ent r="4" t="65" w="582" /><ent r="4" t="65" w="582" /></phr><phr n="Id"><ent r="3" t="64" w="271" /><ent r="3" t="65" w="231" /></phr><phr n="ids"><ent r="3" t="65" w="147" /><ent r="3" t="65" w="147" /><ent r="3" t="65" w="259" /><ent r="3" t="65" w="259" /></phr></stem><stem n="best"><phr n="Best"><ent r="65" t="1" w="253" /><ent r="65" t="1" w="253" /><ent r="1000" t="2" w="1" /><ent r="1000" t="2" w="1" /><ent r="102" t="2" w="4" /><ent r="102" t="2" w="4" /></phr><phr n="best"><ent r="3" t="17" w="33" /><ent r="3" t="17" w="33" /><ent r="6" t="18" w="209" /><ent r="6" t="18" w="209" /><ent r="3" t="21" w="26" /><ent r="3" t="21" w="26" /><ent r="3" t="35" w="484" /><ent r="3" t="35" w="484" /></phr></stem><stem n="practic"><phr n="practices"><ent r="65" t="1" w="254" /><ent r="65" t="1" w="254" /><ent r="6" t="18" w="210" /><ent r="6" t="18" w="210" /><ent r="3" t="21" w="27" /><ent r="3" t="21" w="27" /></phr><phr n="Practices"><ent r="1000" t="2" w="2" /><ent r="1000" t="2" w="2" /><ent r="102" t="2" w="5" /><ent r="102" t="2" w="5" /></phr><phr n="practice"><ent r="3" t="2" w="472" /><ent r="3" t="2" w="472" /></phr><phr n="practical"><ent r="4" t="19" w="150" /><ent r="4" t="19" w="150" /><ent r="4" t="20" w="113" /><ent r="4" t="20" w="113" /><ent r="4" t="21" w="80" /><ent r="4" t="21" w="80" /><ent r="3" t="22" w="22" /><ent r="3" t="22" w="22" /><ent r="4" t="22" w="68" /><ent r="4" t="22" w="68" /><ent r="3" t="66" w="47" /><ent r="3" t="66" w="47" /></phr></stem><stem n="give"><phr n="give"><ent r="4" t="1" w="256" /><ent r="4" t="1" w="256" /><ent r="3" t="4" w="226" /><ent r="3" t="4" w="226" /></phr><phr n="gives"><ent r="3" t="2" w="17" /><ent r="3" t="2" w="17" /><ent r="3" t="43" w="23" /><ent r="3" t="43" w="23" /></phr><phr n="giving"><ent r="5" t="14" w="44" /><ent r="5" t="14" w="44" /></phr></stem><stem n="tip"><phr n="tips"><ent r="4" t="1" w="258" /><ent r="4" t="1" w="258" /><ent r="3" t="1" w="282" /><ent r="3" t="1" w="282" /><ent r="3" t="4" w="243" /><ent r="3" t="69" w="350" /></phr></stem><stem n="review"><phr n="Review"><ent r="3" t="1" w="264" /><ent r="3" t="1" w="264" /></phr><phr n="review"><ent r="3" t="45" w="262" /><ent r="3" t="45" w="262" /><ent r="3" t="47" w="26" /><ent r="3" t="47" w="26" /></phr></stem><stem n="convent"><phr n="conventions"><ent r="3" t="1" w="273" /><ent r="3" t="1" w="273" /><ent r="1000" t="5" w="2" /><ent r="1000" t="5" w="2" /><ent r="100" t="5" w="5" /><ent r="100" t="5" w="5" /><ent r="102" t="5" w="8" /><ent r="102" t="5" w="8" /><ent r="4" t="5" w="20" /><ent r="4" t="5" w="20" /></phr><phr n="Convention"><ent r="5" t="5" w="29" /><ent r="5" t="5" w="29" /></phr></stem><stem n="referenc"><phr n="referenced"><ent r="3" t="1" w="277" /><ent r="3" t="1" w="277" /><ent r="3" t="6" w="21" /><ent r="3" t="6" w="21" /><ent r="3" t="69" w="230" /><ent r="3" t="69" w="230" /><ent r="4" t="69" w="358" /><ent r="4" t="69" w="358" /><ent r="3" t="74" w="21" /><ent r="3" t="74" w="21" /></phr><phr n="referencing"><ent r="4" t="67" w="159" /><ent r="4" t="68" w="152" /></phr></stem><stem n="topic"><phr n="topic"><ent r="3" t="2" w="8" /><ent r="3" t="2" w="8" /><ent r="7" t="3" w="158" /><ent r="7" t="3" w="158" /><ent r="7" t="3" w="170" /><ent r="7" t="3" w="170" /><ent r="7" t="3" w="184" /><ent r="7" t="3" w="184" /><ent r="7" t="3" w="227" /><ent r="8" t="3" w="529" /><ent r="8" t="3" w="529" /><ent r="7" t="3" w="595" /><ent r="7" t="3" w="595" /><ent r="8" t="3" w="639" /><ent r="8" t="3" w="733" /><ent r="8" t="3" w="733" /><ent r="7" t="3" w="770" /><ent r="7" t="3" w="770" /><ent r="7" t="3" w="775" /><ent r="7" t="3" w="775" /><ent r="8" t="3" w="827" /><ent r="8" t="3" w="827" /><ent r="8" t="3" w="831" /><ent r="8" t="3" w="831" /><ent r="3" t="39" w="10" /><ent r="3" t="39" w="10" /><ent r="3" t="48" w="12" /><ent r="3" t="48" w="12" /><ent r="3" t="60" w="77" /><ent r="3" t="60" w="77" /><ent r="7" t="79" w="92" /><ent r="7" t="79" w="111" /><ent r="7" t="79" w="157" /><ent r="7" t="80" w="158" /><ent r="7" t="80" w="158" /><ent r="7" t="80" w="171" /><ent r="7" t="80" w="171" /><ent r="7" t="80" w="185" /><ent r="7" t="80" w="185" /><ent r="7" t="80" w="228" /><ent r="8" t="80" w="533" /><ent r="8" t="80" w="533" /><ent r="7" t="80" w="599" /><ent r="7" t="80" w="599" /><ent r="8" t="80" w="643" /></phr><phr n="topics"><ent r="100" t="3" w="22" /><ent r="100" t="3" w="22" /><ent r="3" t="3" w="38" /><ent r="3" t="3" w="38" /><ent r="6" t="3" w="89" /><ent r="7" t="3" w="131" /><ent r="7" t="3" w="131" /><ent r="7" t="3" w="435" /><ent r="8" t="3" w="473" /><ent r="8" t="3" w="473" /><ent r="3" t="3" w="683" /><ent r="3" t="3" w="683" /><ent r="3" t="3" w="697" /><ent r="6" t="3" w="700" /><ent r="6" t="3" w="700" /><ent r="6" t="3" w="717" /><ent r="6" t="3" w="717" /><ent r="7" t="3" w="725" /><ent r="7" t="3" w="725" /><ent r="6" t="3" w="821" /><ent r="6" t="3" w="821" /><ent r="7" t="3" w="868" /><ent r="7" t="3" w="868" /><ent r="7" t="17" w="6851" /><ent r="7" t="17" w="6851" /><ent r="3" t="19" w="90" /><ent r="3" t="20" w="67" /><ent r="92" t="36" w="201" /><ent r="92" t="36" w="201" /><ent r="92" t="40" w="157" /><ent r="92" t="40" w="157" /><ent r="92" t="45" w="380" /><ent r="92" t="45" w="380" /><ent r="92" t="49" w="231" /><ent r="92" t="49" w="231" /><ent r="100" t="80" w="22" /><ent r="100" t="80" w="22" /><ent r="3" t="80" w="38" /><ent r="3" t="80" w="38" /><ent r="6" t="80" w="89" /><ent r="7" t="80" w="131" /><ent r="7" t="80" w="131" /><ent r="7" t="80" w="453" /><ent r="8" t="80" w="477" /><ent r="8" t="80" w="477" /></phr><phr n="Topics"><ent r="8" t="3" w="427" /><ent r="8" t="3" w="427" /><ent r="8" t="3" w="899" /><ent r="8" t="3" w="899" /><ent r="7" t="17" w="6842" /><ent r="7" t="17" w="6842" /><ent r="7" t="79" w="98" /><ent r="7" t="79" w="98" /><ent r="7" t="79" w="117" /><ent r="7" t="79" w="117" /><ent r="7" t="79" w="141" /><ent r="7" t="79" w="141" /><ent r="7" t="79" w="165" /><ent r="7" t="79" w="165" /><ent r="6" t="80" w="271" /><ent r="6" t="80" w="271" /><ent r="8" t="80" w="445" /><ent r="8" t="80" w="445" /><ent r="7" t="81" w="76" /><ent r="7" t="81" w="76" /><ent r="7" t="81" w="89" /><ent r="7" t="81" w="89" /><ent r="7" t="81" w="111" /><ent r="7" t="81" w="111" /><ent r="7" t="81" w="132" /><ent r="7" t="81" w="132" /></phr></stem><stem n="identifi"><phr n="identifies"><ent r="3" t="2" w="9" /><ent r="3" t="2" w="9" /><ent r="3" t="16" w="121" /><ent r="3" t="16" w="121" /></phr><phr n="Identifier"><ent r="92" t="29" w="152" /><ent r="92" t="29" w="152" /><ent r="3" t="29" w="281" /><ent r="3" t="29" w="281" /></phr><phr n="identify"><ent r="3" t="29" w="172" /><ent r="3" t="29" w="172" /><ent r="3" t="29" w="208" /><ent r="3" t="29" w="208" /><ent r="3" t="64" w="277" /><ent r="3" t="64" w="277" /><ent r="3" t="65" w="237" /><ent r="3" t="65" w="237" /></phr><phr n="identifier"><ent r="3" t="29" w="191" /><ent r="3" t="29" w="191" /><ent r="3" t="29" w="348" /><ent r="3" t="29" w="348" /><ent r="3" t="29" w="415" /><ent r="3" t="29" w="415" /></phr></stem><stem n="assembl"><phr n="assemblies"><ent r="3" t="2" w="15" /><ent r="3" t="2" w="15" /><ent r="92" t="2" w="36" /><ent r="92" t="2" w="36" /><ent r="3" t="2" w="45" /><ent r="3" t="2" w="45" /><ent r="3" t="2" w="54" /><ent r="3" t="2" w="107" /><ent r="3" t="2" w="117" /><ent r="3" t="2" w="124" /><ent r="3" t="2" w="124" /><ent r="3" t="2" w="147" /><ent r="3" t="2" w="167" /><ent r="3" t="37" w="159" /><ent r="3" t="37" w="159" /><ent r="3" t="37" w="435" /><ent r="3" t="37" w="435" /><ent r="3" t="46" w="40" /><ent r="3" t="46" w="40" /></phr><phr n="Assembly"><ent r="3" t="2" w="302" /><ent r="3" t="2" w="302" /><ent r="6" t="7" w="149" /><ent r="6" t="7" w="149" /></phr><phr n="assembly"><ent r="3" t="2" w="457" /><ent r="3" t="2" w="457" /><ent r="3" t="2" w="476" /><ent r="3" t="2" w="476" /><ent r="3" t="7" w="34" /><ent r="3" t="7" w="34" /><ent r="3" t="7" w="59" /><ent r="3" t="7" w="59" /><ent r="3" t="7" w="64" /><ent r="3" t="7" w="64" /><ent r="3" t="37" w="53" /><ent r="4" t="37" w="490" /><ent r="4" t="37" w="490" /><ent r="4" t="37" w="501" /><ent r="4" t="37" w="501" /><ent r="3" t="39" w="158" /><ent r="3" t="39" w="158" /><ent r="4" t="46" w="94" /><ent r="4" t="46" w="94" /><ent r="4" t="46" w="104" /><ent r="4" t="46" w="104" /><ent r="3" t="48" w="140" /><ent r="3" t="48" w="140" /><ent r="3" t="48" w="194" /><ent r="3" t="48" w="194" /><ent r="3" t="48" w="283" /><ent r="3" t="48" w="283" /><ent r="3" t="48" w="353" /><ent r="3" t="48" w="353" /><ent r="3" t="61" w="54" /><ent r="3" t="63" w="32" /><ent r="4" t="63" w="219" /><ent r="4" t="63" w="219" /><ent r="4" t="63" w="224" /><ent r="4" t="63" w="244" /><ent r="4" t="63" w="244" /><ent r="3" t="64" w="31" /><ent r="3" t="65" w="24" /><ent r="4" t="82" w="59" /><ent r="4" t="82" w="59" /><ent r="5" t="82" w="229" /><ent r="5" t="82" w="229" /></phr></stem><stem n="work"><phr n="working"><ent r="3" t="2" w="20" /><ent r="3" t="2" w="20" /><ent r="6" t="7" w="605" /><ent r="6" t="7" w="605" /><ent r="6" t="7" w="613" /><ent r="6" t="7" w="613" /><ent r="3" t="21" w="49" /><ent r="3" t="21" w="49" /><ent r="3" t="31" w="44" /><ent r="3" t="31" w="44" /><ent r="3" t="66" w="81" /><ent r="3" t="66" w="81" /></phr><phr n="work"><ent r="3" t="2" w="229" /><ent r="3" t="2" w="229" /><ent r="3" t="2" w="397" /><ent r="3" t="2" w="397" /><ent r="3" t="25" w="105" /><ent r="3" t="25" w="105" /><ent r="3" t="31" w="118" /><ent r="3" t="31" w="118" /><ent r="3" t="31" w="732" /><ent r="3" t="31" w="732" /><ent r="3" t="40" w="76" /><ent r="3" t="40" w="76" /><ent r="4" t="41" w="85" /><ent r="4" t="41" w="85" /><ent r="3" t="45" w="205" /><ent r="7" t="79" w="121" /><ent r="7" t="79" w="121" /><ent r="3" t="79" w="186" /><ent r="3" t="79" w="186" /></phr><phr n="works"><ent r="3" t="21" w="18" /><ent r="3" t="21" w="18" /><ent r="3" t="27" w="622" /><ent r="3" t="27" w="622" /><ent r="3" t="31" w="784" /><ent r="3" t="31" w="784" /></phr><phr n="Working"><ent r="3" t="31" w="35" /><ent r="3" t="31" w="35" /></phr></stem><stem n="third-parti"><phr n="third-party"><ent r="3" t="2" w="22" /><ent r="3" t="2" w="22" /><ent r="3" t="2" w="188" /><ent r="3" t="2" w="188" /><ent r="3" t="2" w="213" /><ent r="3" t="2" w="213" /><ent r="3" t="2" w="236" /><ent r="3" t="2" w="236" /><ent r="3" t="2" w="248" /><ent r="3" t="2" w="248" /><ent r="3" t="2" w="293" /><ent r="3" t="2" w="293" /><ent r="3" t="13" w="68" /><ent r="3" t="13" w="68" /><ent r="3" t="15" w="44" /><ent r="3" t="15" w="44" /><ent r="4" t="15" w="251" /><ent r="4" t="15" w="251" /><ent r="4" t="15" w="300" /><ent r="4" t="15" w="300" /><ent r="3" t="36" w="163" /><ent r="3" t="36" w="163" /></phr><phr n="Third-party"><ent r="92" t="2" w="178" /><ent r="92" t="2" w="178" /><ent r="3" t="2" w="196" /><ent r="3" t="2" w="196" /></phr></stem><stem n="third"><phr n="third"><ent r="3" t="2" w="22" /><ent r="3" t="2" w="188" /><ent r="3" t="2" w="213" /><ent r="3" t="2" w="236" /><ent r="3" t="2" w="248" /><ent r="3" t="2" w="293" /><ent r="3" t="8" w="45" /><ent r="3" t="8" w="45" /><ent r="3" t="8" w="112" /><ent r="3" t="8" w="112" /><ent r="3" t="13" w="68" /><ent r="3" t="15" w="44" /><ent r="4" t="15" w="251" /><ent r="4" t="15" w="300" /><ent r="3" t="36" w="163" /><ent r="3" t="45" w="178" /><ent r="3" t="45" w="178" /><ent r="3" t="45" w="225" /><ent r="3" t="45" w="225" /></phr><phr n="Third"><ent r="92" t="2" w="178" /><ent r="3" t="2" w="196" /></phr></stem><stem n="parti"><phr n="party"><ent r="3" t="2" w="23" /><ent r="92" t="2" w="179" /><ent r="3" t="2" w="189" /><ent r="3" t="2" w="197" /><ent r="3" t="2" w="214" /><ent r="3" t="2" w="237" /><ent r="3" t="2" w="249" /><ent r="3" t="2" w="294" /><ent r="3" t="8" w="46" /><ent r="3" t="8" w="46" /><ent r="3" t="8" w="113" /><ent r="3" t="8" w="113" /><ent r="3" t="13" w="69" /><ent r="3" t="15" w="45" /><ent r="4" t="15" w="252" /><ent r="4" t="15" w="301" /><ent r="3" t="36" w="164" /><ent r="3" t="45" w="226" /><ent r="3" t="45" w="226" /></phr><phr n="parties"><ent r="3" t="45" w="179" /><ent r="3" t="45" w="179" /></phr></stem><stem n="compon"><phr n="components"><ent r="3" t="2" w="24" /><ent r="92" t="2" w="180" /><ent r="92" t="2" w="180" /><ent r="3" t="2" w="190" /><ent r="3" t="2" w="190" /><ent r="3" t="2" w="198" /><ent r="3" t="2" w="198" /><ent r="3" t="2" w="215" /><ent r="3" t="2" w="215" /><ent r="3" t="3" w="958" /><ent r="3" t="8" w="66" /><ent r="3" t="8" w="83" /><ent r="3" t="8" w="83" /><ent r="3" t="36" w="22" /><ent r="3" t="37" w="102" /><ent r="3" t="37" w="130" /><ent r="3" t="37" w="130" /><ent r="3" t="37" w="148" /><ent r="3" t="37" w="231" /><ent r="3" t="37" w="231" /><ent r="3" t="37" w="257" /><ent r="3" t="37" w="282" /><ent r="3" t="37" w="282" /><ent r="3" t="37" w="324" /><ent r="4" t="37" w="348" /><ent r="4" t="37" w="348" /><ent r="3" t="37" w="353" /><ent r="3" t="37" w="353" /><ent r="3" t="37" w="361" /><ent r="4" t="37" w="451" /><ent r="4" t="37" w="506" /><ent r="4" t="38" w="55" /><ent r="4" t="38" w="64" /><ent r="4" t="38" w="64" /><ent r="3" t="38" w="295" /><ent r="3" t="38" w="295" /><ent r="3" t="38" w="312" /><ent r="3" t="38" w="312" /><ent r="3" t="38" w="315" /><ent r="3" t="38" w="315" /><ent r="3" t="38" w="337" /><ent r="3" t="38" w="354" /><ent r="3" t="38" w="354" /><ent r="3" t="38" w="419" /><ent r="3" t="38" w="419" /><ent r="3" t="38" w="454" /><ent r="3" t="38" w="454" /><ent r="3" t="38" w="483" /><ent r="3" t="38" w="483" /><ent r="3" t="38" w="503" /><ent r="3" t="38" w="503" /><ent r="3" t="38" w="512" /><ent r="3" t="38" w="512" /><ent r="3" t="38" w="523" /><ent r="3" t="38" w="523" /><ent r="3" t="38" w="551" /><ent r="3" t="39" w="76" /><ent r="3" t="39" w="76" /><ent r="3" t="39" w="88" /><ent r="3" t="39" w="88" /><ent r="3" t="39" w="129" /><ent r="3" t="39" w="129" /><ent r="3" t="39" w="146" /><ent r="3" t="39" w="146" /><ent r="3" t="39" w="176" /><ent r="3" t="39" w="193" /><ent r="3" t="39" w="193" /><ent r="3" t="39" w="220" /><ent r="3" t="39" w="220" /><ent r="3" t="39" w="318" /><ent r="3" t="39" w="318" /><ent r="3" t="39" w="398" /><ent r="3" t="39" w="433" /><ent r="3" t="39" w="433" /><ent r="3" t="39" w="471" /><ent r="3" t="39" w="471" /><ent r="3" t="45" w="250" /><ent r="3" t="48" w="113" /><ent r="3" t="48" w="113" /><ent r="3" t="48" w="127" /><ent r="3" t="48" w="127" /><ent r="64" t="49" w="234" /><ent r="64" t="49" w="234" /><ent r="1000" t="50" w="2" /><ent r="1000" t="50" w="2" /><ent r="102" t="50" w="5" /><ent r="102" t="50" w="5" /><ent r="3" t="50" w="9" /><ent r="3" t="50" w="9" /></phr><phr n="component"><ent r="3" t="2" w="223" /><ent r="3" t="2" w="250" /><ent r="3" t="34" w="357" /><ent r="3" t="34" w="357" /><ent r="3" t="35" w="153" /><ent r="3" t="35" w="153" /><ent r="4" t="37" w="226" /><ent r="4" t="37" w="226" /><ent r="3" t="37" w="246" /><ent r="3" t="37" w="246" /><ent r="3" t="37" w="260" /><ent r="3" t="37" w="260" /><ent r="4" t="37" w="277" /><ent r="4" t="37" w="277" /><ent r="3" t="37" w="309" /><ent r="3" t="37" w="309" /><ent r="3" t="37" w="326" /><ent r="3" t="37" w="326" /><ent r="3" t="37" w="336" /><ent r="3" t="37" w="336" /><ent r="3" t="37" w="398" /><ent r="4" t="37" w="488" /><ent r="4" t="38" w="27" /><ent r="4" t="38" w="78" /><ent r="4" t="38" w="78" /><ent r="4" t="38" w="89" /><ent r="4" t="38" w="89" /><ent r="5" t="38" w="110" /><ent r="5" t="38" w="110" /><ent r="5" t="38" w="116" /><ent r="4" t="38" w="128" /><ent r="4" t="38" w="128" /><ent r="4" t="38" w="147" /><ent r="4" t="38" w="147" /><ent r="4" t="38" w="159" /><ent r="4" t="38" w="159" /><ent r="4" t="38" w="168" /><ent r="3" t="38" w="179" /><ent r="3" t="38" w="179" /><ent r="3" t="38" w="273" /><ent r="3" t="38" w="273" /><ent r="3" t="38" w="363" /><ent r="3" t="38" w="363" /><ent r="3" t="38" w="414" /><ent r="3" t="38" w="414" /><ent r="3" t="39" w="34" /><ent r="3" t="39" w="34" /><ent r="4" t="39" w="52" /><ent r="3" t="39" w="56" /><ent r="3" t="39" w="56" /><ent r="3" t="39" w="82" /><ent r="3" t="39" w="104" /><ent r="3" t="39" w="116" /><ent r="3" t="39" w="116" /><ent r="92" t="39" w="140" /><ent r="92" t="39" w="140" /><ent r="3" t="39" w="151" /><ent r="3" t="39" w="151" /><ent r="3" t="39" w="168" /><ent r="3" t="39" w="168" /><ent r="3" t="39" w="185" /><ent r="3" t="39" w="185" /><ent r="92" t="39" w="202" /><ent r="92" t="39" w="202" /><ent r="3" t="39" w="206" /><ent r="3" t="39" w="206" /><ent r="3" t="39" w="236" /><ent r="3" t="39" w="236" /><ent r="3" t="39" w="297" /><ent r="3" t="39" w="297" /><ent r="3" t="39" w="342" /><ent r="3" t="39" w="342" /><ent r="3" t="39" w="359" /><ent r="92" t="39" w="363" /><ent r="92" t="39" w="363" /><ent r="3" t="39" w="371" /><ent r="3" t="39" w="371" /><ent r="3" t="39" w="378" /><ent r="3" t="39" w="400" /><ent r="3" t="39" w="400" /><ent r="92" t="39" w="429" /><ent r="92" t="39" w="429" /><ent r="3" t="39" w="440" /><ent r="3" t="39" w="479" /><ent r="3" t="39" w="479" /><ent r="3" t="39" w="487" /><ent r="3" t="39" w="494" /><ent r="3" t="39" w="494" /><ent r="3" t="39" w="532" /><ent r="3" t="39" w="532" /><ent r="3" t="48" w="37" /><ent r="3" t="48" w="37" /><ent r="3" t="48" w="94" /><ent r="3" t="48" w="94" /><ent r="3" t="48" w="119" /></phr><phr n="Component"><ent r="4" t="37" w="345" /><ent r="4" t="37" w="345" /><ent r="4" t="38" w="120" /><ent r="4" t="38" w="120" /><ent r="3" t="38" w="210" /><ent r="3" t="38" w="210" /><ent r="3" t="38" w="231" /><ent r="3" t="38" w="231" /><ent r="3" t="38" w="250" /><ent r="3" t="38" w="250" /><ent r="3" t="38" w="260" /><ent r="3" t="38" w="260" /><ent r="3" t="38" w="281" /><ent r="3" t="38" w="281" /><ent r="3" t="38" w="350" /><ent r="3" t="38" w="350" /><ent r="3" t="38" w="393" /><ent r="3" t="38" w="393" /><ent r="3" t="38" w="499" /><ent r="3" t="38" w="499" /><ent r="92" t="39" w="24" /><ent r="92" t="39" w="24" /><ent r="92" t="48" w="26" /><ent r="92" t="48" w="26" /></phr><phr n="Components"><ent r="4" t="82" w="84" /><ent r="4" t="82" w="84" /></phr></stem><stem n="place"><phr n="placing"><ent r="3" t="2" w="25" /><ent r="3" t="2" w="25" /></phr><phr n="place"><ent r="3" t="2" w="268" /><ent r="3" t="2" w="268" /><ent r="3" t="2" w="315" /><ent r="3" t="2" w="315" /><ent r="3" t="15" w="136" /><ent r="3" t="15" w="136" /><ent r="3" t="38" w="192" /><ent r="3" t="38" w="192" /><ent r="3" t="45" w="45" /><ent r="3" t="45" w="45" /><ent r="3" t="67" w="48" /><ent r="3" t="67" w="48" /><ent r="3" t="68" w="57" /><ent r="3" t="68" w="57" /><ent r="3" t="68" w="91" /><ent r="3" t="68" w="91" /></phr><phr n="placed"><ent r="3" t="15" w="112" /><ent r="3" t="15" w="112" /></phr><phr n="places"><ent r="3" t="15" w="144" /><ent r="3" t="15" w="144" /></phr></stem><stem n="dll"><phr n="DLLs"><ent r="3" t="2" w="26" /><ent r="3" t="2" w="155" /><ent r="3" t="2" w="155" /><ent r="3" t="2" w="169" /><ent r="3" t="2" w="169" /><ent r="3" t="2" w="269" /><ent r="3" t="2" w="269" /><ent r="3" t="2" w="291" /><ent r="3" t="2" w="295" /><ent r="3" t="62" w="20" /><ent r="3" t="62" w="20" /></phr><phr n="dll"><ent r="100" t="3" w="938" /><ent r="100" t="3" w="938" /><ent r="3" t="3" w="968" /><ent r="3" t="3" w="968" /><ent r="3" t="3" w="983" /><ent r="3" t="3" w="983" /><ent r="3" t="3" w="1001" /><ent r="3" t="3" w="1001" /><ent r="65" t="3" w="1008" /><ent r="65" t="3" w="1008" /><ent r="4" t="3" w="1063" /><ent r="4" t="3" w="1063" /><ent r="3" t="3" w="1072" /><ent r="3" t="3" w="1072" /><ent r="5" t="37" w="170" /><ent r="5" t="37" w="170" /><ent r="5" t="37" w="187" /><ent r="5" t="37" w="187" /><ent r="5" t="37" w="445" /><ent r="5" t="37" w="445" /><ent r="5" t="37" w="483" /><ent r="5" t="37" w="483" /><ent r="5" t="46" w="51" /><ent r="5" t="46" w="51" /><ent r="5" t="46" w="87" /><ent r="5" t="46" w="87" /><ent r="5" t="46" w="125" /><ent r="5" t="46" w="125" /><ent r="5" t="67" w="163" /><ent r="5" t="67" w="163" /><ent r="5" t="67" w="168" /><ent r="5" t="67" w="168" /><ent r="5" t="68" w="156" /><ent r="5" t="68" w="156" /><ent r="5" t="68" w="162" /><ent r="5" t="68" w="162" /><ent r="5" t="68" w="167" /><ent r="5" t="68" w="167" /><ent r="5" t="68" w="172" /><ent r="5" t="68" w="172" /></phr><phr n="DLL"><ent r="4" t="67" w="183" /><ent r="4" t="67" w="183" /><ent r="4" t="68" w="187" /><ent r="4" t="68" w="187" /><ent r="4" t="69" w="130" /><ent r="4" t="69" w="130" /></phr></stem><stem n="ensur"><phr n="ensuring"><ent r="3" t="2" w="28" /><ent r="3" t="2" w="28" /></phr><phr n="ensures"><ent r="3" t="2" w="328" /><ent r="3" t="2" w="328" /><ent r="3" t="2" w="346" /><ent r="3" t="2" w="346" /></phr><phr n="ensure"><ent r="3" t="4" w="306" /><ent r="3" t="4" w="306" /><ent r="3" t="27" w="161" /><ent r="3" t="27" w="161" /><ent r="3" t="72" w="221" /><ent r="3" t="72" w="221" /></phr></stem><stem n="version"><phr n="version"><ent r="3" t="2" w="29" /><ent r="3" t="2" w="29" /><ent r="92" t="2" w="488" /><ent r="92" t="2" w="488" /><ent r="3" t="2" w="500" /></phr><phr n="versions"><ent r="3" t="2" w="135" /><ent r="3" t="2" w="135" /><ent r="3" t="2" w="144" /><ent r="3" t="2" w="144" /><ent r="3" t="2" w="521" /><ent r="3" t="2" w="521" /><ent r="3" t="27" w="320" /><ent r="3" t="27" w="320" /></phr></stem><stem n="should"><phr n="should"><ent r="3" t="2" w="39" /><ent r="3" t="2" w="39" /><ent r="3" t="2" w="150" /><ent r="3" t="2" w="150" /><ent r="3" t="2" w="183" /><ent r="3" t="2" w="183" /><ent r="3" t="2" w="199" /><ent r="3" t="2" w="199" /><ent r="3" t="2" w="228" /><ent r="3" t="2" w="228" /><ent r="3" t="2" w="266" /><ent r="3" t="2" w="266" /><ent r="3" t="2" w="407" /><ent r="3" t="2" w="407" /><ent r="8" t="3" w="531" /><ent r="8" t="3" w="531" /><ent r="3" t="15" w="59" /><ent r="3" t="15" w="59" /><ent r="3" t="15" w="69" /><ent r="3" t="15" w="69" /><ent r="3" t="27" w="553" /><ent r="3" t="27" w="553" /><ent r="3" t="27" w="588" /><ent r="3" t="27" w="588" /><ent r="3" t="29" w="385" /><ent r="3" t="29" w="385" /><ent r="3" t="30" w="76" /><ent r="3" t="30" w="76" /><ent r="3" t="34" w="328" /><ent r="3" t="34" w="328" /><ent r="3" t="35" w="212" /><ent r="3" t="35" w="212" /><ent r="4" t="38" w="103" /><ent r="4" t="38" w="103" /><ent r="3" t="38" w="402" /><ent r="3" t="38" w="402" /><ent r="3" t="39" w="309" /><ent r="3" t="39" w="309" /><ent r="3" t="39" w="319" /><ent r="3" t="39" w="319" /><ent r="3" t="39" w="372" /><ent r="3" t="39" w="372" /><ent r="3" t="39" w="386" /><ent r="3" t="39" w="386" /><ent r="3" t="61" w="383" /><ent r="3" t="61" w="383" /><ent r="3" t="62" w="131" /><ent r="3" t="62" w="131" /><ent r="3" t="63" w="258" /><ent r="3" t="63" w="258" /><ent r="3" t="65" w="46" /><ent r="3" t="65" w="46" /><ent r="3" t="65" w="297" /><ent r="3" t="65" w="297" /><ent r="3" t="65" w="341" /><ent r="3" t="65" w="341" /><ent r="3" t="65" w="356" /><ent r="3" t="65" w="356" /><ent r="8" t="80" w="535" /><ent r="8" t="80" w="535" /><ent r="4" t="82" w="54" /><ent r="4" t="82" w="54" /><ent r="5" t="82" w="224" /><ent r="5" t="82" w="224" /></phr></stem><stem n="devic"><phr n="Devices"><ent r="4" t="2" w="57" /><ent r="4" t="2" w="61" /></phr><phr n="devices"><ent r="3" t="49" w="29" /></phr></stem><stem n="entiti"><phr n="Entities"><ent r="4" t="2" w="58" /><ent r="4" t="2" w="58" /><ent r="3" t="48" w="259" /><ent r="3" t="48" w="259" /><ent r="5" t="59" w="132" /><ent r="5" t="59" w="164" /></phr><phr n="entity"><ent r="6" t="18" w="169" /><ent r="6" t="18" w="169" /><ent r="1000" t="25" w="2" /><ent r="1000" t="25" w="2" /><ent r="102" t="25" w="6" /><ent r="102" t="25" w="6" /><ent r="3" t="25" w="270" /><ent r="3" t="25" w="270" /><ent r="92" t="25" w="322" /><ent r="3" t="25" w="332" /><ent r="4" t="25" w="394" /><ent r="3" t="26" w="129" /><ent r="3" t="26" w="170" /><ent r="3" t="26" w="191" /><ent r="3" t="26" w="205" /><ent r="3" t="26" w="215" /><ent r="64" t="26" w="240" /><ent r="64" t="26" w="246" /><ent r="64" t="26" w="252" /><ent r="64" t="26" w="258" /><ent r="64" t="26" w="264" /><ent r="64" t="26" w="271" /><ent r="64" t="26" w="278" /><ent r="64" t="26" w="285" /><ent r="64" t="26" w="294" /><ent r="1000" t="27" w="5" /><ent r="102" t="27" w="11" /><ent r="3" t="27" w="18" /><ent r="3" t="27" w="51" /><ent r="3" t="27" w="66" /><ent r="3" t="27" w="82" /><ent r="3" t="27" w="91" /><ent r="3" t="27" w="105" /><ent r="3" t="27" w="129" /><ent r="3" t="27" w="129" /><ent r="3" t="27" w="178" /><ent r="3" t="27" w="196" /><ent r="3" t="27" w="230" /><ent r="3" t="27" w="247" /><ent r="3" t="27" w="262" /><ent r="3" t="27" w="291" /><ent r="3" t="27" w="343" /><ent r="3" t="27" w="373" /><ent r="3" t="27" w="373" /><ent r="3" t="27" w="385" /><ent r="3" t="27" w="385" /><ent r="3" t="27" w="421" /><ent r="92" t="27" w="429" /><ent r="3" t="27" w="453" /><ent r="3" t="27" w="453" /><ent r="3" t="27" w="499" /><ent r="3" t="27" w="565" /><ent r="1000" t="28" w="5" /><ent r="102" t="28" w="11" /><ent r="3" t="28" w="17" /><ent r="3" t="28" w="41" /><ent r="3" t="28" w="63" /><ent r="92" t="28" w="69" /><ent r="3" t="28" w="88" /><ent r="3" t="28" w="104" /><ent r="3" t="28" w="124" /><ent r="3" t="28" w="301" /><ent r="3" t="28" w="418" /><ent r="3" t="28" w="434" /><ent r="3" t="28" w="490" /><ent r="3" t="28" w="503" /><ent r="3" t="28" w="537" /><ent r="3" t="28" w="548" /><ent r="3" t="28" w="555" /><ent r="3" t="28" w="605" /><ent r="3" t="28" w="623" /><ent r="1000" t="29" w="5" /><ent r="102" t="29" w="11" /><ent r="3" t="29" w="26" /><ent r="3" t="29" w="39" /><ent r="3" t="29" w="58" /><ent r="3" t="29" w="90" /><ent r="3" t="29" w="140" /><ent r="3" t="29" w="140" /><ent r="3" t="29" w="214" /><ent r="3" t="29" w="277" /><ent r="3" t="29" w="375" /><ent r="3" t="29" w="459" /><ent r="1000" t="30" w="5" /><ent r="102" t="30" w="11" /><ent r="3" t="30" w="25" /><ent r="3" t="30" w="63" /><ent r="1000" t="31" w="5" /><ent r="102" t="31" w="12" /><ent r="92" t="31" w="20" /><ent r="3" t="31" w="39" /><ent r="3" t="31" w="75" /><ent r="3" t="31" w="88" /><ent r="3" t="31" w="149" /><ent r="3" t="31" w="237" /><ent r="3" t="31" w="285" /><ent r="3" t="31" w="307" /><ent r="3" t="31" w="520" /><ent r="92" t="31" w="533" /><ent r="92" t="31" w="533" /><ent r="3" t="31" w="546" /><ent r="3" t="31" w="550" /><ent r="3" t="31" w="550" /><ent r="3" t="31" w="561" /><ent r="3" t="31" w="582" /><ent r="3" t="31" w="610" /><ent r="3" t="31" w="635" /><ent r="3" t="31" w="649" /><ent r="3" t="31" w="649" /><ent r="3" t="31" w="666" /><ent r="3" t="31" w="693" /><ent r="3" t="31" w="721" /><ent r="3" t="31" w="765" /><ent r="3" t="31" w="765" /><ent r="3" t="31" w="774" /><ent r="64" t="31" w="795" /><ent r="3" t="31" w="804" /><ent r="1000" t="32" w="5" /><ent r="102" t="32" w="12" /><ent r="3" t="32" w="22" /><ent r="1000" t="33" w="5" /><ent r="102" t="33" w="12" /><ent r="1000" t="34" w="5" /><ent r="102" t="34" w="12" /><ent r="3" t="34" w="23" /><ent r="3" t="34" w="118" /><ent r="3" t="34" w="173" /><ent r="3" t="34" w="248" /><ent r="1000" t="35" w="7" /><ent r="102" t="35" w="15" /><ent r="3" t="39" w="369" /><ent r="3" t="39" w="383" /><ent r="3" t="39" w="383" /><ent r="3" t="39" w="406" /><ent r="3" t="39" w="438" /><ent r="3" t="39" w="438" /><ent r="3" t="44" w="49" /><ent r="3" t="48" w="231" /><ent r="3" t="48" w="242" /><ent r="3" t="48" w="242" /><ent r="3" t="56" w="93" /><ent r="3" t="56" w="93" /><ent r="3" t="56" w="165" /><ent r="3" t="56" w="165" /><ent r="3" t="58" w="29" /><ent r="4" t="59" w="54" /><ent r="4" t="59" w="54" /><ent r="5" t="59" w="127" /><ent r="5" t="59" w="127" /><ent r="5" t="59" w="154" /><ent r="5" t="59" w="154" /><ent r="5" t="59" w="166" /><ent r="5" t="59" w="166" /><ent r="6" t="59" w="173" /><ent r="6" t="59" w="177" /></phr><phr n="entities"><ent r="3" t="23" w="34" /><ent r="3" t="25" w="57" /><ent r="3" t="25" w="57" /><ent r="3" t="25" w="153" /><ent r="3" t="25" w="153" /><ent r="3" t="25" w="198" /><ent r="3" t="25" w="198" /><ent r="92" t="25" w="225" /><ent r="92" t="25" w="225" /><ent r="3" t="25" w="264" /><ent r="3" t="25" w="264" /><ent r="4" t="25" w="375" /><ent r="4" t="25" w="389" /><ent r="4" t="25" w="389" /><ent r="3" t="26" w="11" /><ent r="3" t="26" w="35" /><ent r="3" t="26" w="47" /><ent r="3" t="26" w="63" /><ent r="3" t="26" w="93" /><ent r="3" t="26" w="97" /><ent r="3" t="26" w="105" /><ent r="3" t="26" w="133" /><ent r="3" t="27" w="115" /><ent r="3" t="27" w="115" /><ent r="3" t="27" w="241" /><ent r="3" t="27" w="241" /><ent r="3" t="27" w="308" /><ent r="3" t="27" w="439" /><ent r="3" t="27" w="527" /><ent r="3" t="27" w="576" /><ent r="3" t="27" w="777" /><ent r="3" t="27" w="777" /><ent r="3" t="27" w="799" /><ent r="3" t="28" w="52" /><ent r="92" t="28" w="139" /><ent r="3" t="28" w="160" /><ent r="3" t="28" w="192" /><ent r="3" t="29" w="160" /><ent r="3" t="29" w="178" /><ent r="3" t="29" w="254" /><ent r="3" t="29" w="395" /><ent r="3" t="29" w="395" /><ent r="3" t="31" w="25" /><ent r="3" t="31" w="51" /><ent r="3" t="31" w="122" /><ent r="3" t="31" w="168" /><ent r="3" t="31" w="168" /><ent r="3" t="31" w="270" /><ent r="3" t="31" w="661" /><ent r="3" t="31" w="661" /><ent r="3" t="31" w="731" /><ent r="3" t="33" w="23" /><ent r="3" t="33" w="49" /><ent r="3" t="34" w="219" /><ent r="3" t="34" w="318" /><ent r="3" t="35" w="19" /><ent r="3" t="35" w="60" /><ent r="92" t="35" w="166" /><ent r="92" t="35" w="322" /><ent r="3" t="36" w="56" /><ent r="3" t="39" w="397" /><ent r="3" t="39" w="411" /><ent r="3" t="39" w="411" /><ent r="3" t="41" w="32" /><ent r="65" t="51" w="38" /><ent r="65" t="51" w="38" /><ent r="65" t="51" w="45" /><ent r="65" t="51" w="45" /><ent r="3" t="56" w="60" /><ent r="3" t="56" w="68" /><ent r="3" t="56" w="68" /><ent r="3" t="56" w="81" /><ent r="3" t="56" w="81" /><ent r="1000" t="57" w="6" /><ent r="1000" t="57" w="6" /><ent r="102" t="57" w="13" /><ent r="102" t="57" w="13" /><ent r="5" t="57" w="167" /><ent r="5" t="57" w="167" /><ent r="3" t="58" w="25" /><ent r="3" t="58" w="25" /><ent r="1000" t="59" w="6" /><ent r="1000" t="59" w="6" /><ent r="102" t="59" w="14" /><ent r="102" t="59" w="14" /><ent r="3" t="59" w="33" /><ent r="3" t="59" w="33" /><ent r="3" t="59" w="42" /><ent r="3" t="59" w="42" /><ent r="3" t="72" w="57" /><ent r="4" t="82" w="91" /></phr><phr n="Entity"><ent r="92" t="39" w="361" /><ent r="92" t="39" w="361" /><ent r="3" t="44" w="10" /><ent r="3" t="44" w="10" /><ent r="3" t="44" w="27" /><ent r="3" t="44" w="27" /><ent r="3" t="48" w="255" /><ent r="3" t="48" w="255" /><ent r="5" t="59" w="165" /><ent r="5" t="59" w="165" /></phr><phr n="ENTITIES"><ent r="3" t="72" w="198" /></phr><phr n="ENTITY"><ent r="3" t="72" w="208" /></phr></stem></index>