<?xml version="1.0" encoding="utf-8"?><index><stem n="technolog"><phr n="technology"><ent r="3" t="1" w="45" /><ent r="3" t="49" w="192" /></phr></stem><stem n="extend"><phr n="extends"><ent r="3" t="1" w="51" /><ent r="3" t="1" w="51" /></phr><phr n="extend"><ent r="3" t="4" w="34" /><ent r="3" t="4" w="34" /><ent r="3" t="8" w="49" /><ent r="3" t="8" w="49" /><ent r="3" t="8" w="96" /><ent r="4" t="82" w="144" /><ent r="4" t="82" w="144" /></phr><phr n="extended"><ent r="3" t="11" w="45" /><ent r="3" t="11" w="45" /><ent r="3" t="38" w="252" /><ent r="3" t="38" w="252" /><ent r="3" t="45" w="48" /><ent r="3" t="45" w="48" /><ent r="3" t="51" w="96" /><ent r="3" t="51" w="96" /></phr></stem><stem n="enabl"><phr n="enables"><ent r="3" t="1" w="58" /><ent r="3" t="1" w="58" /><ent r="3" t="8" w="44" /><ent r="3" t="8" w="44" /></phr><phr n="enable"><ent r="3" t="4" w="43" /><ent r="3" t="4" w="43" /></phr><phr n="enabling"><ent r="3" t="43" w="40" /><ent r="3" t="43" w="40" /><ent r="4" t="82" w="87" /><ent r="4" t="82" w="87" /></phr><phr n="enabled"><ent r="3" t="50" w="325" /><ent r="3" t="50" w="325" /><ent r="4" t="64" w="180" /><ent r="4" t="64" w="211" /><ent r="3" t="64" w="320" /><ent r="3" t="64" w="328" /><ent r="4" t="65" w="210" /><ent r="3" t="65" w="364" /><ent r="3" t="65" w="372" /><ent r="4" t="65" w="387" /><ent r="4" t="65" w="545" /><ent r="4" t="65" w="545" /></phr><phr n="Enables"><ent r="3" t="64" w="182" /><ent r="3" t="64" w="182" /></phr><phr n="Enabled"><ent r="5" t="65" w="537" /><ent r="5" t="65" w="537" /></phr></stem><stem n="extern"><phr n="external"><ent r="3" t="1" w="59" /><ent r="3" t="1" w="59" /><ent r="3" t="1" w="85" /><ent r="3" t="1" w="85" /><ent r="4" t="1" w="163" /><ent r="4" t="1" w="163" /><ent r="3" t="4" w="44" /><ent r="3" t="4" w="44" /><ent r="3" t="16" w="87" /><ent r="3" t="16" w="87" /></phr></stem><stem n="control"><phr n="control"><ent r="3" t="1" w="62" /><ent r="3" t="1" w="62" /><ent r="3" t="4" w="47" /><ent r="3" t="4" w="47" /><ent r="3" t="13" w="91" /><ent r="3" t="13" w="91" /><ent r="3" t="24" w="76" /><ent r="3" t="24" w="76" /><ent r="3" t="26" w="143" /><ent r="3" t="26" w="143" /><ent r="3" t="31" w="744" /><ent r="3" t="31" w="744" /><ent r="3" t="34" w="384" /><ent r="92" t="35" w="170" /><ent r="92" t="35" w="170" /><ent r="3" t="35" w="188" /><ent r="3" t="35" w="195" /><ent r="3" t="35" w="195" /><ent r="3" t="35" w="218" /><ent r="3" t="35" w="228" /><ent r="3" t="35" w="228" /><ent r="3" t="35" w="253" /><ent r="3" t="35" w="253" /><ent r="3" t="35" w="279" /><ent r="3" t="35" w="359" /><ent r="3" t="35" w="359" /><ent r="3" t="35" w="532" /><ent r="3" t="35" w="557" /><ent r="3" t="35" w="557" /><ent r="3" t="35" w="565" /><ent r="4" t="37" w="107" /><ent r="4" t="37" w="107" /><ent r="3" t="37" w="112" /><ent r="3" t="37" w="112" /><ent r="3" t="37" w="420" /><ent r="3" t="37" w="427" /><ent r="3" t="37" w="427" /><ent r="3" t="37" w="431" /><ent r="4" t="38" w="46" /><ent r="4" t="38" w="46" /><ent r="3" t="39" w="92" /><ent r="3" t="39" w="92" /><ent r="4" t="41" w="60" /><ent r="4" t="41" w="60" /><ent r="4" t="41" w="72" /><ent r="4" t="41" w="72" /><ent r="4" t="41" w="100" /><ent r="4" t="41" w="100" /><ent r="4" t="41" w="121" /><ent r="4" t="41" w="121" /><ent r="3" t="50" w="363" /><ent r="3" t="50" w="363" /><ent r="3" t="50" w="411" /><ent r="3" t="50" w="411" /><ent r="3" t="64" w="141" /><ent r="3" t="64" w="141" /><ent r="64" t="66" w="123" /><ent r="64" t="66" w="123" /><ent r="3" t="67" w="34" /><ent r="3" t="67" w="34" /><ent r="1000" t="68" w="4" /><ent r="1000" t="68" w="4" /><ent r="102" t="68" w="9" /><ent r="102" t="68" w="9" /><ent r="3" t="68" w="20" /><ent r="3" t="68" w="20" /><ent r="3" t="68" w="43" /><ent r="3" t="68" w="43" /><ent r="3" t="68" w="85" /><ent r="3" t="68" w="85" /><ent r="6" t="73" w="49" /><ent r="6" t="73" w="49" /><ent r="6" t="73" w="75" /><ent r="6" t="73" w="75" /><ent r="6" t="73" w="93" /><ent r="6" t="73" w="93" /><ent r="6" t="73" w="124" /><ent r="6" t="73" w="124" /><ent r="6" t="73" w="221" /><ent r="6" t="73" w="221" /><ent r="6" t="73" w="299" /><ent r="6" t="73" w="299" /></phr><phr n="controls"><ent r="3" t="3" w="971" /><ent r="3" t="3" w="971" /><ent r="3" t="15" w="54" /><ent r="3" t="15" w="68" /><ent r="3" t="15" w="68" /><ent r="4" t="15" w="297" /><ent r="4" t="15" w="297" /><ent r="3" t="35" w="124" /><ent r="3" t="35" w="124" /><ent r="3" t="35" w="142" /><ent r="3" t="35" w="142" /><ent r="3" t="35" w="302" /><ent r="3" t="35" w="302" /><ent r="3" t="35" w="313" /><ent r="3" t="35" w="313" /><ent r="92" t="35" w="325" /><ent r="92" t="35" w="325" /><ent r="3" t="35" w="334" /><ent r="3" t="35" w="475" /><ent r="3" t="35" w="510" /><ent r="3" t="35" w="510" /><ent r="4" t="36" w="128" /><ent r="3" t="36" w="165" /><ent r="3" t="37" w="252" /><ent r="3" t="37" w="252" /><ent r="3" t="37" w="310" /><ent r="3" t="37" w="310" /><ent r="3" t="37" w="379" /><ent r="3" t="37" w="379" /><ent r="3" t="38" w="216" /><ent r="3" t="38" w="216" /><ent r="3" t="38" w="287" /><ent r="3" t="38" w="287" /><ent r="4" t="82" w="86" /><ent r="4" t="82" w="86" /><ent r="4" t="82" w="180" /><ent r="4" t="82" w="180" /></phr><phr n="Control"><ent r="92" t="50" w="298" /><ent r="92" t="50" w="298" /><ent r="3" t="50" w="302" /><ent r="3" t="50" w="302" /></phr><phr n="Controls"><ent r="3" t="61" w="36" /><ent r="4" t="62" w="61" /><ent r="4" t="62" w="61" /><ent r="3" t="63" w="31" /><ent r="3" t="63" w="31" /><ent r="3" t="63" w="85" /><ent r="3" t="63" w="91" /><ent r="3" t="63" w="98" /></phr></stem><stem n="read"><phr n="reads"><ent r="3" t="1" w="66" /><ent r="3" t="1" w="66" /></phr><phr n="read"><ent r="3" t="4" w="54" /><ent r="3" t="4" w="54" /><ent r="4" t="19" w="106" /><ent r="4" t="19" w="106" /><ent r="4" t="19" w="120" /><ent r="4" t="19" w="120" /><ent r="4" t="19" w="138" /><ent r="4" t="19" w="138" /><ent r="3" t="20" w="26" /><ent r="3" t="20" w="26" /><ent r="4" t="20" w="83" /><ent r="4" t="20" w="83" /><ent r="4" t="20" w="101" /><ent r="4" t="20" w="101" /><ent r="3" t="21" w="22" /><ent r="3" t="21" w="22" /><ent r="4" t="21" w="68" /><ent r="4" t="21" w="68" /></phr></stem><stem n="write"><phr n="writes"><ent r="3" t="1" w="68" /><ent r="3" t="1" w="68" /></phr><phr n="write"><ent r="3" t="4" w="56" /><ent r="3" t="4" w="56" /><ent r="5" t="17" w="5274" /><ent r="5" t="17" w="5274" /><ent r="7" t="17" w="5285" /><ent r="7" t="17" w="5285" /><ent r="7" t="17" w="5297" /><ent r="7" t="17" w="5313" /><ent r="7" t="17" w="5324" /><ent r="7" t="17" w="5336" /><ent r="7" t="17" w="5349" /><ent r="7" t="17" w="5363" /><ent r="7" t="17" w="5375" /><ent r="7" t="17" w="5392" /><ent r="7" t="17" w="5406" /><ent r="3" t="23" w="42" /><ent r="3" t="23" w="42" /></phr><phr n="writing"><ent r="6" t="7" w="773" /><ent r="6" t="7" w="773" /><ent r="3" t="43" w="49" /><ent r="3" t="43" w="49" /><ent r="3" t="72" w="147" /><ent r="3" t="72" w="147" /></phr><phr n="Write"><ent r="6" t="17" w="5265" /><ent r="6" t="17" w="5265" /><ent r="3" t="35" w="552" /><ent r="3" t="35" w="552" /></phr></stem><stem n="databas"><phr n="database"><ent r="3" t="1" w="73" /><ent r="3" t="1" w="73" /><ent r="3" t="4" w="61" /><ent r="3" t="4" w="61" /><ent r="64" t="8" w="69" /><ent r="64" t="8" w="69" /><ent r="3" t="9" w="24" /><ent r="3" t="9" w="24" /><ent r="3" t="9" w="31" /><ent r="3" t="9" w="31" /><ent r="3" t="9" w="60" /><ent r="3" t="9" w="60" /><ent r="3" t="9" w="82" /><ent r="3" t="9" w="98" /><ent r="3" t="9" w="98" /><ent r="3" t="9" w="109" /><ent r="3" t="9" w="109" /><ent r="3" t="9" w="120" /><ent r="100" t="10" w="7" /><ent r="100" t="10" w="7" /><ent r="3" t="10" w="16" /><ent r="3" t="10" w="16" /><ent r="3" t="10" w="36" /><ent r="3" t="13" w="45" /><ent r="3" t="13" w="45" /><ent r="5" t="14" w="73" /><ent r="5" t="14" w="73" /><ent r="5" t="14" w="201" /><ent r="3" t="14" w="224" /><ent r="3" t="15" w="20" /><ent r="3" t="15" w="20" /><ent r="3" t="15" w="34" /><ent r="3" t="15" w="34" /><ent r="3" t="15" w="102" /><ent r="3" t="15" w="102" /><ent r="3" t="15" w="212" /><ent r="3" t="15" w="212" /><ent r="4" t="15" w="388" /><ent r="4" t="15" w="388" /><ent r="4" t="15" w="417" /><ent r="4" t="15" w="417" /><ent r="4" t="15" w="439" /><ent r="4" t="15" w="453" /><ent r="4" t="15" w="453" /><ent r="4" t="15" w="464" /><ent r="4" t="15" w="464" /><ent r="4" t="15" w="475" /><ent r="92" t="15" w="655" /><ent r="92" t="15" w="655" /><ent r="4" t="15" w="728" /><ent r="4" t="15" w="755" /><ent r="64" t="16" w="22" /><ent r="64" t="16" w="22" /><ent r="3" t="16" w="42" /><ent r="3" t="16" w="42" /><ent r="3" t="16" w="50" /><ent r="3" t="16" w="50" /><ent r="3" t="16" w="64" /><ent r="3" t="16" w="90" /><ent r="3" t="16" w="90" /><ent r="3" t="16" w="98" /><ent r="3" t="16" w="98" /><ent r="3" t="16" w="142" /><ent r="3" t="17" w="55" /><ent r="7" t="17" w="266" /><ent r="7" t="17" w="266" /><ent r="7" t="17" w="302" /><ent r="7" t="17" w="302" /><ent r="3" t="24" w="28" /><ent r="3" t="24" w="34" /><ent r="3" t="24" w="34" /><ent r="3" t="24" w="41" /><ent r="3" t="24" w="41" /><ent r="4" t="24" w="55" /><ent r="4" t="24" w="55" /><ent r="3" t="24" w="60" /><ent r="3" t="24" w="60" /><ent r="3" t="24" w="64" /><ent r="3" t="24" w="64" /><ent r="3" t="24" w="73" /><ent r="3" t="24" w="73" /><ent r="3" t="24" w="87" /><ent r="3" t="24" w="87" /><ent r="4" t="24" w="107" /><ent r="4" t="24" w="107" /><ent r="3" t="24" w="112" /><ent r="3" t="24" w="112" /><ent r="3" t="24" w="119" /><ent r="3" t="24" w="129" /><ent r="3" t="24" w="144" /><ent r="3" t="24" w="144" /><ent r="3" t="24" w="157" /><ent r="3" t="24" w="157" /><ent r="3" t="24" w="171" /><ent r="3" t="24" w="171" /><ent r="3" t="24" w="276" /><ent r="3" t="24" w="276" /><ent r="3" t="24" w="307" /><ent r="3" t="24" w="307" /><ent r="3" t="24" w="311" /><ent r="3" t="24" w="347" /><ent r="3" t="24" w="347" /><ent r="3" t="24" w="427" /><ent r="3" t="24" w="434" /><ent r="3" t="24" w="434" /><ent r="3" t="25" w="132" /><ent r="3" t="25" w="132" /><ent r="3" t="26" w="27" /><ent r="3" t="26" w="109" /><ent r="3" t="26" w="152" /><ent r="3" t="27" w="43" /><ent r="3" t="27" w="43" /><ent r="3" t="27" w="60" /><ent r="3" t="27" w="60" /><ent r="3" t="27" w="71" /><ent r="3" t="27" w="71" /><ent r="3" t="27" w="85" /><ent r="3" t="27" w="118" /><ent r="3" t="27" w="181" /><ent r="3" t="27" w="376" /><ent r="3" t="27" w="471" /><ent r="3" t="27" w="633" /><ent r="3" t="28" w="131" /><ent r="3" t="28" w="165" /><ent r="3" t="29" w="68" /><ent r="3" t="29" w="325" /><ent r="3" t="29" w="325" /><ent r="3" t="30" w="33" /><ent r="3" t="30" w="42" /><ent r="3" t="30" w="42" /><ent r="3" t="30" w="45" /><ent r="3" t="30" w="45" /><ent r="3" t="30" w="68" /><ent r="3" t="30" w="68" /><ent r="3" t="31" w="83" /><ent r="3" t="31" w="83" /><ent r="3" t="31" w="179" /><ent r="3" t="31" w="179" /><ent r="3" t="31" w="590" /><ent r="3" t="32" w="104" /><ent r="3" t="32" w="104" /><ent r="3" t="36" w="78" /><ent r="3" t="39" w="553" /><ent r="3" t="39" w="553" /><ent r="3" t="39" w="595" /><ent r="3" t="39" w="595" /><ent r="3" t="39" w="606" /><ent r="3" t="39" w="606" /><ent r="3" t="43" w="38" /><ent r="4" t="45" w="322" /><ent r="3" t="49" w="47" /><ent r="3" t="49" w="50" /><ent r="3" t="49" w="50" /><ent r="3" t="49" w="63" /><ent r="3" t="49" w="71" /><ent r="3" t="49" w="71" /><ent r="3" t="49" w="90" /><ent r="3" t="49" w="90" /><ent r="3" t="49" w="102" /><ent r="3" t="49" w="117" /><ent r="3" t="49" w="141" /><ent r="3" t="49" w="141" /><ent r="3" t="49" w="155" /><ent r="3" t="49" w="163" /><ent r="3" t="49" w="218" /><ent r="3" t="49" w="218" /><ent r="3" t="50" w="55" /><ent r="3" t="50" w="55" /><ent r="3" t="50" w="91" /><ent r="3" t="50" w="91" /><ent r="3" t="50" w="183" /><ent r="3" t="50" w="328" /><ent r="3" t="50" w="420" /><ent r="3" t="50" w="420" /><ent r="3" t="52" w="36" /><ent r="3" t="52" w="36" /><ent r="3" t="52" w="154" /><ent r="3" t="54" w="24" /><ent r="4" t="54" w="80" /><ent r="4" t="54" w="80" /><ent r="3" t="55" w="24" /><ent r="3" t="56" w="59" /><ent r="3" t="56" w="59" /><ent r="4" t="57" w="57" /><ent r="4" t="57" w="57" /><ent r="5" t="57" w="178" /><ent r="3" t="68" w="34" /><ent r="3" t="68" w="34" /><ent r="100" t="77" w="7" /><ent r="100" t="77" w="7" /><ent r="4" t="77" w="21" /><ent r="4" t="77" w="21" /><ent r="4" t="77" w="28" /><ent r="4" t="77" w="28" /><ent r="4" t="77" w="57" /><ent r="4" t="77" w="57" /><ent r="4" t="77" w="73" /><ent r="4" t="77" w="79" /><ent r="4" t="77" w="79" /><ent r="4" t="77" w="125" /><ent r="4" t="77" w="131" /><ent r="4" t="77" w="131" /><ent r="4" t="77" w="147" /><ent r="4" t="77" w="147" /><ent r="3" t="77" w="197" /><ent r="3" t="77" w="197" /><ent r="3" t="77" w="199" /><ent r="3" t="77" w="199" /><ent r="4" t="78" w="71" /><ent r="4" t="78" w="71" /><ent r="4" t="78" w="94" /><ent r="4" t="78" w="94" /><ent r="4" t="78" w="108" /><ent r="4" t="78" w="115" /><ent r="4" t="78" w="124" /><ent r="4" t="78" w="124" /><ent r="4" t="78" w="134" /><ent r="4" t="78" w="134" /></phr><phr n="Database"><ent r="6" t="7" w="338" /><ent r="6" t="7" w="346" /><ent r="6" t="7" w="354" /><ent r="6" t="7" w="362" /><ent r="6" t="7" w="656" /><ent r="6" t="7" w="665" /><ent r="6" t="7" w="674" /><ent r="6" t="7" w="683" /><ent r="6" t="7" w="691" /><ent r="6" t="7" w="831" /><ent r="6" t="7" w="839" /><ent r="6" t="7" w="847" /><ent r="100" t="9" w="6" /><ent r="100" t="9" w="6" /><ent r="1000" t="10" w="1" /><ent r="1000" t="10" w="1" /><ent r="102" t="10" w="11" /><ent r="102" t="10" w="11" /><ent r="4" t="10" w="44" /><ent r="4" t="10" w="44" /><ent r="3" t="13" w="37" /><ent r="3" t="13" w="37" /><ent r="4" t="16" w="33" /><ent r="4" t="16" w="33" /><ent r="7" t="17" w="97" /><ent r="7" t="17" w="109" /><ent r="7" t="17" w="156" /><ent r="7" t="17" w="156" /><ent r="7" t="17" w="256" /><ent r="7" t="17" w="292" /><ent r="7" t="17" w="318" /><ent r="7" t="17" w="318" /><ent r="7" t="17" w="6087" /><ent r="7" t="17" w="6116" /><ent r="7" t="17" w="6116" /><ent r="7" t="17" w="6130" /><ent r="7" t="17" w="6130" /><ent r="7" t="17" w="6233" /><ent r="7" t="17" w="6233" /><ent r="92" t="39" w="514" /><ent r="92" t="39" w="514" /><ent r="3" t="39" w="519" /><ent r="3" t="39" w="519" /><ent r="3" t="53" w="90" /><ent r="3" t="53" w="90" /><ent r="1000" t="77" w="1" /><ent r="1000" t="77" w="1" /><ent r="102" t="77" w="9" /><ent r="102" t="77" w="9" /><ent r="3" t="77" w="13" /><ent r="3" t="77" w="13" /><ent r="3" t="77" w="153" /><ent r="3" t="77" w="153" /></phr><phr n="databases"><ent r="6" t="7" w="622" /><ent r="6" t="7" w="630" /><ent r="6" t="7" w="637" /><ent r="6" t="7" w="644" /><ent r="6" t="7" w="651" /><ent r="6" t="7" w="659" /><ent r="6" t="7" w="668" /><ent r="6" t="7" w="677" /><ent r="6" t="7" w="686" /><ent r="6" t="7" w="694" /><ent r="6" t="7" w="1145" /><ent r="6" t="7" w="1154" /><ent r="4" t="15" w="376" /><ent r="4" t="15" w="694" /><ent r="3" t="24" w="68" /><ent r="3" t="24" w="68" /><ent r="3" t="24" w="125" /><ent r="3" t="24" w="125" /><ent r="3" t="24" w="281" /><ent r="3" t="24" w="281" /><ent r="3" t="49" w="23" /><ent r="3" t="49" w="26" /><ent r="3" t="49" w="26" /><ent r="3" t="49" w="37" /><ent r="3" t="49" w="37" /><ent r="3" t="49" w="129" /><ent r="3" t="49" w="129" /><ent r="3" t="49" w="208" /></phr><phr n="Databases"><ent r="5" t="15" w="378" /><ent r="5" t="15" w="378" /><ent r="4" t="15" w="381" /><ent r="4" t="15" w="381" /><ent r="4" t="52" w="187" /><ent r="4" t="53" w="130" /><ent r="4" t="54" w="117" /><ent r="4" t="55" w="153" /><ent r="4" t="56" w="136" /><ent r="4" t="56" w="203" /><ent r="5" t="57" w="110" /><ent r="4" t="58" w="92" /><ent r="5" t="59" w="111" /></phr></stem><stem n="add"><phr n="adds"><ent r="3" t="1" w="76" /><ent r="3" t="1" w="76" /><ent r="4" t="41" w="123" /><ent r="4" t="41" w="123" /></phr><phr n="add"><ent r="3" t="2" w="275" /><ent r="3" t="2" w="285" /><ent r="3" t="2" w="340" /><ent r="3" t="2" w="360" /><ent r="3" t="2" w="421" /><ent r="3" t="2" w="432" /><ent r="3" t="2" w="455" /><ent r="3" t="2" w="482" /><ent r="3" t="7" w="90" /><ent r="3" t="7" w="90" /><ent r="6" t="7" w="1285" /><ent r="6" t="7" w="1285" /><ent r="5" t="14" w="187" /><ent r="5" t="14" w="187" /><ent r="5" t="14" w="195" /><ent r="5" t="14" w="195" /><ent r="3" t="15" w="49" /><ent r="3" t="15" w="56" /><ent r="3" t="15" w="122" /><ent r="3" t="15" w="122" /><ent r="4" t="15" w="253" /><ent r="3" t="18" w="17" /><ent r="6" t="18" w="213" /><ent r="3" t="19" w="25" /><ent r="3" t="19" w="36" /><ent r="3" t="19" w="80" /><ent r="82" t="19" w="132" /><ent r="4" t="19" w="143" /><ent r="4" t="19" w="153" /><ent r="4" t="19" w="162" /><ent r="3" t="20" w="57" /><ent r="82" t="20" w="95" /><ent r="4" t="20" w="106" /><ent r="4" t="20" w="116" /><ent r="4" t="20" w="125" /><ent r="3" t="21" w="30" /><ent r="3" t="21" w="51" /><ent r="82" t="21" w="62" /><ent r="4" t="21" w="73" /><ent r="4" t="21" w="83" /><ent r="4" t="21" w="92" /><ent r="3" t="22" w="12" /><ent r="4" t="22" w="71" /><ent r="3" t="23" w="47" /><ent r="3" t="26" w="19" /><ent r="3" t="26" w="19" /><ent r="3" t="31" w="166" /><ent r="3" t="31" w="166" /><ent r="3" t="31" w="516" /><ent r="3" t="31" w="516" /><ent r="3" t="40" w="90" /><ent r="3" t="40" w="90" /><ent r="3" t="42" w="58" /><ent r="3" t="42" w="58" /><ent r="4" t="54" w="56" /><ent r="4" t="54" w="56" /><ent r="5" t="54" w="157" /><ent r="5" t="54" w="157" /><ent r="3" t="60" w="21" /><ent r="3" t="60" w="21" /><ent r="3" t="60" w="42" /><ent r="3" t="60" w="42" /><ent r="3" t="61" w="15" /><ent r="3" t="61" w="15" /><ent r="3" t="61" w="70" /><ent r="3" t="61" w="70" /><ent r="3" t="61" w="77" /><ent r="3" t="61" w="77" /><ent r="3" t="61" w="87" /><ent r="3" t="61" w="87" /><ent r="4" t="61" w="333" /><ent r="4" t="61" w="333" /><ent r="3" t="63" w="11" /><ent r="3" t="63" w="11" /><ent r="3" t="63" w="34" /><ent r="3" t="63" w="34" /><ent r="3" t="63" w="41" /><ent r="3" t="63" w="41" /><ent r="3" t="63" w="51" /><ent r="3" t="63" w="51" /><ent r="3" t="64" w="266" /><ent r="3" t="64" w="266" /></phr><phr n="Add"><ent r="3" t="2" w="405" /><ent r="8" t="3" w="757" /><ent r="8" t="3" w="757" /><ent r="3" t="4" w="80" /><ent r="3" t="4" w="120" /><ent r="7" t="17" w="3603" /><ent r="7" t="17" w="3603" /><ent r="7" t="17" w="3771" /><ent r="7" t="17" w="3771" /><ent r="7" t="17" w="3785" /><ent r="7" t="17" w="3785" /><ent r="8" t="17" w="4011" /><ent r="7" t="17" w="4444" /><ent r="7" t="17" w="4707" /><ent r="7" t="17" w="4707" /><ent r="8" t="17" w="4812" /><ent r="8" t="17" w="4825" /><ent r="8" t="17" w="4841" /><ent r="8" t="17" w="4841" /><ent r="7" t="17" w="6562" /><ent r="7" t="17" w="6573" /><ent r="64" t="26" w="260" /><ent r="64" t="26" w="260" /><ent r="3" t="34" w="367" /><ent r="3" t="34" w="367" /><ent r="3" t="35" w="413" /><ent r="3" t="35" w="430" /><ent r="3" t="35" w="490" /><ent r="3" t="35" w="490" /><ent r="4" t="45" w="369" /><ent r="4" t="45" w="369" /><ent r="6" t="53" w="205" /><ent r="4" t="61" w="344" /><ent r="4" t="61" w="344" /><ent r="4" t="61" w="426" /><ent r="4" t="61" w="426" /><ent r="64" t="61" w="496" /><ent r="64" t="61" w="496" /><ent r="64" t="61" w="500" /><ent r="64" t="61" w="500" /><ent r="4" t="62" w="56" /><ent r="4" t="62" w="56" /><ent r="64" t="62" w="143" /><ent r="64" t="62" w="143" /><ent r="64" t="62" w="147" /><ent r="64" t="62" w="147" /><ent r="64" t="63" w="293" /><ent r="64" t="63" w="293" /><ent r="64" t="63" w="299" /><ent r="64" t="63" w="299" /><ent r="64" t="64" w="354" /><ent r="64" t="64" w="354" /><ent r="64" t="64" w="358" /><ent r="64" t="64" w="358" /><ent r="64" t="64" w="363" /><ent r="64" t="64" w="363" /><ent r="4" t="65" w="200" /><ent r="64" t="65" w="592" /><ent r="64" t="65" w="592" /><ent r="64" t="65" w="596" /><ent r="64" t="65" w="596" /><ent r="64" t="65" w="601" /><ent r="64" t="65" w="601" /></phr><phr n="Adds"><ent r="3" t="65" w="212" /><ent r="3" t="65" w="212" /><ent r="3" t="65" w="389" /><ent r="3" t="65" w="389" /></phr></stem><stem n="auxiliari"><phr n="auxiliary"><ent r="3" t="1" w="77" /><ent r="3" t="1" w="77" /></phr></stem><stem n="command"><phr n="commands"><ent r="3" t="1" w="78" /><ent r="3" t="1" w="78" /><ent r="3" t="7" w="112" /><ent r="3" t="7" w="112" /><ent r="3" t="7" w="117" /><ent r="3" t="7" w="117" /><ent r="6" t="7" w="365" /><ent r="6" t="7" w="374" /><ent r="6" t="7" w="382" /><ent r="6" t="7" w="391" /><ent r="6" t="7" w="400" /><ent r="6" t="7" w="993" /><ent r="6" t="7" w="993" /><ent r="3" t="17" w="29" /></phr><phr n="command"><ent r="6" t="5" w="45" /><ent r="6" t="5" w="45" /><ent r="6" t="5" w="126" /><ent r="6" t="5" w="174" /></phr><phr n="Command"><ent r="6" t="17" w="71" /><ent r="6" t="17" w="71" /></phr></stem><stem n="user"><phr n="user"><ent r="3" t="1" w="81" /><ent r="3" t="1" w="81" /><ent r="65" t="1" w="222" /><ent r="65" t="1" w="222" /><ent r="3" t="4" w="250" /><ent r="3" t="4" w="252" /><ent r="6" t="5" w="123" /><ent r="6" t="5" w="123" /><ent r="6" t="5" w="171" /><ent r="3" t="9" w="132" /><ent r="3" t="9" w="150" /><ent r="3" t="11" w="40" /><ent r="3" t="11" w="40" /><ent r="3" t="12" w="22" /><ent r="3" t="12" w="22" /><ent r="3" t="13" w="54" /><ent r="3" t="13" w="54" /><ent r="64" t="13" w="85" /><ent r="64" t="13" w="85" /><ent r="3" t="13" w="93" /><ent r="3" t="14" w="23" /><ent r="3" t="14" w="23" /><ent r="5" t="14" w="46" /><ent r="5" t="14" w="46" /><ent r="5" t="14" w="88" /><ent r="5" t="14" w="88" /><ent r="5" t="14" w="116" /><ent r="5" t="14" w="116" /><ent r="5" t="14" w="142" /><ent r="5" t="14" w="142" /><ent r="5" t="14" w="191" /><ent r="5" t="14" w="191" /><ent r="3" t="14" w="204" /><ent r="3" t="14" w="204" /><ent r="3" t="14" w="259" /><ent r="3" t="14" w="259" /><ent r="3" t="14" w="281" /><ent r="3" t="14" w="281" /><ent r="3" t="15" w="91" /><ent r="3" t="15" w="91" /><ent r="3" t="15" w="115" /><ent r="3" t="15" w="115" /><ent r="3" t="15" w="202" /><ent r="4" t="15" w="487" /><ent r="4" t="15" w="505" /><ent r="3" t="16" w="101" /><ent r="3" t="16" w="101" /><ent r="3" t="27" w="207" /><ent r="3" t="27" w="207" /><ent r="3" t="27" w="663" /><ent r="3" t="29" w="451" /><ent r="3" t="29" w="451" /><ent r="3" t="29" w="471" /><ent r="3" t="29" w="471" /><ent r="3" t="34" w="140" /><ent r="3" t="34" w="140" /><ent r="3" t="34" w="163" /><ent r="3" t="34" w="233" /><ent r="3" t="34" w="233" /><ent r="3" t="37" w="149" /><ent r="3" t="37" w="149" /><ent r="3" t="37" w="370" /><ent r="3" t="37" w="370" /><ent r="3" t="39" w="247" /><ent r="3" t="39" w="247" /><ent r="3" t="39" w="346" /><ent r="3" t="39" w="346" /><ent r="3" t="39" w="544" /><ent r="3" t="39" w="544" /><ent r="3" t="39" w="569" /><ent r="3" t="39" w="569" /><ent r="3" t="45" w="26" /><ent r="3" t="45" w="26" /><ent r="3" t="45" w="70" /><ent r="3" t="45" w="70" /><ent r="3" t="48" w="239" /><ent r="3" t="48" w="239" /><ent r="3" t="50" w="316" /><ent r="3" t="76" w="59" /><ent r="3" t="76" w="59" /><ent r="4" t="78" w="21" /><ent r="4" t="78" w="32" /><ent r="4" t="78" w="32" /><ent r="4" t="78" w="55" /><ent r="4" t="78" w="83" /></phr><phr n="users"><ent r="3" t="4" w="237" /><ent r="6" t="7" w="326" /><ent r="6" t="7" w="326" /><ent r="6" t="7" w="501" /><ent r="6" t="7" w="591" /><ent r="6" t="7" w="1393" /><ent r="6" t="7" w="1402" /><ent r="6" t="7" w="1415" /><ent r="6" t="7" w="1423" /><ent r="6" t="7" w="1431" /><ent r="6" t="7" w="1439" /><ent r="3" t="8" w="35" /><ent r="3" t="8" w="35" /><ent r="3" t="13" w="28" /><ent r="3" t="13" w="28" /><ent r="5" t="14" w="94" /><ent r="5" t="14" w="94" /><ent r="5" t="14" w="122" /><ent r="5" t="14" w="122" /><ent r="5" t="14" w="136" /><ent r="5" t="14" w="136" /><ent r="5" t="14" w="151" /><ent r="5" t="14" w="151" /><ent r="5" t="14" w="181" /><ent r="5" t="14" w="181" /><ent r="3" t="16" w="47" /><ent r="3" t="16" w="47" /><ent r="3" t="17" w="48" /><ent r="3" t="17" w="48" /><ent r="3" t="24" w="343" /><ent r="3" t="24" w="343" /><ent r="3" t="24" w="412" /><ent r="3" t="24" w="412" /><ent r="3" t="24" w="422" /><ent r="3" t="24" w="422" /><ent r="3" t="36" w="36" /><ent r="3" t="40" w="21" /><ent r="3" t="40" w="21" /><ent r="3" t="40" w="34" /><ent r="3" t="40" w="34" /><ent r="3" t="40" w="65" /><ent r="3" t="40" w="65" /><ent r="3" t="43" w="25" /><ent r="3" t="43" w="25" /><ent r="3" t="45" w="159" /><ent r="3" t="45" w="159" /><ent r="3" t="45" w="185" /><ent r="3" t="45" w="185" /><ent r="3" t="45" w="198" /><ent r="3" t="45" w="198" /><ent r="3" t="49" w="86" /><ent r="3" t="49" w="86" /><ent r="3" t="49" w="107" /><ent r="3" t="49" w="107" /><ent r="3" t="49" w="119" /><ent r="3" t="49" w="119" /><ent r="3" t="49" w="198" /><ent r="3" t="49" w="198" /><ent r="3" t="69" w="267" /><ent r="3" t="69" w="267" /><ent r="3" t="76" w="61" /><ent r="3" t="76" w="61" /><ent r="4" t="77" w="25" /><ent r="4" t="77" w="25" /><ent r="4" t="77" w="89" /><ent r="4" t="77" w="89" /></phr><phr n="Users"><ent r="6" t="7" w="1399" /><ent r="6" t="7" w="1420" /><ent r="6" t="7" w="1428" /><ent r="6" t="7" w="1436" /><ent r="7" t="17" w="3604" /><ent r="7" t="17" w="3618" /><ent r="7" t="17" w="4708" /><ent r="7" t="17" w="4722" /><ent r="7" t="17" w="6030" /><ent r="3" t="25" w="9" /><ent r="3" t="25" w="9" /><ent r="3" t="39" w="105" /><ent r="3" t="39" w="105" /><ent r="3" t="40" w="45" /><ent r="3" t="40" w="45" /><ent r="3" t="40" w="111" /><ent r="3" t="40" w="111" /></phr><phr n="User"><ent r="6" t="7" w="1400" /><ent r="6" t="7" w="1400" /><ent r="6" t="7" w="1437" /><ent r="6" t="7" w="1437" /><ent r="3" t="12" w="33" /><ent r="3" t="12" w="33" /><ent r="3" t="13" w="105" /><ent r="3" t="13" w="105" /><ent r="1000" t="14" w="1" /><ent r="1000" t="14" w="1" /><ent r="102" t="14" w="7" /><ent r="102" t="14" w="7" /><ent r="3" t="14" w="10" /><ent r="3" t="14" w="10" /><ent r="7" t="17" w="6992" /><ent r="7" t="17" w="6992" /><ent r="3" t="37" w="8" /><ent r="3" t="37" w="8" /><ent r="92" t="37" w="29" /><ent r="92" t="37" w="29" /><ent r="3" t="39" w="229" /><ent r="3" t="39" w="229" /><ent r="4" t="39" w="450" /><ent r="4" t="39" w="450" /><ent r="4" t="39" w="459" /><ent r="4" t="39" w="459" /><ent r="3" t="41" w="12" /><ent r="3" t="41" w="12" /><ent r="92" t="41" w="34" /><ent r="92" t="41" w="34" /><ent r="3" t="48" w="167" /><ent r="3" t="48" w="167" /><ent r="3" t="48" w="253" /></phr></stem></index>