<?xml version="1.0" encoding="utf-8"?><index><stem n="chart"><phr n="chart"><ent r="4" t="36" w="125" /><ent r="4" t="36" w="125" /><ent r="3" t="37" w="400" /><ent r="3" t="37" w="400" /><ent r="4" t="37" w="465" /></phr><phr n="Chart"><ent r="4" t="36" w="167" /><ent r="4" t="36" w="167" /><ent r="4" t="36" w="174" /><ent r="4" t="36" w="174" /></phr><phr n="charts"><ent r="3" t="37" w="405" /><ent r="3" t="37" w="408" /><ent r="3" t="37" w="411" /><ent r="4" t="39" w="293" /></phr></stem><stem n="gaug"><phr n="gauge"><ent r="4" t="36" w="127" /><ent r="4" t="36" w="127" /><ent r="3" t="37" w="422" /><ent r="3" t="37" w="422" /><ent r="3" t="37" w="426" /><ent r="3" t="37" w="426" /><ent r="4" t="37" w="468" /><ent r="4" t="37" w="468" /></phr><phr n="Gauges"><ent r="4" t="36" w="176" /><ent r="4" t="36" w="176" /></phr></stem><stem n="web-specif"><phr n="Web-specific"><ent r="3" t="36" w="143" /><ent r="3" t="36" w="143" /></phr></stem><stem n="fx"><phr n="FX"><ent r="4" t="36" w="168" /><ent r="4" t="36" w="168" /><ent r="4" t="36" w="175" /><ent r="4" t="36" w="175" /></phr></stem><stem n="visual"><phr n="Visual"><ent r="4" t="36" w="170" /><ent r="4" t="36" w="170" /><ent r="4" t="67" w="97" /><ent r="4" t="67" w="97" /><ent r="4" t="67" w="151" /><ent r="4" t="67" w="151" /><ent r="4" t="68" w="136" /><ent r="4" t="68" w="136" /><ent r="4" t="68" w="144" /><ent r="4" t="68" w="144" /><ent r="4" t="69" w="111" /><ent r="4" t="69" w="111" /><ent r="3" t="69" w="295" /><ent r="3" t="69" w="295" /></phr><phr n="visualization"><ent r="3" t="37" w="366" /><ent r="3" t="37" w="366" /><ent r="3" t="37" w="389" /><ent r="3" t="37" w="389" /><ent r="3" t="37" w="401" /><ent r="3" t="37" w="401" /><ent r="3" t="37" w="414" /><ent r="3" t="37" w="414" /><ent r="3" t="37" w="423" /><ent r="3" t="37" w="423" /><ent r="3" t="39" w="91" /><ent r="3" t="39" w="91" /><ent r="3" t="39" w="109" /><ent r="3" t="39" w="109" /><ent r="3" t="39" w="137" /><ent r="3" t="39" w="199" /><ent r="3" t="39" w="243" /><ent r="3" t="39" w="267" /><ent r="4" t="39" w="273" /><ent r="4" t="39" w="273" /><ent r="3" t="39" w="355" /><ent r="3" t="39" w="355" /></phr><phr n="visualizations"><ent r="4" t="37" w="376" /><ent r="4" t="37" w="376" /><ent r="4" t="37" w="463" /><ent r="4" t="37" w="463" /><ent r="3" t="39" w="253" /><ent r="3" t="39" w="253" /><ent r="3" t="39" w="326" /><ent r="3" t="39" w="326" /></phr><phr n="visual"><ent r="3" t="38" w="175" /><ent r="3" t="38" w="175" /></phr></stem><stem n="studio"><phr n="Studio"><ent r="4" t="36" w="171" /><ent r="4" t="36" w="171" /><ent r="4" t="67" w="98" /><ent r="4" t="67" w="98" /><ent r="4" t="67" w="152" /><ent r="4" t="67" w="152" /><ent r="4" t="68" w="137" /><ent r="4" t="68" w="137" /><ent r="4" t="68" w="145" /><ent r="4" t="68" w="145" /><ent r="4" t="69" w="112" /><ent r="4" t="69" w="112" /><ent r="3" t="69" w="296" /></phr></stem><stem n="c1"><phr n="C1"><ent r="4" t="36" w="180" /><ent r="4" t="36" w="180" /></phr></stem><stem n="flexgrid"><phr n="FlexGrid"><ent r="4" t="36" w="181" /><ent r="4" t="36" w="181" /></phr></stem><stem n="iview"><phr n="IView"><ent r="3" t="37" w="59" /></phr></stem><stem n="surfac"><phr n="surface"><ent r="3" t="37" w="93" /><ent r="3" t="37" w="93" /><ent r="4" t="38" w="45" /><ent r="4" t="38" w="45" /></phr></stem><stem n="lai"><phr n="lay"><ent r="3" t="37" w="98" /><ent r="3" t="37" w="98" /><ent r="4" t="38" w="51" /><ent r="4" t="38" w="51" /></phr><phr n="lays"><ent r="3" t="37" w="132" /><ent r="3" t="37" w="132" /></phr></stem><stem n="spec"><phr n="spec"><ent r="3" t="37" w="125" /></phr></stem><stem n="wizard"><phr n="wizard"><ent r="4" t="37" w="140" /><ent r="4" t="37" w="140" /></phr></stem><stem n="dashboard-rel"><phr n="Dashboard-related"><ent r="3" t="37" w="161" /><ent r="3" t="37" w="161" /><ent r="3" t="37" w="437" /><ent r="3" t="37" w="437" /></phr></stem><stem n="hous"><phr n="housed"><ent r="3" t="37" w="233" /><ent r="3" t="37" w="233" /><ent r="3" t="46" w="26" /><ent r="3" t="46" w="26" /></phr></stem><stem n="our"><phr n="our"><ent r="3" t="37" w="296" /><ent r="3" t="37" w="296" /></phr></stem><stem n="actframeworkcompon"><phr n="ActFrameworkComponent"><ent r="3" t="37" w="298" /><ent r="3" t="37" w="298" /></phr></stem><stem n="equat"><phr n="equate"><ent r="3" t="37" w="355" /><ent r="3" t="37" w="355" /></phr></stem><stem n="specification-level"><phr n="specification-level"><ent r="3" t="37" w="358" /><ent r="3" t="37" w="358" /><ent r="5" t="38" w="113" /><ent r="5" t="38" w="113" /></phr><phr n="Specification-level"><ent r="92" t="39" w="426" /><ent r="92" t="39" w="426" /><ent r="92" t="48" w="397" /><ent r="92" t="48" w="397" /></phr></stem><stem n="pie"><phr n="pie"><ent r="3" t="37" w="410" /><ent r="3" t="37" w="410" /><ent r="4" t="37" w="466" /></phr></stem><stem n="legend"><phr n="legend"><ent r="3" t="37" w="430" /><ent r="3" t="37" w="430" /></phr><phr n="Legend"><ent r="4" t="39" w="275" /><ent r="4" t="39" w="275" /><ent r="4" t="39" w="279" /><ent r="4" t="39" w="279" /></phr></stem><stem n="opportunitiesbyus"><phr n="OpportunitiesByUser"><ent r="4" t="37" w="454" /><ent r="4" t="37" w="454" /></phr></stem><stem n="scheduleatagl"><phr n="ScheduleAtAGlance"><ent r="4" t="37" w="456" /></phr></stem><stem n="ui-specif"><phr n="UI-specific"><ent r="4" t="37" w="461" /><ent r="4" t="37" w="461" /></phr></stem><stem n="leverag"><phr n="leverage"><ent r="4" t="37" w="499" /><ent r="4" t="37" w="499" /><ent r="3" t="43" w="30" /><ent r="3" t="43" w="30" /><ent r="4" t="46" w="102" /><ent r="4" t="46" w="102" /></phr><phr n="leveraging"><ent r="3" t="45" w="234" /><ent r="3" t="45" w="234" /></phr></stem><stem n="disk"><phr n="disk"><ent r="4" t="38" w="37" /></phr></stem><stem n="notifi"><phr n="notifies"><ent r="4" t="38" w="91" /><ent r="4" t="38" w="91" /><ent r="4" t="38" w="125" /><ent r="4" t="38" w="125" /><ent r="4" t="38" w="149" /><ent r="4" t="38" w="149" /><ent r="3" t="38" w="232" /><ent r="3" t="38" w="232" /><ent r="3" t="38" w="351" /><ent r="3" t="38" w="351" /><ent r="3" t="38" w="500" /><ent r="3" t="38" w="500" /></phr><phr n="notified"><ent r="4" t="38" w="164" /><ent r="4" t="38" w="164" /></phr><phr n="notify"><ent r="3" t="38" w="527" /><ent r="3" t="38" w="527" /><ent r="4" t="45" w="78" /><ent r="4" t="45" w="78" /><ent r="4" t="45" w="107" /><ent r="4" t="45" w="107" /></phr></stem><stem n="connect"><phr n="connected"><ent r="4" t="38" w="99" /><ent r="4" t="38" w="99" /><ent r="3" t="38" w="240" /><ent r="3" t="38" w="343" /><ent r="3" t="50" w="178" /><ent r="3" t="50" w="178" /></phr><phr n="connection"><ent r="3" t="50" w="43" /><ent r="3" t="72" w="273" /><ent r="3" t="72" w="273" /></phr><phr n="connects"><ent r="3" t="50" w="163" /><ent r="3" t="50" w="163" /></phr><phr n="connecting"><ent r="3" t="50" w="254" /><ent r="3" t="50" w="254" /></phr></stem><stem n="render"><phr n="renders"><ent r="4" t="38" w="160" /><ent r="4" t="38" w="160" /></phr><phr n="render"><ent r="3" t="38" w="486" /><ent r="3" t="38" w="486" /></phr></stem><stem n="signal"><phr n="signal"><ent r="3" t="38" w="266" /><ent r="3" t="38" w="266" /></phr></stem><stem n="background"><phr n="background"><ent r="3" t="38" w="290" /><ent r="3" t="38" w="290" /><ent r="3" t="38" w="425" /><ent r="3" t="38" w="425" /><ent r="3" t="38" w="459" /></phr></stem><stem n="themselv"><phr n="themselves"><ent r="3" t="38" w="313" /><ent r="3" t="76" w="36" /><ent r="3" t="76" w="36" /></phr></stem><stem n="hard"><phr n="hard"><ent r="3" t="38" w="318" /><ent r="3" t="38" w="318" /></phr></stem><stem n="correct"><phr n="correct"><ent r="3" t="38" w="377" /><ent r="3" t="38" w="377" /><ent r="5" t="57" w="88" /><ent r="5" t="57" w="88" /><ent r="4" t="58" w="70" /><ent r="4" t="58" w="70" /><ent r="5" t="59" w="89" /><ent r="5" t="59" w="89" /></phr></stem><stem n="happen"><phr n="happens"><ent r="3" t="38" w="427" /><ent r="3" t="38" w="427" /></phr><phr n="happen"><ent r="3" t="38" w="462" /><ent r="3" t="38" w="462" /></phr></stem><stem n="safe"><phr n="safe"><ent r="3" t="38" w="443" /><ent r="3" t="49" w="177" /><ent r="3" t="49" w="196" /></phr></stem><stem n="though"><phr n="though"><ent r="3" t="38" w="448" /><ent r="3" t="38" w="448" /></phr></stem><stem n="drill"><phr n="Drill"><ent r="92" t="38" w="518" /><ent r="92" t="38" w="518" /></phr><phr n="drill"><ent r="3" t="38" w="530" /><ent r="3" t="38" w="530" /><ent r="3" t="38" w="544" /><ent r="3" t="38" w="544" /><ent r="3" t="38" w="557" /><ent r="3" t="38" w="557" /></phr></stem><stem n="upon"><phr n="upon"><ent r="3" t="38" w="535" /><ent r="3" t="38" w="535" /></phr></stem><stem n="hook"><phr n="hooks"><ent r="3" t="38" w="540" /><ent r="3" t="38" w="540" /></phr></stem><stem n="minimum"><phr n="minimum"><ent r="3" t="39" w="28" /><ent r="3" t="39" w="28" /><ent r="3" t="48" w="30" /><ent r="3" t="48" w="30" /></phr></stem><stem n="icompon"><phr n="IComponent"><ent r="5" t="39" w="40" /><ent r="5" t="39" w="40" /></phr></stem><stem n="due"><phr n="Due"><ent r="3" t="39" w="120" /><ent r="3" t="39" w="120" /></phr><phr n="due"><ent r="3" t="39" w="562" /><ent r="3" t="39" w="562" /></phr></stem><stem n="encompass"><phr n="encompasses"><ent r="3" t="39" w="169" /><ent r="3" t="39" w="169" /><ent r="3" t="48" w="151" /><ent r="3" t="48" w="151" /><ent r="3" t="48" w="213" /><ent r="3" t="48" w="213" /><ent r="3" t="48" w="293" /><ent r="3" t="48" w="293" /><ent r="3" t="48" w="363" /><ent r="3" t="48" w="363" /></phr></stem><stem n="footer"><phr n="footer"><ent r="3" t="39" w="179" /></phr></stem><stem n="lose"><phr n="losing"><ent r="3" t="39" w="255" /><ent r="3" t="39" w="255" /></phr></stem><stem n="dock"><phr n="dock"><ent r="4" t="39" w="276" /><ent r="4" t="39" w="276" /></phr></stem><stem n="target"><phr n="target"><ent r="4" t="39" w="281" /><ent r="4" t="39" w="281" /></phr><phr n="Target"><ent r="4" t="39" w="283" /><ent r="4" t="39" w="283" /></phr></stem><stem n="scale"><phr n="scale"><ent r="4" t="39" w="291" /><ent r="4" t="39" w="291" /></phr></stem><stem n="entity-specif"><phr n="entity-specific"><ent r="3" t="39" w="369" /><ent r="3" t="39" w="369" /></phr></stem><stem n="at-a-gl"><phr n="At-A-Glance"><ent r="4" t="39" w="444" /><ent r="4" t="39" w="444" /></phr></stem><stem n="at-a"><phr n="At-A"><ent r="4" t="39" w="444" /></phr></stem><stem n="a-glanc"><phr n="A-Glance"><ent r="4" t="39" w="445" /></phr></stem><stem n="glanc"><phr n="Glance"><ent r="4" t="39" w="446" /></phr></stem><stem n="calcul"><phr n="calculation"><ent r="3" t="39" w="512" /></phr></stem><stem n="storag"><phr n="storage"><ent r="92" t="39" w="517" /><ent r="92" t="39" w="517" /><ent r="3" t="39" w="528" /><ent r="3" t="39" w="528" /></phr></stem><stem n="approach"><phr n="approach"><ent r="3" t="39" w="538" /><ent r="3" t="39" w="538" /><ent r="3" t="39" w="590" /><ent r="3" t="39" w="590" /></phr></stem><stem n="desir"><phr n="desire"><ent r="3" t="39" w="573" /><ent r="3" t="39" w="573" /></phr></stem><stem n="consist"><phr n="consistent"><ent r="3" t="39" w="575" /><ent r="3" t="39" w="575" /></phr><phr n="consist"><ent r="3" t="45" w="36" /><ent r="3" t="45" w="36" /></phr></stem><stem n="datastor"><phr n="Datastore"><ent r="3" t="39" w="608" /></phr><phr n="datastore"><ent r="3" t="50" w="400" /><ent r="3" t="50" w="400" /></phr></stem><stem n="subset"><phr n="subsets"><ent r="3" t="40" w="16" /><ent r="3" t="40" w="16" /></phr></stem><stem n="multipl"><phr n="multiple"><ent r="3" t="40" w="39" /><ent r="3" t="40" w="39" /><ent r="3" t="49" w="197" /><ent r="3" t="49" w="197" /><ent r="3" t="62" w="122" /><ent r="3" t="62" w="122" /></phr></stem><stem n="ibm"><phr n="IBM"><ent r="3" t="40" w="78" /><ent r="3" t="40" w="86" /><ent r="3" t="40" w="99" /></phr></stem><stem n="longer"><phr n="longer"><ent r="3" t="40" w="106" /><ent r="3" t="40" w="106" /><ent r="3" t="76" w="49" /><ent r="3" t="76" w="49" /></phr></stem><stem n="unlimit"><phr n="unlimited"><ent r="3" t="40" w="114" /><ent r="3" t="40" w="114" /></phr></stem><stem n="respect"><phr n="respectively"><ent r="3" t="40" w="127" /></phr><phr n="respective"><ent r="3" t="49" w="206" /><ent r="3" t="49" w="206" /><ent r="3" t="50" w="53" /><ent r="3" t="50" w="53" /><ent r="3" t="72" w="116" /><ent r="3" t="72" w="116" /></phr><phr n="respect"><ent r="3" t="72" w="237" /><ent r="3" t="72" w="237" /></phr></stem><stem n="groupdetailview"><phr n="GroupDetailView"><ent r="3" t="41" w="41" /><ent r="3" t="41" w="41" /></phr></stem><stem n="companydetailview"><phr n="CompanyDetailView"><ent r="3" t="41" w="43" /><ent r="3" t="41" w="43" /></phr></stem><stem n="hierarchicalentityinfotre"><phr n="HierarchicalEntityInfoTree"><ent r="5" t="41" w="55" /><ent r="5" t="41" w="55" /></phr></stem><stem n="tree"><phr n="tree"><ent r="4" t="41" w="59" /><ent r="4" t="41" w="59" /><ent r="4" t="41" w="99" /><ent r="4" t="41" w="99" /><ent r="4" t="41" w="120" /><ent r="4" t="41" w="120" /></phr></stem><stem n="hierarchicalentityinfopickertre"><phr n="HierarchicalEntityInfoPickerTree"><ent r="5" t="41" w="95" /><ent r="5" t="41" w="95" /></phr></stem><stem n="mutableentitymang"><phr n="MutableEntityManger"><ent r="5" t="41" w="143" /><ent r="5" t="41" w="143" /></phr></stem><stem n="fulli"><phr n="fully"><ent r="3" t="42" w="17" /><ent r="3" t="42" w="17" /></phr></stem><stem n="setcompanylink"><phr n="SetCompanyLink"><ent r="5" t="42" w="67" /><ent r="5" t="42" w="67" /><ent r="4" t="42" w="76" /></phr></stem><stem n="clearcompanylink"><phr n="ClearCompanyLink"><ent r="5" t="42" w="96" /><ent r="5" t="42" w="96" /><ent r="4" t="42" w="105" /></phr></stem><stem n="oledb"><phr n="OLEDB"><ent r="1000" t="43" w="2" /><ent r="1000" t="43" w="2" /><ent r="102" t="43" w="7" /><ent r="102" t="43" w="7" /><ent r="3" t="43" w="12" /><ent r="3" t="43" w="12" /><ent r="3" t="43" w="69" /><ent r="3" t="43" w="69" /></phr></stem><stem n="exposur"><phr n="exposure"><ent r="3" t="43" w="22" /><ent r="3" t="43" w="22" /></phr></stem><stem n="therebi"><phr n="thereby"><ent r="3" t="43" w="39" /><ent r="3" t="43" w="39" /></phr></stem><stem n="list_vrp_viewsandcolumn"><phr n="List_VRP_ViewsAndColumns"><ent r="3" t="43" w="74" /></phr></stem><stem n="packag"><phr n="package"><ent r="3" t="43" w="82" /></phr></stem><stem n="whose"><phr n="whose"><ent r="3" t="45" w="59" /><ent r="3" t="45" w="59" /><ent r="6" t="75" w="220" /><ent r="6" t="75" w="220" /><ent r="6" t="75" w="359" /><ent r="6" t="75" w="359" /></phr></stem><stem n="greater"><phr n="greater"><ent r="3" t="45" w="62" /><ent r="3" t="45" w="62" /><ent r="3" t="64" w="244" /><ent r="3" t="64" w="244" /><ent r="3" t="65" w="180" /><ent r="3" t="65" w="180" /><ent r="3" t="65" w="415" /><ent r="3" t="65" w="415" /></phr></stem><stem n="$10"><phr n="$10"><ent r="3" t="45" w="64" /></phr></stem><stem n="000"><phr n="000"><ent r="3" t="45" w="65" /></phr></stem><stem n="thank"><phr n="thank"><ent r="4" t="45" w="96" /><ent r="4" t="45" w="96" /></phr></stem><stem n="ship"><phr n="ships"><ent r="3" t="45" w="137" /><ent r="3" t="45" w="137" /></phr></stem><stem n="general-us"><phr n="general-use"><ent r="3" t="45" w="144" /><ent r="3" t="45" w="144" /></phr></stem><stem n="benefit"><phr n="benefit"><ent r="3" t="45" w="150" /><ent r="3" t="45" w="150" /></phr></stem><stem n="addition"><phr n="Additionally"><ent r="3" t="45" w="174" /></phr></stem><stem n="incorpor"><phr n="incorporate"><ent r="3" t="45" w="187" /><ent r="3" t="45" w="187" /></phr></stem><stem n="foundat"><phr n="Foundation"><ent r="3" t="45" w="220" /><ent r="3" t="45" w="220" /><ent r="3" t="47" w="21" /></phr></stem><stem n="5"><phr n="5"><ent r="3" t="45" w="224" /><ent r="3" t="47" w="35" /><ent r="3" t="47" w="35" /><ent r="3" t="56" w="27" /><ent r="3" t="56" w="27" /><ent r="4" t="69" w="246" /><ent r="4" t="69" w="246" /><ent r="6" t="75" w="128" /></phr></stem><stem n="pleas"><phr n="please"><ent r="3" t="45" w="261" /><ent r="3" t="45" w="261" /></phr></stem><stem n="tasks-rel"><phr n="Tasks-related"><ent r="3" t="46" w="43" /><ent r="3" t="46" w="43" /></phr></stem><stem n="actdelayact"><phr n="ACTDelayActivity"><ent r="4" t="46" w="61" /></phr></stem><stem n="scheduleactact"><phr n="ScheduleACTActivity"><ent r="4" t="46" w="62" /></phr></stem><stem n="sendemailact"><phr n="SendEmailActivity"><ent r="4" t="46" w="63" /><ent r="4" t="46" w="63" /></phr></stem><stem n="sequenceact"><phr n="SequenceActivity"><ent r="4" t="48" w="46" /><ent r="4" t="48" w="46" /><ent r="3" t="48" w="209" /></phr></stem><stem n="actsequenceact"><phr n="ActSequenceActivity"><ent r="4" t="48" w="48" /><ent r="4" t="48" w="48" /><ent r="3" t="48" w="95" /><ent r="3" t="48" w="95" /></phr><phr n="ACTSequenceActivity"><ent r="4" t="48" w="121" /><ent r="4" t="48" w="121" /><ent r="3" t="48" w="149" /><ent r="3" t="48" w="149" /><ent r="3" t="48" w="410" /><ent r="3" t="48" w="410" /></phr></stem><stem n="idesign"><phr n="Idesigner"><ent r="4" t="48" w="62" /><ent r="4" t="48" w="62" /></phr></stem><stem n="toolboxitem"><phr n="ToolboxItem"><ent r="4" t="48" w="74" /><ent r="4" t="48" w="74" /></phr></stem><stem n="toolboxbitmap"><phr n="ToolboxBitmap"><ent r="4" t="48" w="86" /><ent r="4" t="48" w="86" /></phr></stem><stem n="actsequentialentityworkflow"><phr n="ACTSequentialEntityWorkflow"><ent r="3" t="48" w="172" /></phr></stem><stem n="sequentialentityworkflow"><phr n="SequentialEntityWorkflow"><ent r="4" t="48" w="174" /><ent r="4" t="48" w="174" /><ent r="3" t="48" w="211" /><ent r="3" t="48" w="211" /></phr></stem><stem n="sequenti"><phr n="Sequential"><ent r="3" t="48" w="180" /><ent r="3" t="48" w="180" /><ent r="3" t="48" w="269" /><ent r="3" t="48" w="269" /><ent r="3" t="48" w="320" /><ent r="3" t="48" w="320" /><ent r="3" t="48" w="339" /><ent r="3" t="48" w="339" /></phr><phr n="sequential"><ent r="3" t="48" w="186" /><ent r="3" t="48" w="186" /><ent r="3" t="48" w="221" /><ent r="3" t="48" w="221" /><ent r="3" t="48" w="275" /><ent r="3" t="48" w="275" /><ent r="3" t="48" w="301" /><ent r="3" t="48" w="301" /><ent r="3" t="48" w="345" /><ent r="3" t="48" w="345" /><ent r="3" t="48" w="371" /><ent r="3" t="48" w="371" /></phr></stem><stem n="entity-bas"><phr n="entity-based"><ent r="3" t="48" w="231" /><ent r="3" t="48" w="231" /></phr></stem><stem n="inheritor"><phr n="inheritors"><ent r="3" t="48" w="244" /></phr></stem><stem n="sequentialcontactworkflow"><phr n="SequentialContactWorkflow"><ent r="4" t="48" w="263" /><ent r="4" t="48" w="263" /></phr></stem><stem n="sequentiacontactyworkflow"><phr n="SequentiaContactyWorkflow"><ent r="3" t="48" w="291" /><ent r="3" t="48" w="291" /></phr></stem><stem n="overrid"><phr n="overriding"><ent r="3" t="48" w="325" /><ent r="3" t="48" w="325" /><ent r="3" t="48" w="389" /><ent r="3" t="48" w="389" /></phr><phr n="override"><ent r="3" t="53" w="106" /><ent r="3" t="53" w="106" /><ent r="3" t="61" w="467" /><ent r="3" t="61" w="467" /></phr><phr n="Override"><ent r="4" t="61" w="445" /><ent r="4" t="61" w="445" /></phr></stem><stem n="currentent"><phr n="CurrentEntity"><ent r="3" t="48" w="327" /><ent r="3" t="48" w="327" /><ent r="3" t="48" w="391" /><ent r="3" t="48" w="391" /></phr></stem><stem n="sequentialopportunityworkflow"><phr n="SequentialOpportunityWorkflow"><ent r="4" t="48" w="333" /><ent r="4" t="48" w="333" /><ent r="3" t="48" w="361" /><ent r="3" t="48" w="361" /></phr></stem><stem n="delai"><phr n="Delay"><ent r="4" t="48" w="415" /><ent r="4" t="48" w="415" /></phr></stem><stem n="subject"><phr n="subject"><ent r="3" t="48" w="453" /><ent r="3" t="48" w="453" /><ent r="3" t="72" w="293" /><ent r="3" t="72" w="293" /></phr></stem><stem n="bodi"><phr n="body"><ent r="3" t="48" w="459" /><ent r="3" t="48" w="459" /></phr></stem><stem n="exchang"><phr n="exchange"><ent r="3" t="49" w="14" /><ent r="3" t="49" w="14" /></phr></stem><stem n="handheld"><phr n="handheld"><ent r="3" t="49" w="28" /><ent r="3" t="49" w="28" /></phr></stem><stem n="central"><phr n="centralized"><ent r="3" t="49" w="35" /></phr></stem><stem n="retain"><phr n="retain"><ent r="3" t="49" w="42" /></phr></stem><stem n="explicitli"><phr n="explicitly"><ent r="3" t="49" w="51" /><ent r="3" t="49" w="51" /><ent r="4" t="78" w="41" /><ent r="4" t="78" w="41" /></phr></stem><stem n="dictat"><phr n="dictates"><ent r="3" t="49" w="52" /><ent r="3" t="49" w="52" /></phr></stem><stem n="entir"><phr n="entire"><ent r="3" t="49" w="66" /><ent r="3" t="49" w="66" /><ent r="4" t="82" w="39" /><ent r="4" t="82" w="39" /><ent r="5" t="82" w="209" /><ent r="5" t="82" w="209" /></phr></stem><stem n="indirectli"><phr n="indirectly"><ent r="3" t="49" w="83" /><ent r="3" t="49" w="83" /></phr></stem><stem n="modif"><phr n="modification"><ent r="3" t="49" w="95" /><ent r="3" t="49" w="95" /></phr><phr n="modifications"><ent r="3" t="49" w="113" /><ent r="3" t="49" w="113" /></phr></stem><stem n="further"><phr n="Further"><ent r="3" t="49" w="103" /></phr></stem><stem n="multius"><phr n="Multiuser"><ent r="92" t="49" w="169" /><ent r="92" t="49" w="169" /></phr><phr n="multiuser"><ent r="3" t="49" w="185" /><ent r="3" t="49" w="185" /></phr></stem><stem n="concurr"><phr n="Concurrency"><ent r="92" t="49" w="171" /><ent r="92" t="49" w="171" /></phr></stem><stem n="thread-saf"><phr n="thread-safe"><ent r="3" t="49" w="176" /><ent r="3" t="49" w="176" /><ent r="3" t="49" w="195" /></phr></stem><stem n="simultan"><phr n="simultaneously"><ent r="3" t="49" w="200" /><ent r="3" t="49" w="200" /></phr></stem><stem n="unless"><phr n="unless"><ent r="3" t="49" w="222" /><ent r="3" t="49" w="222" /><ent r="4" t="78" w="36" /><ent r="4" t="78" w="36" /></phr></stem><stem n="listen"><phr n="listens"><ent r="3" t="50" w="30" /><ent r="3" t="50" w="30" /></phr><phr n="listen"><ent r="3" t="50" w="147" /><ent r="3" t="50" w="147" /></phr></stem><stem n="hand"><phr n="hands"><ent r="3" t="50" w="57" /><ent r="3" t="50" w="57" /></phr><phr n="hand"><ent r="3" t="61" w="276" /></phr></stem><stem n="side"><phr n="side"><ent r="3" t="50" w="74" /><ent r="3" t="50" w="113" /><ent r="3" t="50" w="113" /><ent r="3" t="50" w="295" /></phr></stem><stem n="henc"><phr n="hence"><ent r="3" t="50" w="117" /><ent r="3" t="50" w="117" /></phr></stem><stem n="natur"><phr n="nature"><ent r="3" t="50" w="123" /></phr></stem><stem n="mode"><phr n="modes"><ent r="3" t="50" w="133" /></phr></stem><stem n="stand"><phr n="Stand"><ent r="3" t="50" w="134" /><ent r="3" t="50" w="134" /></phr></stem><stem n="alon"><phr n="Alone"><ent r="3" t="50" w="135" /><ent r="3" t="50" w="135" /></phr></stem><stem n="tcp"><phr n="TCP"><ent r="3" t="50" w="144" /><ent r="3" t="50" w="144" /></phr></stem><stem n="port"><phr n="port"><ent r="3" t="50" w="145" /><ent r="3" t="50" w="145" /></phr></stem><stem n="authent"><phr n="authentication"><ent r="3" t="50" w="198" /><ent r="3" t="50" w="198" /></phr></stem><stem n="handshak"><phr n="handshaking"><ent r="3" t="50" w="200" /><ent r="3" t="50" w="200" /></phr></stem><stem n="routin"><phr n="routine"><ent r="3" t="50" w="201" /><ent r="3" t="50" w="201" /></phr></stem><stem n="session"><phr n="session"><ent r="3" t="50" w="221" /><ent r="3" t="50" w="221" /><ent r="3" t="50" w="233" /><ent r="3" t="50" w="233" /><ent r="3" t="50" w="431" /><ent r="3" t="61" w="120" /><ent r="4" t="61" w="186" /><ent r="3" t="61" w="214" /><ent r="3" t="61" w="263" /><ent r="3" t="61" w="293" /><ent r="4" t="63" w="151" /><ent r="3" t="63" w="181" /><ent r="3" t="63" w="195" /></phr><phr n="sessions"><ent r="3" t="50" w="443" /></phr></stem><stem n="termin"><phr n="terminated"><ent r="3" t="50" w="223" /></phr></stem><stem n="timestamp"><phr n="timestamps"><ent r="3" t="50" w="226" /><ent r="3" t="50" w="226" /></phr></stem><stem n="watermark"><phr n="watermarks"><ent r="3" t="50" w="228" /><ent r="3" t="50" w="228" /></phr></stem><stem n="boundari"><phr n="boundaries"><ent r="3" t="50" w="234" /><ent r="3" t="50" w="234" /></phr></stem><stem n="repeat"><phr n="repeated"><ent r="3" t="50" w="241" /><ent r="3" t="50" w="241" /></phr><phr n="Repeat"><ent r="4" t="69" w="244" /><ent r="4" t="69" w="244" /></phr></stem><stem n="pull"><phr n="pull"><ent r="3" t="50" w="286" /></phr></stem><stem n="pull-model"><phr n="pull-model"><ent r="3" t="50" w="286" /></phr></stem><stem n="captur"><phr n="captured"><ent r="3" t="50" w="321" /><ent r="3" t="50" w="321" /></phr><phr n="capture"><ent r="3" t="50" w="352" /><ent r="3" t="50" w="352" /></phr></stem><stem n="fire"><phr n="fired"><ent r="3" t="50" w="340" /><ent r="3" t="50" w="340" /></phr></stem><stem n="elig"><phr n="eligible"><ent r="3" t="50" w="348" /><ent r="3" t="50" w="348" /></phr></stem><stem n="deliv"><phr n="deliver"><ent r="3" t="50" w="377" /><ent r="3" t="50" w="377" /></phr></stem><stem n="watcher"><phr n="Watcher"><ent r="92" t="50" w="389" /><ent r="92" t="50" w="389" /></phr><phr n="Watchers"><ent r="3" t="50" w="392" /><ent r="3" t="50" w="392" /></phr></stem><stem n="monitor"><phr n="monitor"><ent r="3" t="50" w="397" /><ent r="3" t="50" w="397" /></phr><phr n="monitors"><ent r="3" t="50" w="402" /><ent r="3" t="50" w="402" /></phr></stem><stem n="xml"><phr n="XML"><ent r="3" t="50" w="422" /><ent r="3" t="50" w="422" /></phr><phr n="xml"><ent r="3" t="65" w="153" /></phr></stem><stem n="debug"><phr n="debugging"><ent r="3" t="50" w="437" /><ent r="3" t="50" w="437" /></phr></stem><stem n="basic"><phr n="basic"><ent r="3" t="51" w="14" /><ent r="3" t="51" w="14" /></phr></stem><stem n="case"><phr n="cases"><ent r="3" t="52" w="30" /><ent r="3" t="52" w="30" /></phr><phr n="case"><ent r="3" t="56" w="73" /><ent r="3" t="56" w="73" /></phr></stem><stem n="compar"><phr n="Comparing"><ent r="4" t="52" w="64" /><ent r="4" t="52" w="64" /><ent r="4" t="55" w="49" /><ent r="4" t="55" w="49" /></phr></stem><stem n="columnnam"><phr n="ColumnName"><ent r="4" t="52" w="66" /><ent r="4" t="52" w="66" /><ent r="5" t="52" w="215" /></phr></stem><stem n="empti"><phr n="empty"><ent r="4" t="52" w="107" /><ent r="4" t="52" w="107" /><ent r="3" t="52" w="157" /><ent r="3" t="52" w="157" /></phr></stem><stem n="&lt;summary&gt;"><phr n="&lt;summary&gt;"><ent r="3" t="52" w="110" /><ent r="3" t="52" w="110" /><ent r="3" t="53" w="76" /><ent r="3" t="53" w="76" /><ent r="3" t="54" w="82" /><ent r="3" t="54" w="82" /><ent r="3" t="55" w="100" /><ent r="3" t="55" w="100" /><ent r="3" t="56" w="50" /><ent r="3" t="56" w="50" /><ent r="3" t="56" w="154" /><ent r="3" t="56" w="154" /><ent r="4" t="57" w="59" /><ent r="4" t="57" w="59" /><ent r="3" t="58" w="31" /><ent r="3" t="58" w="31" /><ent r="3" t="59" w="50" /><ent r="3" t="59" w="50" /></phr></stem><stem n="&lt;"><phr n="&lt;"><ent r="3" t="52" w="133" /><ent r="4" t="52" w="204" /><ent r="4" t="52" w="204" /><ent r="3" t="53" w="92" /><ent r="4" t="53" w="170" /><ent r="4" t="53" w="170" /><ent r="3" t="54" w="90" /><ent r="3" t="55" w="108" /><ent r="3" t="55" w="124" /><ent r="3" t="56" w="62" /><ent r="3" t="56" w="105" /><ent r="3" t="56" w="172" /><ent r="4" t="57" w="69" /><ent r="3" t="58" w="51" /><ent r="4" t="59" w="70" /><ent r="3" t="61" w="439" /></phr></stem><stem n="summary&gt;"><phr n="summary&gt;"><ent r="3" t="52" w="134" /><ent r="3" t="52" w="134" /><ent r="3" t="53" w="93" /><ent r="3" t="53" w="93" /><ent r="3" t="54" w="91" /><ent r="3" t="54" w="91" /><ent r="3" t="55" w="109" /><ent r="3" t="55" w="109" /><ent r="3" t="56" w="63" /><ent r="3" t="56" w="63" /><ent r="3" t="56" w="173" /><ent r="3" t="56" w="173" /><ent r="4" t="57" w="70" /><ent r="4" t="57" w="70" /><ent r="3" t="58" w="52" /><ent r="3" t="58" w="52" /><ent r="4" t="59" w="71" /><ent r="4" t="59" w="71" /></phr></stem></index>