<?xml version="1.0" encoding="utf-8"?><index><stem n="horizont"><phr n="Horizontal"><ent r="7" t="17" w="6608" /><ent r="7" t="17" w="6608" /></phr><phr n="horizontal"><ent r="3" t="37" w="403" /><ent r="3" t="37" w="403" /></phr></stem><stem n="tilehorz"><phr n="tilehorz"><ent r="7" t="17" w="6617" /><ent r="7" t="17" w="6617" /></phr></stem><stem n="vertic"><phr n="Vertical"><ent r="7" t="17" w="6620" /><ent r="7" t="17" w="6620" /></phr><phr n="vertical"><ent r="3" t="37" w="406" /><ent r="3" t="37" w="406" /></phr></stem><stem n="tilevert"><phr n="tilevert"><ent r="7" t="17" w="6629" /><ent r="7" t="17" w="6629" /></phr></stem><stem n="arrang"><phr n="Arrange"><ent r="7" t="17" w="6631" /><ent r="7" t="17" w="6631" /></phr></stem><stem n="arrangeicon"><phr n="arrangeicons"><ent r="7" t="17" w="6641" /><ent r="7" t="17" w="6641" /></phr></stem><stem n="removeal"><phr n="removeall"><ent r="7" t="17" w="6653" /><ent r="7" t="17" w="6653" /></phr></stem><stem n="emarket"><phr n="Emarketing"><ent r="6" t="17" w="6655" /><ent r="6" t="17" w="6655" /></phr><phr n="emarketing"><ent r="5" t="17" w="6663" /><ent r="5" t="17" w="6663" /><ent r="6" t="17" w="6674" /><ent r="6" t="17" w="6674" /><ent r="6" t="17" w="6687" /><ent r="6" t="17" w="6701" /><ent r="6" t="17" w="6715" /><ent r="6" t="17" w="6728" /><ent r="6" t="17" w="6740" /><ent r="6" t="17" w="6753" /><ent r="6" t="17" w="6765" /><ent r="6" t="17" w="6778" /><ent r="6" t="17" w="6790" /><ent r="6" t="17" w="6804" /><ent r="6" t="17" w="6817" /></phr></stem><stem n="campaign"><phr n="Campaign"><ent r="6" t="17" w="6679" /><ent r="6" t="17" w="6679" /><ent r="6" t="17" w="6706" /><ent r="6" t="17" w="6706" /></phr></stem><stem n="sendblast"><phr n="sendBlast"><ent r="6" t="17" w="6688" /><ent r="6" t="17" w="6688" /></phr></stem><stem n="lead"><phr n="Leads"><ent r="6" t="17" w="6691" /><ent r="6" t="17" w="6691" /></phr><phr n="lead"><ent r="4" t="45" w="92" /><ent r="4" t="45" w="92" /><ent r="4" t="45" w="101" /><ent r="4" t="45" w="101" /></phr></stem><stem n="webform"><phr n="Webforms"><ent r="6" t="17" w="6693" /><ent r="6" t="17" w="6693" /></phr></stem><stem n="actwebtolead"><phr n="ActWebToLead"><ent r="6" t="17" w="6702" /><ent r="6" t="17" w="6702" /></phr></stem><stem n="campaignhistori"><phr n="campaignHistory"><ent r="6" t="17" w="6716" /><ent r="6" t="17" w="6716" /></phr></stem><stem n="account"><phr n="Account"><ent r="6" t="17" w="6720" /><ent r="6" t="17" w="6720" /><ent r="3" t="28" w="305" /><ent r="3" t="28" w="305" /><ent r="3" t="28" w="370" /><ent r="3" t="28" w="370" /><ent r="3" t="28" w="375" /><ent r="3" t="34" w="430" /><ent r="3" t="34" w="430" /></phr><phr n="Accounts"><ent r="3" t="26" w="212" /><ent r="3" t="26" w="212" /><ent r="3" t="26" w="223" /><ent r="3" t="26" w="223" /><ent r="3" t="26" w="229" /><ent r="3" t="26" w="229" /></phr><phr n="account"><ent r="3" t="31" w="484" /><ent r="3" t="35" w="424" /><ent r="3" t="35" w="424" /></phr><phr n="Accountant"><ent r="4" t="54" w="154" /></phr></stem><stem n="managemyaccount"><phr n="managemyaccount"><ent r="6" t="17" w="6729" /><ent r="6" t="17" w="6729" /></phr></stem><stem n="loo"><phr n="Loo"><ent r="6" t="17" w="6731" /></phr></stem><stem n="kup"><phr n="kup"><ent r="6" t="17" w="6732" /><ent r="6" t="17" w="6732" /></phr></stem><stem n="pt"><phr n="pt"><ent r="6" t="17" w="6744" /><ent r="6" t="17" w="6744" /></phr></stem><stem n="optout"><phr n="optouts"><ent r="6" t="17" w="6754" /><ent r="6" t="17" w="6754" /></phr></stem><stem n="boun"><phr n="Boun"><ent r="6" t="17" w="6756" /></phr></stem><stem n="ce"><phr n="ces"><ent r="6" t="17" w="6757" /><ent r="6" t="17" w="6757" /></phr></stem><stem n="bounc"><phr n="bounces"><ent r="6" t="17" w="6766" /><ent r="6" t="17" w="6766" /></phr></stem><stem n="sender"><phr n="Sender"><ent r="6" t="17" w="6769" /><ent r="6" t="17" w="6769" /></phr></stem><stem n="profil"><phr n="Profiles"><ent r="6" t="17" w="6770" /><ent r="6" t="17" w="6770" /></phr></stem><stem n="manageprofil"><phr n="manageprofiles"><ent r="6" t="17" w="6779" /><ent r="6" t="17" w="6779" /></phr></stem><stem n="pgrade"><phr n="pgrade"><ent r="6" t="17" w="6782" /><ent r="6" t="17" w="6782" /></phr></stem><stem n="upgrad"><phr n="upgrade"><ent r="6" t="17" w="6791" /><ent r="6" t="17" w="6791" /></phr></stem><stem n="logon"><phr n="logon"><ent r="6" t="17" w="6805" /><ent r="6" t="17" w="6805" /></phr><phr n="LogOn"><ent r="4" t="52" w="174" /><ent r="4" t="53" w="117" /><ent r="4" t="54" w="104" /><ent r="4" t="55" w="140" /><ent r="4" t="56" w="123" /><ent r="4" t="56" w="190" /><ent r="5" t="57" w="97" /><ent r="4" t="58" w="79" /><ent r="5" t="59" w="98" /></phr></stem><stem n="lo"><phr n="Lo"><ent r="6" t="17" w="6807" /></phr></stem><stem n="g"><phr n="g"><ent r="6" t="17" w="6808" /><ent r="6" t="17" w="6808" /></phr></stem><stem n="off"><phr n="Off"><ent r="6" t="17" w="6809" /><ent r="6" t="17" w="6809" /></phr><phr n="off"><ent r="3" t="25" w="83" /><ent r="3" t="25" w="83" /><ent r="3" t="26" w="50" /><ent r="3" t="26" w="50" /><ent r="3" t="26" w="75" /><ent r="3" t="26" w="75" /><ent r="3" t="27" w="250" /><ent r="3" t="27" w="250" /><ent r="3" t="27" w="693" /><ent r="3" t="27" w="693" /><ent r="3" t="28" w="195" /><ent r="3" t="28" w="195" /><ent r="3" t="31" w="563" /><ent r="3" t="31" w="563" /></phr></stem><stem n="logoff"><phr n="logoff"><ent r="6" t="17" w="6818" /><ent r="6" t="17" w="6818" /></phr></stem><stem n="whatsnewhelp"><phr n="whatsnewhelp"><ent r="7" t="17" w="6864" /><ent r="7" t="17" w="6864" /></phr></stem><stem n="serviceandsupport"><phr n="serviceandsupport"><ent r="7" t="17" w="6876" /><ent r="7" t="17" w="6876" /><ent r="7" t="17" w="6893" /><ent r="7" t="17" w="6906" /><ent r="7" t="17" w="6921" /><ent r="7" t="17" w="6922" /><ent r="7" t="17" w="6922" /><ent r="7" t="17" w="6936" /><ent r="7" t="17" w="6950" /><ent r="7" t="17" w="7070" /></phr></stem><stem n="chat"><phr n="Chat"><ent r="7" t="17" w="6878" /><ent r="7" t="17" w="6878" /></phr></stem><stem n="ve"><phr n="ve"><ent r="7" t="17" w="6880" /><ent r="7" t="17" w="6880" /></phr></stem><stem n="livechat"><phr n="livechat"><ent r="7" t="17" w="6894" /><ent r="7" t="17" w="6894" /></phr></stem><stem n="knowledgearticl"><phr n="knowledgearticles"><ent r="7" t="17" w="6907" /><ent r="7" t="17" w="6907" /></phr></stem><stem n="center"><phr n="Center"><ent r="7" t="17" w="6927" /><ent r="7" t="17" w="6927" /><ent r="3" t="72" w="157" /><ent r="3" t="72" w="157" /></phr><phr n="center"><ent r="3" t="39" w="99" /><ent r="3" t="39" w="99" /><ent r="3" t="39" w="188" /><ent r="3" t="39" w="188" /></phr></stem><stem n="gsrc"><phr n="gsrc"><ent r="7" t="17" w="6937" /><ent r="7" t="17" w="6937" /></phr></stem><stem n="onlinecommun"><phr n="onlinecommunity"><ent r="7" t="17" w="6951" /><ent r="7" t="17" w="6951" /></phr></stem><stem n="onsult"><phr n="onsulting"><ent r="7" t="17" w="6955" /><ent r="7" t="17" w="6955" /></phr></stem><stem n="actconsultingservic"><phr n="actconsultingservices"><ent r="7" t="17" w="6965" /><ent r="7" t="17" w="6965" /></phr></stem><stem n="tour"><phr n="Tours"><ent r="7" t="17" w="6968" /><ent r="7" t="17" w="6968" /></phr></stem><stem n="inproduct"><phr n="inproduct"><ent r="7" t="17" w="6974" /></phr></stem><stem n="featuretour"><phr n="featuretours"><ent r="7" t="17" w="6976" /><ent r="7" t="17" w="6976" /></phr></stem><stem n="onlinemanu"><phr n="onlinemanuals"><ent r="7" t="17" w="6988" /><ent r="7" t="17" w="6988" /><ent r="7" t="17" w="7004" /><ent r="7" t="17" w="7019" /></phr></stem><stem n="quickstart"><phr n="quickstart"><ent r="7" t="17" w="7005" /><ent r="7" t="17" w="7005" /></phr></stem><stem n="card"><phr n="Card"><ent r="7" t="17" w="7010" /><ent r="7" t="17" w="7010" /></phr></stem><stem n="quickrefer"><phr n="quickreference"><ent r="7" t="17" w="7020" /><ent r="7" t="17" w="7020" /></phr></stem><stem n="etup"><phr n="etup"><ent r="7" t="17" w="7023" /><ent r="7" t="17" w="7023" /></phr></stem><stem n="assist"><phr n="Assistant"><ent r="7" t="17" w="7024" /><ent r="7" t="17" w="7024" /></phr></stem><stem n="startupwizard"><phr n="startupwizard"><ent r="7" t="17" w="7033" /><ent r="7" t="17" w="7033" /></phr></stem><stem n="notifica"><phr n="Notifica"><ent r="7" t="17" w="7036" /></phr></stem><stem n="tion"><phr n="tions"><ent r="7" t="17" w="7037" /></phr></stem><stem n="updateact"><phr n="updateact"><ent r="7" t="17" w="7046" /><ent r="7" t="17" w="7046" /></phr></stem><stem n="contactinform"><phr n="contactinformation"><ent r="7" t="17" w="7071" /><ent r="7" t="17" w="7071" /></phr></stem><stem n="actabout"><phr n="actabout"><ent r="7" t="17" w="7083" /><ent r="7" t="17" w="7083" /></phr></stem><stem n="via"><phr n="via"><ent r="4" t="18" w="29" /><ent r="4" t="18" w="29" /><ent r="3" t="25" w="114" /><ent r="3" t="25" w="114" /><ent r="3" t="25" w="234" /><ent r="3" t="25" w="234" /><ent r="3" t="27" w="25" /><ent r="3" t="27" w="25" /><ent r="3" t="33" w="54" /><ent r="3" t="33" w="54" /><ent r="93" t="36" w="136" /><ent r="93" t="36" w="136" /><ent r="4" t="39" w="586" /><ent r="4" t="39" w="586" /><ent r="4" t="45" w="82" /><ent r="4" t="45" w="82" /><ent r="4" t="45" w="111" /><ent r="4" t="45" w="111" /><ent r="4" t="51" w="83" /><ent r="4" t="51" w="83" /><ent r="66" t="51" w="91" /><ent r="66" t="51" w="91" /><ent r="1000" t="60" w="5" /><ent r="1000" t="60" w="5" /><ent r="103" t="60" w="13" /><ent r="103" t="60" w="13" /><ent r="4" t="61" w="25" /><ent r="4" t="61" w="25" /><ent r="3" t="61" w="61" /><ent r="3" t="61" w="61" /><ent r="5" t="61" w="105" /><ent r="5" t="61" w="105" /><ent r="5" t="61" w="326" /><ent r="5" t="61" w="326" /><ent r="4" t="62" w="14" /><ent r="4" t="62" w="14" /><ent r="4" t="63" w="19" /><ent r="4" t="63" w="19" /><ent r="6" t="63" w="68" /><ent r="6" t="63" w="68" /><ent r="5" t="63" w="145" /><ent r="5" t="63" w="145" /><ent r="4" t="64" w="14" /><ent r="4" t="64" w="14" /><ent r="3" t="64" w="21" /><ent r="3" t="64" w="21" /><ent r="3" t="64" w="37" /><ent r="3" t="64" w="37" /><ent r="3" t="65" w="14" /><ent r="3" t="65" w="14" /><ent r="3" t="65" w="30" /><ent r="3" t="65" w="30" /><ent r="93" t="66" w="128" /><ent r="93" t="66" w="128" /><ent r="4" t="69" w="37" /><ent r="4" t="69" w="37" /><ent r="5" t="69" w="149" /><ent r="5" t="69" w="149" /><ent r="5" t="69" w="214" /><ent r="5" t="69" w="214" /><ent r="4" t="69" w="263" /><ent r="4" t="69" w="263" /><ent r="4" t="82" w="113" /><ent r="4" t="82" w="113" /><ent r="93" t="82" w="191" /><ent r="93" t="82" w="191" /></phr></stem><stem n="progress"><phr n="progression"><ent r="3" t="18" w="41" /><ent r="3" t="18" w="41" /></phr></stem><stem n="requisit"><phr n="requisite"><ent r="4" t="18" w="57" /><ent r="4" t="18" w="57" /></phr></stem><stem n="knowledg"><phr n="knowledge"><ent r="4" t="18" w="58" /><ent r="4" t="18" w="58" /><ent r="3" t="45" w="241" /><ent r="3" t="45" w="241" /><ent r="3" t="66" w="77" /><ent r="3" t="66" w="77" /></phr></stem><stem n="order"><phr n="order"><ent r="4" t="18" w="62" /><ent r="3" t="29" w="314" /><ent r="3" t="29" w="314" /><ent r="3" t="29" w="333" /><ent r="3" t="29" w="333" /><ent r="3" t="38" w="378" /><ent r="3" t="38" w="378" /><ent r="3" t="39" w="417" /><ent r="3" t="39" w="417" /></phr></stem><stem n="feel"><phr n="feel"><ent r="4" t="18" w="64" /><ent r="4" t="18" w="64" /><ent r="3" t="76" w="30" /></phr></stem><stem n="free"><phr n="free"><ent r="4" t="18" w="65" /><ent r="4" t="18" w="65" /></phr></stem><stem n="jump"><phr n="jump"><ent r="4" t="18" w="67" /><ent r="4" t="18" w="67" /></phr></stem><stem n="around"><phr n="around"><ent r="4" t="18" w="68" /><ent r="4" t="18" w="68" /></phr></stem><stem n="sinc"><phr n="Since"><ent r="4" t="18" w="71" /><ent r="4" t="18" w="71" /><ent r="3" t="29" w="175" /><ent r="3" t="29" w="175" /><ent r="3" t="38" w="359" /><ent r="3" t="38" w="359" /><ent r="3" t="45" w="206" /><ent r="3" t="45" w="206" /><ent r="4" t="61" w="321" /><ent r="4" t="61" w="321" /><ent r="3" t="68" w="80" /><ent r="3" t="68" w="80" /></phr><phr n="since"><ent r="6" t="18" w="133" /><ent r="6" t="18" w="133" /><ent r="3" t="19" w="43" /><ent r="3" t="19" w="43" /><ent r="3" t="27" w="650" /><ent r="3" t="27" w="650" /><ent r="3" t="27" w="697" /><ent r="3" t="27" w="697" /><ent r="3" t="29" w="460" /><ent r="3" t="29" w="460" /><ent r="3" t="30" w="81" /><ent r="3" t="30" w="81" /></phr></stem><stem n="format"><phr n="format"><ent r="4" t="18" w="79" /></phr><phr n="formatted"><ent r="6" t="73" w="36" /><ent r="6" t="73" w="36" /><ent r="6" t="73" w="64" /><ent r="6" t="73" w="64" /><ent r="6" t="73" w="82" /><ent r="6" t="73" w="82" /><ent r="6" t="73" w="111" /><ent r="6" t="73" w="111" /><ent r="6" t="73" w="154" /><ent r="6" t="73" w="154" /><ent r="6" t="73" w="177" /><ent r="6" t="73" w="177" /><ent r="6" t="73" w="208" /><ent r="6" t="73" w="208" /><ent r="6" t="73" w="266" /><ent r="6" t="73" w="266" /><ent r="6" t="73" w="288" /><ent r="6" t="73" w="288" /><ent r="6" t="73" w="327" /><ent r="6" t="73" w="327" /></phr></stem><stem n="skim"><phr n="skim"><ent r="4" t="18" w="82" /><ent r="4" t="18" w="82" /></phr></stem><stem n="onc"><phr n="once"><ent r="4" t="18" w="89" /><ent r="4" t="18" w="89" /><ent r="3" t="27" w="761" /><ent r="3" t="27" w="761" /><ent r="3" t="40" w="43" /></phr><phr n="Once"><ent r="3" t="25" w="246" /><ent r="3" t="25" w="246" /><ent r="3" t="25" w="303" /><ent r="3" t="25" w="303" /><ent r="3" t="31" w="391" /><ent r="3" t="31" w="391" /><ent r="3" t="34" w="386" /><ent r="3" t="34" w="386" /><ent r="3" t="35" w="524" /><ent r="3" t="35" w="524" /></phr></stem><stem n="experi"><phr n="experience"><ent r="4" t="18" w="99" /><ent r="4" t="18" w="99" /></phr></stem><stem n="expertis"><phr n="expertise"><ent r="4" t="18" w="101" /><ent r="4" t="18" w="101" /></phr></stem><stem n="choos"><phr n="choose"><ent r="4" t="18" w="111" /><ent r="4" t="18" w="111" /><ent r="3" t="27" w="157" /></phr><phr n="choosing"><ent r="3" t="29" w="455" /><ent r="3" t="29" w="455" /><ent r="3" t="34" w="344" /><ent r="3" t="34" w="344" /></phr></stem><stem n="accordingli"><phr n="accordingly"><ent r="4" t="18" w="114" /></phr></stem><stem n="like"><phr n="like"><ent r="6" t="18" w="165" /><ent r="6" t="18" w="165" /><ent r="6" t="18" w="204" /><ent r="6" t="18" w="204" /><ent r="6" t="18" w="234" /><ent r="6" t="18" w="234" /><ent r="3" t="20" w="24" /><ent r="3" t="20" w="24" /><ent r="3" t="27" w="388" /><ent r="3" t="27" w="388" /><ent r="3" t="27" w="454" /><ent r="3" t="27" w="454" /><ent r="3" t="27" w="764" /><ent r="3" t="27" w="764" /><ent r="3" t="29" w="396" /><ent r="3" t="29" w="396" /><ent r="3" t="29" w="478" /><ent r="3" t="29" w="478" /><ent r="3" t="31" w="30" /><ent r="3" t="31" w="30" /><ent r="3" t="31" w="43" /><ent r="3" t="31" w="43" /><ent r="3" t="31" w="474" /><ent r="3" t="31" w="474" /><ent r="3" t="31" w="734" /><ent r="3" t="31" w="734" /><ent r="3" t="32" w="42" /><ent r="3" t="32" w="42" /><ent r="3" t="34" w="166" /><ent r="3" t="34" w="166" /><ent r="3" t="34" w="272" /><ent r="3" t="34" w="272" /><ent r="3" t="34" w="434" /><ent r="3" t="34" w="434" /></phr><phr n="Like"><ent r="3" t="26" w="28" /><ent r="3" t="26" w="28" /><ent r="3" t="34" w="306" /><ent r="3" t="34" w="306" /></phr></stem><stem n="relationship"><phr n="relationships"><ent r="6" t="18" w="170" /><ent r="6" t="18" w="170" /><ent r="3" t="23" w="31" /><ent r="3" t="23" w="31" /><ent r="4" t="25" w="15" /><ent r="4" t="25" w="15" /><ent r="3" t="25" w="54" /><ent r="3" t="25" w="54" /></phr><phr n="Relationships"><ent r="4" t="25" w="417" /><ent r="4" t="25" w="417" /><ent r="4" t="25" w="449" /><ent r="4" t="25" w="449" /></phr><phr n="relationship"><ent r="3" t="79" w="32" /><ent r="3" t="79" w="32" /></phr></stem><stem n="rule"><phr n="rules"><ent r="6" t="18" w="173" /><ent r="6" t="18" w="173" /><ent r="4" t="23" w="99" /><ent r="4" t="23" w="99" /><ent r="3" t="27" w="507" /><ent r="3" t="27" w="507" /></phr></stem><stem n="understand"><phr n="understanding"><ent r="3" t="19" w="68" /><ent r="3" t="19" w="68" /><ent r="3" t="20" w="45" /><ent r="3" t="20" w="45" /></phr><phr n="Understanding"><ent r="3" t="23" w="35" /><ent r="3" t="23" w="35" /></phr></stem><stem n="fundament"><phr n="fundamentals"><ent r="3" t="19" w="73" /><ent r="3" t="19" w="73" /></phr></stem><stem n="essenti"><phr n="essential"><ent r="3" t="19" w="76" /><ent r="3" t="19" w="76" /><ent r="3" t="20" w="53" /><ent r="3" t="20" w="53" /></phr></stem><stem n="success"><phr n="successful"><ent r="3" t="19" w="79" /><ent r="3" t="19" w="79" /><ent r="3" t="20" w="56" /><ent r="3" t="20" w="56" /><ent r="3" t="50" w="244" /><ent r="3" t="50" w="244" /></phr></stem><stem n="adapt"><phr n="adapt"><ent r="4" t="19" w="160" /><ent r="4" t="19" w="160" /><ent r="4" t="20" w="123" /><ent r="4" t="20" w="123" /><ent r="4" t="21" w="90" /><ent r="4" t="21" w="90" /></phr></stem><stem n="explan"><phr n="explanations"><ent r="4" t="19" w="175" /><ent r="4" t="19" w="175" /><ent r="4" t="20" w="138" /><ent r="4" t="20" w="138" /><ent r="4" t="21" w="105" /><ent r="4" t="21" w="105" /><ent r="3" t="22" w="25" /><ent r="3" t="22" w="25" /><ent r="4" t="22" w="56" /><ent r="4" t="22" w="56" /></phr></stem><stem n="perspect"><phr n="perspective"><ent r="3" t="20" w="36" /><ent r="3" t="23" w="39" /><ent r="3" t="23" w="39" /></phr></stem><stem n="good"><phr n="good"><ent r="3" t="21" w="40" /><ent r="3" t="21" w="40" /><ent r="3" t="29" w="440" /><ent r="3" t="29" w="440" /></phr></stem><stem n="readi"><phr n="ready"><ent r="3" t="21" w="46" /><ent r="3" t="21" w="46" /></phr></stem><stem n="experienc"><phr n="experienced"><ent r="3" t="22" w="11" /><ent r="3" t="22" w="11" /></phr></stem><stem n="deriv"><phr n="derived"><ent r="3" t="22" w="32" /><ent r="3" t="22" w="32" /><ent r="3" t="39" w="192" /><ent r="3" t="39" w="192" /><ent r="3" t="39" w="314" /><ent r="3" t="39" w="314" /><ent r="3" t="39" w="317" /><ent r="3" t="39" w="317" /><ent r="3" t="39" w="374" /><ent r="3" t="39" w="374" /></phr><phr n="deriving"><ent r="3" t="26" w="154" /><ent r="3" t="26" w="154" /><ent r="3" t="62" w="116" /><ent r="3" t="62" w="116" /></phr><phr n="derives"><ent r="3" t="28" w="251" /><ent r="3" t="28" w="251" /><ent r="3" t="28" w="280" /><ent r="3" t="28" w="280" /><ent r="3" t="34" w="268" /><ent r="3" t="34" w="268" /><ent r="3" t="34" w="291" /><ent r="3" t="34" w="291" /><ent r="3" t="37" w="294" /><ent r="3" t="37" w="294" /><ent r="4" t="41" w="116" /><ent r="4" t="41" w="116" /><ent r="3" t="48" w="204" /><ent r="3" t="48" w="204" /><ent r="4" t="62" w="71" /><ent r="4" t="62" w="71" /></phr><phr n="Deriving"><ent r="92" t="28" w="284" /><ent r="92" t="28" w="284" /></phr><phr n="derive"><ent r="3" t="28" w="289" /><ent r="3" t="28" w="289" /><ent r="3" t="31" w="26" /><ent r="3" t="31" w="26" /><ent r="3" t="39" w="63" /><ent r="3" t="39" w="63" /><ent r="3" t="39" w="78" /><ent r="3" t="39" w="78" /><ent r="3" t="39" w="435" /><ent r="3" t="39" w="435" /><ent r="3" t="48" w="102" /><ent r="3" t="48" w="102" /><ent r="3" t="48" w="115" /><ent r="3" t="48" w="115" /><ent r="3" t="48" w="407" /><ent r="3" t="48" w="407" /></phr><phr n="Derive"><ent r="4" t="48" w="41" /><ent r="4" t="48" w="41" /></phr></stem><stem n="comment"><phr n="comments"><ent r="3" t="22" w="35" /><ent r="3" t="68" w="238" /><ent r="3" t="68" w="238" /><ent r="3" t="69" w="305" /><ent r="3" t="69" w="305" /></phr></stem><stem n="standpoint"><phr n="standpoint"><ent r="3" t="23" w="25" /><ent r="3" t="23" w="25" /></phr></stem><stem n="let"><phr n="lets"><ent r="3" t="23" w="40" /><ent r="3" t="23" w="40" /><ent r="3" t="25" w="92" /><ent r="3" t="25" w="92" /><ent r="3" t="28" w="223" /><ent r="3" t="28" w="223" /><ent r="3" t="31" w="340" /><ent r="3" t="31" w="340" /></phr><phr n="let"><ent r="3" t="25" w="49" /><ent r="3" t="25" w="49" /></phr></stem><stem n="effect"><phr n="effective"><ent r="3" t="23" w="44" /><ent r="3" t="23" w="44" /></phr><phr n="effect"><ent r="4" t="65" w="561" /><ent r="6" t="73" w="190" /><ent r="6" t="73" w="190" /><ent r="6" t="73" w="340" /><ent r="6" t="73" w="340" /></phr></stem><stem n="innov"><phr n="innovative"><ent r="3" t="23" w="46" /><ent r="3" t="23" w="46" /></phr></stem><stem n="examin"><phr n="examines"><ent r="3" t="23" w="56" /><ent r="3" t="23" w="56" /></phr></stem><stem n="differ"><phr n="different"><ent r="3" t="23" w="58" /><ent r="3" t="23" w="58" /><ent r="3" t="56" w="44" /><ent r="3" t="56" w="44" /><ent r="3" t="77" w="205" /><ent r="3" t="77" w="205" /></phr><phr n="difference"><ent r="3" t="29" w="127" /><ent r="3" t="29" w="127" /><ent r="3" t="34" w="287" /><ent r="3" t="34" w="287" /></phr></stem><stem n="high-level"><phr n="high-level"><ent r="4" t="23" w="66" /><ent r="4" t="23" w="66" /><ent r="3" t="37" w="201" /><ent r="3" t="37" w="201" /></phr></stem><stem n="high"><phr n="high"><ent r="4" t="23" w="66" /><ent r="3" t="37" w="201" /></phr></stem><stem n="consider"><phr n="considerations"><ent r="4" t="23" w="105" /></phr></stem><stem n="acronym"><phr n="acronyms"><ent r="1000" t="24" w="3" /><ent r="1000" t="24" w="3" /><ent r="102" t="24" w="7" /><ent r="102" t="24" w="7" /></phr></stem><stem n="expir"><phr n="Expiration"><ent r="4" t="24" w="9" /><ent r="4" t="24" w="9" /></phr></stem><stem n="concept"><phr n="concept"><ent r="3" t="24" w="12" /><ent r="3" t="24" w="12" /></phr></stem><stem n="sai"><phr n="says"><ent r="3" t="24" w="14" /><ent r="3" t="24" w="14" /></phr></stem><stem n="certain"><phr n="certain"><ent r="3" t="24" w="18" /><ent r="3" t="24" w="18" /></phr></stem><stem n="period"><phr n="period"><ent r="3" t="24" w="19" /><ent r="3" t="24" w="19" /><ent r="3" t="45" w="49" /><ent r="3" t="45" w="49" /></phr></stem><stem n="pass"><phr n="passes"><ent r="3" t="24" w="22" /><ent r="3" t="24" w="22" /></phr><phr n="pass"><ent r="3" t="27" w="488" /><ent r="3" t="27" w="488" /><ent r="3" t="28" w="407" /><ent r="3" t="28" w="407" /><ent r="3" t="29" w="131" /><ent r="3" t="29" w="131" /><ent r="3" t="31" w="412" /><ent r="3" t="31" w="412" /></phr><phr n="passed"><ent r="3" t="28" w="93" /><ent r="3" t="28" w="93" /><ent r="3" t="34" w="207" /><ent r="3" t="34" w="207" /><ent r="3" t="56" w="69" /><ent r="3" t="56" w="69" /><ent r="4" t="58" w="111" /><ent r="4" t="58" w="111" /><ent r="3" t="62" w="101" /><ent r="3" t="62" w="101" /></phr><phr n="passing"><ent r="3" t="28" w="358" /><ent r="3" t="28" w="358" /></phr></stem><stem n="abil"><phr n="ability"><ent r="3" t="24" w="30" /><ent r="3" t="24" w="30" /><ent r="3" t="26" w="17" /><ent r="3" t="26" w="17" /><ent r="3" t="26" w="87" /><ent r="3" t="26" w="87" /><ent r="3" t="26" w="117" /><ent r="3" t="26" w="117" /><ent r="3" t="29" w="163" /><ent r="3" t="29" w="163" /><ent r="3" t="37" w="285" /><ent r="3" t="37" w="285" /><ent r="3" t="42" w="8" /><ent r="3" t="42" w="8" /><ent r="3" t="44" w="36" /><ent r="3" t="44" w="36" /><ent r="3" t="45" w="157" /><ent r="3" t="45" w="157" /><ent r="3" t="45" w="176" /><ent r="3" t="45" w="176" /><ent r="3" t="49" w="122" /><ent r="3" t="49" w="122" /></phr></stem><stem n="end"><phr n="end"><ent r="3" t="24" w="43" /><ent r="3" t="27" w="662" /><ent r="3" t="27" w="662" /><ent r="3" t="35" w="498" /><ent r="3" t="64" w="254" /><ent r="3" t="64" w="254" /><ent r="3" t="65" w="218" /><ent r="3" t="65" w="218" /><ent r="3" t="65" w="428" /><ent r="3" t="65" w="428" /><ent r="3" t="65" w="499" /><ent r="3" t="65" w="499" /></phr></stem><stem n="parent"><phr n="parent"><ent r="3" t="24" w="58" /><ent r="3" t="24" w="58" /><ent r="3" t="25" w="56" /><ent r="3" t="25" w="56" /><ent r="3" t="28" w="62" /><ent r="3" t="28" w="62" /><ent r="3" t="29" w="262" /><ent r="3" t="29" w="262" /><ent r="3" t="31" w="167" /><ent r="3" t="31" w="167" /><ent r="92" t="31" w="532" /><ent r="92" t="31" w="532" /><ent r="3" t="31" w="549" /><ent r="3" t="31" w="549" /><ent r="3" t="31" w="604" /><ent r="3" t="31" w="604" /><ent r="3" t="31" w="629" /><ent r="3" t="31" w="629" /><ent r="3" t="31" w="644" /><ent r="3" t="31" w="644" /><ent r="3" t="31" w="648" /><ent r="3" t="31" w="648" /><ent r="3" t="31" w="660" /><ent r="3" t="31" w="660" /><ent r="3" t="31" w="715" /><ent r="3" t="31" w="715" /><ent r="3" t="31" w="764" /><ent r="3" t="31" w="764" /><ent r="3" t="32" w="90" /><ent r="3" t="32" w="90" /><ent r="3" t="34" w="149" /><ent r="3" t="34" w="149" /><ent r="3" t="34" w="253" /><ent r="3" t="34" w="253" /><ent r="3" t="49" w="46" /></phr><phr n="parents"><ent r="3" t="65" w="262" /><ent r="3" t="65" w="262" /></phr></stem><stem n="publish"><phr n="Publisher"><ent r="3" t="24" w="59" /></phr></stem><stem n="master"><phr n="master"><ent r="3" t="24" w="63" /><ent r="3" t="24" w="63" /><ent r="4" t="61" w="336" /><ent r="4" t="61" w="336" /><ent r="4" t="61" w="339" /><ent r="4" t="61" w="431" /><ent r="4" t="61" w="431" /><ent r="3" t="61" w="443" /><ent r="4" t="61" w="463" /><ent r="4" t="61" w="463" /><ent r="3" t="61" w="485" /><ent r="4" t="69" w="335" /><ent r="4" t="69" w="335" /><ent r="4" t="69" w="356" /><ent r="4" t="69" w="356" /><ent r="4" t="69" w="370" /><ent r="4" t="69" w="370" /></phr><phr n="Master"><ent r="3" t="61" w="476" /><ent r="3" t="61" w="476" /></phr></stem><stem n="ultim"><phr n="ultimate"><ent r="3" t="24" w="75" /><ent r="3" t="24" w="75" /></phr></stem><stem n="famili"><phr n="family"><ent r="3" t="24" w="80" /><ent r="3" t="24" w="80" /><ent r="3" t="24" w="91" /><ent r="4" t="24" w="270" /><ent r="4" t="24" w="270" /></phr></stem><stem n="scenario"><phr n="scenario"><ent r="3" t="24" w="81" /><ent r="3" t="49" w="186" /></phr></stem><stem n="child"><phr n="child"><ent r="3" t="24" w="110" /><ent r="3" t="24" w="110" /></phr></stem><stem n="subscrib"><phr n="Subscriber"><ent r="3" t="24" w="111" /></phr></stem><stem n="wai"><phr n="way"><ent r="3" t="24" w="175" /><ent r="3" t="24" w="175" /><ent r="3" t="27" w="333" /><ent r="3" t="27" w="333" /><ent r="3" t="27" w="594" /><ent r="3" t="27" w="594" /><ent r="3" t="27" w="728" /><ent r="3" t="27" w="728" /><ent r="3" t="29" w="106" /><ent r="3" t="29" w="106" /><ent r="3" t="29" w="115" /><ent r="3" t="29" w="115" /><ent r="3" t="29" w="195" /><ent r="3" t="29" w="195" /><ent r="3" t="29" w="441" /><ent r="3" t="29" w="441" /><ent r="3" t="31" w="433" /><ent r="3" t="31" w="433" /><ent r="3" t="31" w="514" /><ent r="3" t="31" w="514" /><ent r="3" t="35" w="244" /><ent r="3" t="35" w="244" /><ent r="3" t="38" w="383" /></phr><phr n="ways"><ent r="3" t="25" w="356" /><ent r="3" t="56" w="40" /></phr></stem><stem n="abstract"><phr n="abstracted"><ent r="3" t="24" w="176" /><ent r="3" t="24" w="176" /></phr><phr n="abstract"><ent r="3" t="39" w="302" /><ent r="3" t="39" w="302" /><ent r="3" t="48" w="226" /><ent r="3" t="48" w="226" /></phr></stem><stem n="subscript"><phr n="Subscription"><ent r="4" t="24" w="182" /><ent r="4" t="24" w="182" /><ent r="3" t="24" w="195" /><ent r="3" t="24" w="195" /><ent r="3" t="49" w="135" /><ent r="3" t="49" w="135" /></phr><phr n="subscription"><ent r="3" t="24" w="227" /><ent r="3" t="24" w="227" /><ent r="3" t="24" w="235" /><ent r="3" t="24" w="235" /><ent r="3" t="24" w="249" /><ent r="3" t="24" w="249" /></phr></stem></index>