<?xml version="1.0" encoding="utf-8"?><index><stem n="open"><phr n="opens"><ent r="4" t="0" w="285" /><ent r="4" t="0" w="285" /><ent r="7" t="3" w="223" /><ent r="7" t="3" w="223" /><ent r="7" t="80" w="224" /><ent r="7" t="80" w="224" /></phr><phr n="opened"><ent r="7" t="3" w="168" /><ent r="7" t="3" w="168" /><ent r="7" t="80" w="169" /><ent r="7" t="80" w="169" /></phr><phr n="Open"><ent r="5" t="3" w="1053" /><ent r="5" t="3" w="1053" /><ent r="7" t="17" w="108" /><ent r="7" t="17" w="108" /><ent r="4" t="39" w="462" /><ent r="4" t="39" w="462" /><ent r="3" t="39" w="492" /><ent r="3" t="39" w="492" /><ent r="4" t="67" w="90" /><ent r="4" t="67" w="90" /><ent r="4" t="68" w="129" /><ent r="4" t="68" w="129" /><ent r="4" t="69" w="104" /><ent r="4" t="69" w="104" /></phr><phr n="opening"><ent r="6" t="7" w="1071" /><ent r="6" t="7" w="1071" /></phr><phr n="open"><ent r="3" t="16" w="55" /><ent r="7" t="17" w="118" /><ent r="7" t="17" w="118" /><ent r="3" t="39" w="501" /><ent r="3" t="39" w="501" /><ent r="4" t="67" w="156" /><ent r="4" t="67" w="156" /><ent r="4" t="68" w="149" /><ent r="4" t="68" w="149" /><ent r="4" t="77" w="32" /></phr></stem><stem n="pdf"><phr n="PDF"><ent r="4" t="0" w="287" /><ent r="4" t="0" w="287" /></phr></stem><stem n="if"><phr n="If"><ent r="4" t="0" w="290" /><ent r="4" t="0" w="290" /><ent r="3" t="2" w="241" /><ent r="3" t="2" w="241" /><ent r="3" t="2" w="281" /><ent r="3" t="2" w="281" /><ent r="3" t="2" w="356" /><ent r="3" t="2" w="356" /><ent r="7" t="3" w="166" /><ent r="7" t="3" w="166" /><ent r="7" t="3" w="414" /><ent r="7" t="3" w="414" /><ent r="6" t="3" w="554" /><ent r="6" t="3" w="554" /><ent r="6" t="3" w="565" /><ent r="6" t="3" w="565" /><ent r="3" t="3" w="980" /><ent r="3" t="3" w="980" /><ent r="6" t="18" w="116" /><ent r="6" t="18" w="116" /><ent r="6" t="18" w="155" /><ent r="6" t="18" w="155" /><ent r="6" t="18" w="193" /><ent r="6" t="18" w="193" /><ent r="6" t="18" w="231" /><ent r="6" t="18" w="231" /><ent r="3" t="19" w="19" /><ent r="3" t="19" w="19" /><ent r="3" t="20" w="13" /><ent r="3" t="20" w="13" /><ent r="3" t="21" w="9" /><ent r="3" t="21" w="9" /><ent r="3" t="22" w="7" /><ent r="3" t="22" w="7" /><ent r="3" t="27" w="396" /><ent r="3" t="27" w="396" /><ent r="3" t="27" w="545" /><ent r="3" t="27" w="545" /><ent r="3" t="28" w="95" /><ent r="3" t="28" w="95" /><ent r="3" t="31" w="557" /><ent r="3" t="31" w="557" /><ent r="3" t="31" w="695" /><ent r="3" t="31" w="695" /><ent r="3" t="34" w="77" /><ent r="3" t="34" w="77" /><ent r="3" t="34" w="319" /><ent r="3" t="34" w="319" /><ent r="3" t="35" w="199" /><ent r="3" t="35" w="199" /><ent r="3" t="50" w="211" /><ent r="3" t="50" w="211" /><ent r="4" t="52" w="102" /><ent r="4" t="52" w="102" /><ent r="4" t="53" w="58" /><ent r="4" t="53" w="58" /><ent r="3" t="64" w="135" /><ent r="3" t="64" w="135" /><ent r="3" t="64" w="240" /><ent r="3" t="64" w="240" /><ent r="3" t="65" w="132" /><ent r="3" t="65" w="132" /><ent r="3" t="65" w="172" /><ent r="3" t="65" w="172" /><ent r="3" t="65" w="241" /><ent r="3" t="65" w="241" /><ent r="3" t="65" w="334" /><ent r="3" t="65" w="334" /><ent r="3" t="65" w="348" /><ent r="3" t="65" w="348" /><ent r="3" t="65" w="400" /><ent r="3" t="65" w="400" /><ent r="3" t="65" w="411" /><ent r="3" t="65" w="411" /><ent r="3" t="65" w="457" /><ent r="3" t="65" w="457" /><ent r="3" t="65" w="489" /><ent r="3" t="65" w="489" /><ent r="4" t="65" w="526" /><ent r="4" t="65" w="526" /><ent r="3" t="69" w="168" /><ent r="3" t="69" w="168" /><ent r="3" t="69" w="234" /><ent r="3" t="69" w="234" /><ent r="3" t="69" w="340" /><ent r="3" t="69" w="340" /><ent r="4" t="69" w="352" /><ent r="4" t="69" w="352" /><ent r="4" t="69" w="379" /><ent r="4" t="69" w="379" /><ent r="4" t="77" w="134" /><ent r="4" t="77" w="134" /><ent r="4" t="78" w="147" /><ent r="4" t="78" w="147" /><ent r="3" t="79" w="59" /><ent r="3" t="79" w="59" /><ent r="7" t="80" w="166" /><ent r="7" t="80" w="166" /><ent r="7" t="80" w="431" /><ent r="7" t="80" w="431" /><ent r="6" t="80" w="558" /><ent r="6" t="80" w="558" /><ent r="6" t="80" w="569" /><ent r="6" t="80" w="569" /></phr><phr n="if"><ent r="8" t="3" w="504" /><ent r="8" t="3" w="504" /><ent r="3" t="15" w="182" /><ent r="3" t="15" w="182" /><ent r="3" t="26" w="208" /><ent r="3" t="26" w="208" /><ent r="3" t="27" w="285" /><ent r="3" t="27" w="285" /><ent r="3" t="27" w="751" /><ent r="3" t="27" w="751" /><ent r="3" t="28" w="120" /><ent r="3" t="28" w="120" /><ent r="3" t="28" w="261" /><ent r="3" t="28" w="261" /><ent r="3" t="28" w="448" /><ent r="3" t="28" w="448" /><ent r="3" t="28" w="614" /><ent r="3" t="28" w="614" /><ent r="3" t="29" w="416" /><ent r="3" t="29" w="416" /><ent r="3" t="29" w="431" /><ent r="3" t="29" w="431" /><ent r="3" t="31" w="139" /><ent r="3" t="31" w="139" /><ent r="3" t="34" w="56" /><ent r="3" t="34" w="56" /><ent r="3" t="34" w="419" /><ent r="3" t="34" w="419" /><ent r="3" t="35" w="293" /><ent r="3" t="35" w="293" /><ent r="3" t="35" w="476" /><ent r="3" t="35" w="476" /><ent r="3" t="50" w="115" /><ent r="3" t="50" w="115" /><ent r="3" t="50" w="322" /><ent r="3" t="50" w="322" /><ent r="3" t="52" w="121" /><ent r="3" t="52" w="121" /><ent r="3" t="52" w="150" /><ent r="3" t="52" w="150" /><ent r="5" t="52" w="210" /><ent r="5" t="52" w="210" /><ent r="4" t="53" w="196" /><ent r="6" t="53" w="201" /><ent r="5" t="55" w="189" /><ent r="5" t="55" w="189" /><ent r="3" t="61" w="395" /><ent r="3" t="61" w="395" /><ent r="3" t="66" w="41" /><ent r="3" t="66" w="41" /><ent r="3" t="77" w="189" /><ent r="3" t="77" w="189" /><ent r="4" t="78" w="130" /><ent r="4" t="78" w="130" /><ent r="8" t="80" w="508" /><ent r="8" t="80" w="508" /></phr></stem><stem n="sure"><phr n="sure"><ent r="4" t="0" w="294" /><ent r="4" t="0" w="294" /><ent r="3" t="31" w="670" /><ent r="3" t="31" w="670" /></phr></stem><stem n="learn"><phr n="Learning"><ent r="65" t="0" w="299" /><ent r="65" t="0" w="299" /><ent r="1000" t="18" w="1" /><ent r="1000" t="18" w="1" /><ent r="102" t="18" w="4" /><ent r="102" t="18" w="4" /><ent r="3" t="18" w="8" /><ent r="3" t="18" w="8" /><ent r="3" t="18" w="36" /><ent r="3" t="18" w="36" /><ent r="92" t="18" w="48" /><ent r="92" t="18" w="48" /><ent r="4" t="18" w="51" /><ent r="4" t="18" w="51" /><ent r="67" t="18" w="183" /><ent r="67" t="18" w="183" /><ent r="67" t="18" w="224" /><ent r="67" t="18" w="224" /><ent r="3" t="19" w="50" /><ent r="3" t="19" w="50" /><ent r="82" t="19" w="96" /><ent r="82" t="19" w="96" /><ent r="82" t="19" w="128" /><ent r="82" t="19" w="128" /><ent r="1000" t="20" w="1" /><ent r="1000" t="20" w="1" /><ent r="102" t="20" w="6" /><ent r="102" t="20" w="6" /><ent r="3" t="20" w="39" /><ent r="3" t="20" w="39" /><ent r="82" t="20" w="73" /><ent r="82" t="20" w="73" /><ent r="82" t="20" w="91" /><ent r="82" t="20" w="91" /><ent r="1000" t="21" w="1" /><ent r="1000" t="21" w="1" /><ent r="102" t="21" w="5" /><ent r="102" t="21" w="5" /><ent r="3" t="21" w="34" /><ent r="3" t="21" w="34" /><ent r="82" t="21" w="58" /><ent r="82" t="21" w="58" /><ent r="3" t="22" w="17" /><ent r="3" t="22" w="17" /></phr><phr n="learning"><ent r="6" t="18" w="152" /><ent r="6" t="18" w="152" /><ent r="6" t="18" w="190" /><ent r="6" t="18" w="190" /><ent r="6" t="18" w="228" /><ent r="6" t="18" w="228" /><ent r="6" t="18" w="247" /><ent r="6" t="18" w="247" /></phr><phr n="learn"><ent r="6" t="18" w="206" /><ent r="6" t="18" w="206" /></phr></stem><stem n="path"><phr n="Paths"><ent r="65" t="0" w="300" /><ent r="65" t="0" w="300" /><ent r="1000" t="18" w="2" /><ent r="1000" t="18" w="2" /><ent r="102" t="18" w="5" /><ent r="102" t="18" w="5" /><ent r="3" t="18" w="9" /><ent r="3" t="18" w="9" /><ent r="3" t="18" w="37" /><ent r="3" t="18" w="37" /><ent r="92" t="18" w="49" /><ent r="92" t="18" w="49" /><ent r="4" t="18" w="52" /><ent r="4" t="18" w="52" /></phr><phr n="Path"><ent r="7" t="5" w="137" /><ent r="7" t="5" w="137" /><ent r="3" t="19" w="51" /><ent r="3" t="19" w="51" /><ent r="3" t="20" w="40" /><ent r="3" t="21" w="35" /><ent r="3" t="22" w="18" /></phr><phr n="paths"><ent r="3" t="8" w="122" /><ent r="3" t="8" w="122" /></phr><phr n="path"><ent r="3" t="15" w="160" /><ent r="3" t="15" w="160" /><ent r="4" t="15" w="259" /><ent r="4" t="15" w="259" /><ent r="4" t="15" w="305" /><ent r="4" t="15" w="305" /><ent r="3" t="16" w="129" /><ent r="3" t="16" w="129" /><ent r="4" t="18" w="113" /><ent r="4" t="18" w="113" /><ent r="6" t="18" w="153" /><ent r="6" t="18" w="191" /><ent r="6" t="18" w="229" /><ent r="6" t="18" w="248" /><ent r="3" t="19" w="65" /><ent r="3" t="19" w="65" /><ent r="93" t="19" w="94" /><ent r="93" t="19" w="94" /><ent r="3" t="20" w="42" /><ent r="3" t="20" w="42" /><ent r="93" t="20" w="71" /><ent r="93" t="20" w="71" /><ent r="3" t="21" w="37" /><ent r="3" t="21" w="37" /><ent r="93" t="21" w="56" /><ent r="93" t="21" w="56" /><ent r="3" t="22" w="20" /><ent r="3" t="22" w="20" /><ent r="93" t="22" w="50" /><ent r="93" t="22" w="50" /><ent r="4" t="61" w="174" /><ent r="4" t="61" w="174" /><ent r="4" t="61" w="183" /><ent r="4" t="63" w="133" /><ent r="4" t="63" w="133" /><ent r="4" t="63" w="148" /><ent r="3" t="64" w="286" /><ent r="3" t="64" w="286" /><ent r="3" t="64" w="297" /><ent r="3" t="64" w="297" /><ent r="3" t="64" w="303" /></phr></stem><stem n="determin"><phr n="determine"><ent r="4" t="0" w="304" /><ent r="4" t="0" w="304" /><ent r="7" t="3" w="181" /><ent r="7" t="3" w="181" /><ent r="3" t="8" w="116" /><ent r="3" t="8" w="116" /><ent r="3" t="14" w="12" /><ent r="3" t="14" w="12" /><ent r="3" t="28" w="226" /><ent r="3" t="28" w="226" /><ent r="3" t="29" w="382" /><ent r="3" t="29" w="382" /><ent r="3" t="29" w="444" /><ent r="3" t="29" w="444" /><ent r="3" t="56" w="92" /><ent r="3" t="56" w="92" /><ent r="7" t="80" w="182" /><ent r="7" t="80" w="182" /></phr></stem><stem n="depend"><phr n="depending"><ent r="4" t="0" w="308" /><ent r="4" t="0" w="308" /><ent r="3" t="25" w="180" /><ent r="3" t="25" w="180" /></phr><phr n="depend"><ent r="3" t="2" w="152" /><ent r="3" t="2" w="152" /></phr><phr n="Dependencies"><ent r="92" t="2" w="263" /><ent r="92" t="2" w="263" /><ent r="92" t="36" w="154" /><ent r="92" t="36" w="154" /></phr><phr n="dependant"><ent r="3" t="2" w="272" /><ent r="3" t="2" w="272" /></phr><phr n="dependent"><ent r="3" t="2" w="290" /><ent r="3" t="2" w="290" /></phr><phr n="dependencies"><ent r="3" t="2" w="317" /><ent r="3" t="2" w="317" /><ent r="3" t="2" w="333" /><ent r="3" t="2" w="333" /></phr><phr n="depends"><ent r="3" t="16" w="136" /><ent r="3" t="16" w="136" /><ent r="7" t="17" w="902" /><ent r="7" t="17" w="902" /><ent r="3" t="36" w="159" /><ent r="3" t="36" w="159" /><ent r="6" t="75" w="222" /><ent r="6" t="75" w="222" /><ent r="6" t="75" w="361" /><ent r="6" t="75" w="361" /></phr></stem><stem n="level"><phr n="level"><ent r="4" t="0" w="311" /><ent r="4" t="0" w="311" /><ent r="3" t="13" w="46" /><ent r="3" t="13" w="46" /><ent r="3" t="13" w="60" /><ent r="3" t="13" w="117" /><ent r="4" t="18" w="97" /><ent r="4" t="18" w="97" /><ent r="4" t="23" w="67" /><ent r="3" t="27" w="529" /><ent r="3" t="27" w="529" /><ent r="92" t="31" w="726" /><ent r="92" t="31" w="726" /><ent r="3" t="31" w="807" /><ent r="3" t="31" w="807" /><ent r="3" t="32" w="83" /><ent r="3" t="32" w="83" /><ent r="3" t="37" w="202" /><ent r="3" t="37" w="240" /><ent r="3" t="37" w="240" /><ent r="3" t="37" w="359" /><ent r="5" t="38" w="114" /><ent r="3" t="39" w="367" /><ent r="3" t="39" w="367" /><ent r="92" t="39" w="427" /><ent r="3" t="46" w="33" /><ent r="3" t="46" w="33" /><ent r="92" t="48" w="398" /><ent r="3" t="65" w="77" /><ent r="3" t="65" w="77" /><ent r="3" t="65" w="250" /><ent r="3" t="65" w="250" /><ent r="3" t="65" w="317" /><ent r="3" t="65" w="317" /></phr><phr n="Level"><ent r="3" t="44" w="11" /><ent r="3" t="44" w="11" /></phr></stem><stem n="familiar"><phr n="familiarity"><ent r="4" t="0" w="313" /><ent r="4" t="0" w="313" /></phr><phr n="familiar"><ent r="6" t="18" w="158" /><ent r="6" t="18" w="158" /><ent r="6" t="18" w="196" /><ent r="6" t="18" w="196" /><ent r="3" t="20" w="16" /><ent r="3" t="20" w="16" /><ent r="3" t="21" w="12" /><ent r="3" t="21" w="12" /></phr></stem><stem n="introduct"><phr n="Introduction"><ent r="1000" t="1" w="1" /><ent r="1000" t="1" w="1" /><ent r="67" t="18" w="141" /><ent r="67" t="18" w="141" /><ent r="1000" t="19" w="1" /><ent r="1000" t="19" w="1" /><ent r="102" t="19" w="8" /><ent r="102" t="19" w="8" /><ent r="1000" t="23" w="1" /><ent r="1000" t="23" w="1" /><ent r="102" t="23" w="3" /><ent r="102" t="23" w="3" /><ent r="1000" t="51" w="3" /><ent r="1000" t="51" w="3" /><ent r="102" t="51" w="7" /><ent r="102" t="51" w="7" /></phr></stem><stem n="overview"><phr n="overview"><ent r="100" t="1" w="4" /><ent r="100" t="1" w="4" /><ent r="4" t="23" w="108" /><ent r="4" t="23" w="108" /><ent r="1000" t="26" w="3" /><ent r="1000" t="26" w="3" /><ent r="102" t="26" w="7" /><ent r="102" t="26" w="7" /><ent r="1000" t="36" w="2" /><ent r="1000" t="36" w="2" /><ent r="102" t="36" w="5" /><ent r="102" t="36" w="5" /><ent r="1000" t="40" w="4" /><ent r="1000" t="40" w="4" /><ent r="102" t="40" w="9" /><ent r="102" t="40" w="9" /><ent r="1000" t="44" w="2" /><ent r="1000" t="44" w="2" /><ent r="102" t="44" w="5" /><ent r="102" t="44" w="5" /><ent r="1000" t="45" w="4" /><ent r="1000" t="45" w="4" /><ent r="102" t="45" w="9" /><ent r="102" t="45" w="9" /><ent r="1000" t="49" w="2" /><ent r="1000" t="49" w="2" /><ent r="102" t="49" w="5" /><ent r="102" t="49" w="5" /><ent r="1000" t="76" w="4" /><ent r="1000" t="76" w="4" /><ent r="102" t="76" w="9" /><ent r="102" t="76" w="9" /></phr></stem><stem n="contain"><phr n="contains"><ent r="3" t="1" w="23" /><ent r="3" t="1" w="23" /><ent r="4" t="1" w="128" /><ent r="4" t="1" w="128" /><ent r="3" t="9" w="26" /><ent r="3" t="9" w="26" /><ent r="3" t="9" w="122" /><ent r="3" t="9" w="122" /><ent r="3" t="10" w="17" /><ent r="3" t="10" w="17" /><ent r="3" t="11" w="38" /><ent r="3" t="11" w="38" /><ent r="4" t="15" w="277" /><ent r="4" t="15" w="277" /><ent r="4" t="15" w="325" /><ent r="4" t="15" w="325" /><ent r="4" t="15" w="341" /><ent r="4" t="15" w="341" /><ent r="4" t="15" w="361" /><ent r="4" t="15" w="361" /><ent r="4" t="15" w="371" /><ent r="4" t="15" w="371" /><ent r="4" t="15" w="383" /><ent r="4" t="15" w="383" /><ent r="4" t="15" w="477" /><ent r="4" t="15" w="477" /><ent r="4" t="15" w="524" /><ent r="4" t="15" w="524" /><ent r="4" t="15" w="550" /><ent r="4" t="15" w="550" /><ent r="4" t="15" w="568" /><ent r="4" t="15" w="568" /><ent r="4" t="15" w="587" /><ent r="4" t="15" w="587" /><ent r="4" t="15" w="629" /><ent r="4" t="15" w="629" /><ent r="4" t="15" w="666" /><ent r="4" t="15" w="666" /><ent r="4" t="15" w="689" /><ent r="4" t="15" w="689" /><ent r="4" t="15" w="701" /><ent r="4" t="15" w="701" /><ent r="4" t="15" w="723" /><ent r="4" t="15" w="723" /><ent r="4" t="15" w="735" /><ent r="4" t="15" w="735" /><ent r="4" t="15" w="750" /><ent r="4" t="15" w="750" /><ent r="4" t="15" w="762" /><ent r="4" t="15" w="762" /><ent r="3" t="37" w="87" /><ent r="3" t="37" w="87" /><ent r="3" t="37" w="127" /><ent r="3" t="37" w="127" /><ent r="4" t="37" w="447" /><ent r="4" t="37" w="447" /><ent r="4" t="37" w="459" /><ent r="4" t="37" w="459" /><ent r="4" t="37" w="485" /><ent r="4" t="37" w="485" /><ent r="3" t="38" w="204" /><ent r="3" t="38" w="204" /><ent r="3" t="38" w="282" /><ent r="3" t="38" w="282" /><ent r="3" t="38" w="394" /><ent r="3" t="38" w="394" /><ent r="4" t="41" w="145" /><ent r="4" t="41" w="145" /><ent r="3" t="42" w="55" /><ent r="3" t="42" w="55" /><ent r="4" t="46" w="53" /><ent r="4" t="46" w="53" /><ent r="4" t="46" w="89" /><ent r="4" t="46" w="89" /><ent r="4" t="46" w="127" /><ent r="4" t="46" w="127" /><ent r="3" t="51" w="12" /><ent r="3" t="51" w="12" /><ent r="3" t="52" w="37" /><ent r="3" t="52" w="37" /></phr><phr n="contained"><ent r="3" t="1" w="96" /><ent r="3" t="1" w="96" /><ent r="3" t="15" w="218" /><ent r="3" t="15" w="218" /><ent r="3" t="37" w="49" /><ent r="3" t="37" w="49" /><ent r="3" t="49" w="98" /><ent r="3" t="49" w="98" /></phr><phr n="contain"><ent r="3" t="15" w="211" /><ent r="3" t="15" w="211" /><ent r="3" t="24" w="197" /><ent r="3" t="24" w="197" /><ent r="3" t="29" w="273" /><ent r="3" t="29" w="273" /><ent r="3" t="37" w="160" /><ent r="3" t="37" w="160" /><ent r="3" t="37" w="436" /><ent r="3" t="37" w="436" /><ent r="3" t="46" w="41" /><ent r="3" t="46" w="41" /><ent r="3" t="62" w="29" /><ent r="3" t="62" w="29" /><ent r="6" t="73" w="98" /><ent r="6" t="73" w="98" /><ent r="6" t="73" w="129" /><ent r="6" t="73" w="129" /><ent r="6" t="73" w="304" /><ent r="6" t="73" w="304" /><ent r="7" t="81" w="78" /><ent r="7" t="81" w="78" /><ent r="7" t="81" w="91" /><ent r="7" t="81" w="91" /><ent r="7" t="81" w="113" /><ent r="7" t="81" w="113" /><ent r="7" t="81" w="134" /><ent r="7" t="81" w="134" /></phr><phr n="containing"><ent r="4" t="25" w="385" /><ent r="4" t="25" w="385" /><ent r="3" t="60" w="78" /><ent r="3" t="60" w="78" /><ent r="4" t="63" w="245" /><ent r="4" t="63" w="245" /><ent r="3" t="64" w="60" /><ent r="3" t="64" w="60" /><ent r="3" t="64" w="262" /><ent r="3" t="64" w="262" /><ent r="6" t="75" w="66" /><ent r="6" t="75" w="66" /><ent r="7" t="79" w="99" /><ent r="7" t="79" w="99" /><ent r="7" t="79" w="118" /><ent r="7" t="79" w="118" /><ent r="7" t="79" w="142" /><ent r="7" t="79" w="142" /><ent r="7" t="79" w="166" /><ent r="7" t="79" w="166" /></phr><phr n="container"><ent r="4" t="37" w="108" /><ent r="4" t="37" w="108" /></phr></stem><stem n="extens"><phr n="extensive"><ent r="3" t="1" w="25" /><ent r="3" t="1" w="25" /></phr><phr n="extensibility"><ent r="65" t="1" w="195" /><ent r="65" t="1" w="195" /><ent r="1000" t="8" w="2" /><ent r="1000" t="8" w="2" /><ent r="102" t="8" w="10" /><ent r="102" t="8" w="10" /><ent r="1000" t="10" w="2" /><ent r="1000" t="10" w="2" /><ent r="100" t="10" w="8" /><ent r="100" t="10" w="8" /><ent r="102" t="10" w="12" /><ent r="102" t="10" w="12" /><ent r="1000" t="11" w="2" /><ent r="1000" t="11" w="2" /><ent r="100" t="11" w="8" /><ent r="100" t="11" w="8" /><ent r="102" t="11" w="12" /><ent r="102" t="11" w="12" /><ent r="1000" t="12" w="2" /><ent r="1000" t="12" w="2" /><ent r="100" t="12" w="8" /><ent r="100" t="12" w="8" /><ent r="102" t="12" w="12" /><ent r="102" t="12" w="12" /><ent r="3" t="12" w="50" /><ent r="3" t="12" w="50" /><ent r="4" t="82" w="112" /><ent r="4" t="82" w="112" /><ent r="4" t="82" w="129" /><ent r="4" t="82" w="129" /></phr><phr n="Extensive"><ent r="3" t="2" w="381" /><ent r="3" t="2" w="381" /></phr><phr n="Extensibility"><ent r="100" t="8" w="5" /><ent r="100" t="8" w="5" /><ent r="100" t="10" w="5" /><ent r="100" t="10" w="5" /><ent r="100" t="11" w="5" /><ent r="100" t="11" w="5" /><ent r="100" t="12" w="5" /><ent r="100" t="12" w="5" /></phr><phr n="extensible"><ent r="3" t="8" w="18" /><ent r="3" t="8" w="18" /><ent r="3" t="10" w="32" /><ent r="3" t="10" w="32" /><ent r="3" t="37" w="268" /><ent r="3" t="37" w="268" /></phr><phr n="extension"><ent r="5" t="16" w="162" /><ent r="5" t="16" w="162" /></phr></stem><stem n="collect"><phr n="collection"><ent r="3" t="1" w="26" /><ent r="3" t="1" w="26" /><ent r="8" t="3" w="507" /><ent r="8" t="3" w="518" /><ent r="3" t="31" w="457" /><ent r="3" t="31" w="457" /><ent r="3" t="34" w="178" /><ent r="3" t="34" w="178" /><ent r="3" t="34" w="204" /><ent r="3" t="34" w="204" /><ent r="3" t="34" w="342" /><ent r="3" t="34" w="342" /><ent r="3" t="40" w="52" /><ent r="3" t="40" w="52" /><ent r="3" t="51" w="97" /><ent r="3" t="51" w="97" /><ent r="3" t="65" w="131" /><ent r="3" t="65" w="140" /><ent r="3" t="65" w="171" /><ent r="3" t="65" w="191" /><ent r="3" t="65" w="221" /><ent r="3" t="65" w="399" /><ent r="3" t="65" w="431" /><ent r="3" t="65" w="456" /><ent r="3" t="65" w="465" /><ent r="3" t="65" w="465" /><ent r="3" t="65" w="488" /><ent r="3" t="65" w="502" /><ent r="4" t="65" w="519" /><ent r="4" t="65" w="519" /><ent r="8" t="80" w="511" /><ent r="8" t="80" w="522" /></phr><phr n="Collections"><ent r="4" t="2" w="96" /><ent r="4" t="2" w="96" /><ent r="5" t="68" w="171" /><ent r="5" t="82" w="154" /><ent r="5" t="82" w="154" /></phr><phr n="collections"><ent r="8" t="3" w="520" /><ent r="8" t="80" w="524" /></phr></stem><stem n="tool"><phr n="tools"><ent r="3" t="1" w="28" /><ent r="3" t="1" w="28" /><ent r="3" t="1" w="95" /><ent r="3" t="1" w="95" /><ent r="6" t="7" w="1370" /><ent r="6" t="7" w="1370" /><ent r="5" t="14" w="70" /><ent r="5" t="14" w="105" /><ent r="7" t="17" w="938" /><ent r="5" t="17" w="5919" /><ent r="5" t="17" w="5919" /><ent r="7" t="17" w="5929" /><ent r="7" t="17" w="5929" /><ent r="7" t="17" w="5940" /><ent r="7" t="17" w="5952" /><ent r="7" t="17" w="5964" /><ent r="7" t="17" w="5975" /><ent r="7" t="17" w="5987" /><ent r="7" t="17" w="6000" /><ent r="7" t="17" w="6012" /><ent r="7" t="17" w="6026" /><ent r="7" t="17" w="6038" /><ent r="7" t="17" w="6052" /><ent r="7" t="17" w="6067" /><ent r="7" t="17" w="6080" /><ent r="7" t="17" w="6095" /><ent r="7" t="17" w="6110" /><ent r="7" t="17" w="6124" /><ent r="7" t="17" w="6138" /><ent r="7" t="17" w="6158" /><ent r="7" t="17" w="6172" /><ent r="7" t="17" w="6202" /><ent r="7" t="17" w="6215" /><ent r="7" t="17" w="6228" /><ent r="7" t="17" w="6294" /><ent r="7" t="17" w="6309" /><ent r="7" t="17" w="6325" /><ent r="7" t="17" w="6339" /><ent r="7" t="17" w="6353" /><ent r="7" t="17" w="6367" /><ent r="7" t="17" w="6383" /><ent r="7" t="17" w="6396" /><ent r="7" t="17" w="6410" /><ent r="7" t="17" w="6438" /><ent r="7" t="17" w="6449" /><ent r="7" t="17" w="6460" /><ent r="7" t="17" w="6471" /><ent r="7" t="17" w="6485" /><ent r="7" t="17" w="6500" /><ent r="7" t="17" w="6515" /><ent r="7" t="17" w="6531" /><ent r="7" t="17" w="6545" /><ent r="7" t="17" w="6558" /><ent r="7" t="17" w="6571" /></phr><phr n="Tools"><ent r="3" t="15" w="74" /><ent r="3" t="15" w="74" /><ent r="4" t="15" w="287" /><ent r="4" t="15" w="287" /><ent r="4" t="15" w="290" /><ent r="4" t="15" w="290" /><ent r="4" t="15" w="314" /><ent r="6" t="17" w="5911" /><ent r="6" t="17" w="5911" /><ent r="7" t="17" w="5921" /><ent r="7" t="17" w="5921" /><ent r="3" t="68" w="95" /><ent r="3" t="68" w="95" /><ent r="4" t="68" w="198" /><ent r="4" t="68" w="198" /></phr><phr n="tool"><ent r="3" t="43" w="50" /><ent r="3" t="43" w="50" /><ent r="3" t="66" w="21" /><ent r="3" t="66" w="21" /><ent r="4" t="67" w="179" /><ent r="4" t="68" w="47" /><ent r="4" t="68" w="47" /><ent r="3" t="68" w="66" /><ent r="3" t="68" w="66" /><ent r="3" t="68" w="106" /><ent r="3" t="68" w="106" /><ent r="4" t="68" w="183" /><ent r="3" t="68" w="208" /><ent r="3" t="68" w="208" /><ent r="3" t="68" w="224" /><ent r="3" t="68" w="224" /><ent r="4" t="68" w="255" /><ent r="4" t="68" w="255" /><ent r="4" t="69" w="126" /></phr></stem><stem n="build"><phr n="build"><ent r="3" t="1" w="34" /><ent r="3" t="1" w="34" /><ent r="3" t="2" w="40" /><ent r="3" t="2" w="40" /><ent r="3" t="2" w="185" /><ent r="3" t="2" w="185" /><ent r="3" t="2" w="243" /><ent r="3" t="2" w="243" /><ent r="3" t="2" w="283" /><ent r="3" t="2" w="283" /><ent r="3" t="2" w="501" /><ent r="3" t="2" w="501" /><ent r="3" t="2" w="509" /><ent r="3" t="15" w="176" /><ent r="3" t="15" w="176" /><ent r="82" t="19" w="131" /><ent r="82" t="19" w="131" /><ent r="4" t="19" w="142" /><ent r="4" t="19" w="142" /><ent r="82" t="20" w="94" /><ent r="82" t="20" w="94" /><ent r="4" t="20" w="105" /><ent r="4" t="20" w="105" /><ent r="82" t="21" w="61" /><ent r="82" t="21" w="61" /><ent r="4" t="21" w="72" /><ent r="4" t="21" w="72" /><ent r="4" t="37" w="503" /><ent r="4" t="37" w="503" /><ent r="3" t="45" w="229" /><ent r="3" t="45" w="229" /><ent r="4" t="46" w="106" /><ent r="4" t="46" w="106" /><ent r="4" t="61" w="144" /><ent r="4" t="61" w="144" /></phr><phr n="building"><ent r="6" t="18" w="212" /><ent r="6" t="18" w="212" /><ent r="3" t="19" w="78" /><ent r="3" t="19" w="78" /><ent r="3" t="20" w="55" /><ent r="3" t="20" w="55" /><ent r="3" t="21" w="29" /><ent r="3" t="21" w="29" /></phr></stem><stem n="power"><phr n="powerful"><ent r="3" t="1" w="35" /><ent r="3" t="1" w="35" /><ent r="5" t="14" w="41" /><ent r="5" t="14" w="41" /><ent r="5" t="14" w="87" /><ent r="5" t="14" w="87" /></phr></stem><stem n="servic"><phr n="services"><ent r="3" t="1" w="38" /><ent r="3" t="1" w="38" /><ent r="3" t="35" w="138" /><ent r="3" t="35" w="138" /><ent r="4" t="46" w="146" /></phr><phr n="service"><ent r="3" t="4" w="338" /><ent r="3" t="4" w="338" /><ent r="6" t="7" w="1284" /><ent r="6" t="7" w="1284" /><ent r="4" t="46" w="68" /><ent r="4" t="46" w="68" /><ent r="3" t="50" w="141" /><ent r="3" t="50" w="141" /><ent r="3" t="50" w="257" /><ent r="3" t="50" w="257" /><ent r="3" t="72" w="39" /><ent r="3" t="72" w="39" /></phr><phr n="Service"><ent r="7" t="17" w="6910" /><ent r="7" t="17" w="6910" /><ent r="3" t="50" w="139" /></phr></stem><stem n="base"><phr n="based"><ent r="3" t="1" w="39" /><ent r="3" t="1" w="39" /><ent r="3" t="24" w="201" /><ent r="3" t="24" w="201" /><ent r="3" t="37" w="367" /><ent r="3" t="37" w="367" /><ent r="3" t="37" w="386" /><ent r="3" t="37" w="386" /><ent r="3" t="47" w="17" /><ent r="3" t="47" w="17" /><ent r="3" t="48" w="232" /><ent r="3" t="50" w="396" /><ent r="3" t="50" w="396" /><ent r="3" t="50" w="423" /><ent r="3" t="50" w="423" /></phr><phr n="base"><ent r="7" t="17" w="6058" /><ent r="7" t="17" w="6058" /><ent r="4" t="23" w="118" /><ent r="4" t="23" w="118" /><ent r="3" t="28" w="355" /><ent r="3" t="28" w="355" /><ent r="3" t="28" w="379" /><ent r="3" t="35" w="29" /><ent r="3" t="35" w="29" /><ent r="4" t="37" w="225" /><ent r="4" t="37" w="225" /><ent r="3" t="37" w="245" /><ent r="3" t="37" w="245" /><ent r="3" t="37" w="259" /><ent r="3" t="37" w="259" /><ent r="4" t="37" w="487" /><ent r="4" t="37" w="487" /><ent r="3" t="39" w="55" /><ent r="3" t="39" w="55" /><ent r="3" t="39" w="81" /><ent r="3" t="39" w="81" /><ent r="3" t="39" w="103" /><ent r="3" t="39" w="103" /><ent r="3" t="39" w="150" /><ent r="3" t="39" w="150" /><ent r="3" t="39" w="167" /><ent r="3" t="39" w="167" /><ent r="3" t="39" w="184" /><ent r="3" t="39" w="184" /><ent r="3" t="46" w="19" /><ent r="3" t="46" w="19" /><ent r="4" t="46" w="91" /><ent r="4" t="46" w="91" /><ent r="3" t="48" w="93" /><ent r="3" t="48" w="93" /><ent r="3" t="48" w="118" /><ent r="3" t="48" w="118" /><ent r="3" t="48" w="131" /><ent r="3" t="48" w="131" /><ent r="3" t="48" w="185" /><ent r="3" t="48" w="185" /><ent r="3" t="48" w="227" /><ent r="3" t="48" w="227" /><ent r="3" t="48" w="274" /><ent r="3" t="48" w="274" /><ent r="3" t="48" w="330" /><ent r="3" t="48" w="330" /><ent r="3" t="48" w="344" /><ent r="3" t="48" w="344" /><ent r="3" t="48" w="394" /><ent r="3" t="48" w="394" /><ent r="3" t="61" w="487" /><ent r="5" t="82" w="160" /><ent r="5" t="82" w="160" /></phr><phr n="Base"><ent r="92" t="39" w="139" /><ent r="92" t="39" w="139" /></phr></stem></index>