<?xml version="1.0" encoding="utf-8"?><index><stem n="schema"><phr n="schema"><ent r="3" t="27" w="72" /><ent r="3" t="30" w="43" /><ent r="3" t="49" w="223" /><ent r="3" t="49" w="223" /></phr></stem><stem n="createcustomsubent"><phr n="CreateCustomSubEntity"><ent r="3" t="27" w="75" /><ent r="3" t="27" w="75" /><ent r="3" t="27" w="357" /><ent r="3" t="27" w="357" /></phr></stem><stem n="across"><phr n="across"><ent r="3" t="27" w="112" /><ent r="3" t="27" w="112" /><ent r="3" t="29" w="66" /><ent r="3" t="29" w="66" /><ent r="3" t="39" w="392" /><ent r="3" t="39" w="392" /><ent r="3" t="65" w="50" /><ent r="3" t="65" w="50" /></phr></stem><stem n="someth"><phr n="something"><ent r="3" t="27" w="124" /><ent r="3" t="27" w="124" /></phr></stem><stem n="put"><phr n="put"><ent r="3" t="27" w="134" /><ent r="3" t="27" w="134" /></phr><phr n="puts"><ent r="3" t="53" w="21" /><ent r="3" t="53" w="21" /></phr></stem><stem n="whatev"><phr n="Whatever"><ent r="3" t="27" w="155" /><ent r="3" t="27" w="155" /></phr><phr n="whatever"><ent r="3" t="31" w="105" /><ent r="3" t="31" w="105" /></phr></stem><stem n="next"><phr n="next"><ent r="3" t="27" w="223" /><ent r="3" t="27" w="223" /><ent r="3" t="67" w="206" /><ent r="3" t="67" w="206" /><ent r="3" t="68" w="210" /><ent r="3" t="68" w="210" /><ent r="3" t="69" w="255" /><ent r="3" t="69" w="255" /></phr><phr n="Next"><ent r="3" t="35" w="355" /><ent r="3" t="35" w="355" /></phr></stem><stem n="parentent"><phr n="ParentEntity"><ent r="3" t="27" w="234" /><ent r="3" t="27" w="252" /><ent r="3" t="27" w="252" /></phr></stem><stem n="bitmask"><phr n="bitmask"><ent r="3" t="27" w="238" /><ent r="3" t="27" w="238" /><ent r="3" t="39" w="332" /></phr></stem><stem n="belong"><phr n="belong"><ent r="3" t="27" w="264" /><ent r="3" t="27" w="264" /></phr></stem><stem n="visibl"><phr n="visible"><ent r="3" t="27" w="294" /><ent r="3" t="27" w="294" /></phr><phr n="visibility"><ent r="4" t="39" w="280" /><ent r="4" t="39" w="280" /><ent r="4" t="39" w="284" /><ent r="4" t="39" w="284" /><ent r="4" t="39" w="287" /><ent r="4" t="39" w="287" /></phr></stem><stem n="could"><phr n="could"><ent r="3" t="27" w="326" /><ent r="3" t="27" w="326" /><ent r="3" t="27" w="701" /><ent r="3" t="27" w="701" /><ent r="3" t="29" w="349" /><ent r="3" t="29" w="349" /><ent r="3" t="29" w="378" /><ent r="3" t="29" w="378" /><ent r="3" t="29" w="466" /><ent r="3" t="29" w="466" /></phr></stem><stem n="customentitydescriptor"><phr n="CustomEntityDescriptor"><ent r="3" t="27" w="360" /><ent r="3" t="27" w="362" /><ent r="3" t="27" w="362" /><ent r="3" t="27" w="398" /><ent r="3" t="27" w="398" /><ent r="3" t="27" w="491" /><ent r="3" t="27" w="491" /><ent r="3" t="28" w="83" /><ent r="3" t="28" w="83" /><ent r="3" t="28" w="409" /><ent r="3" t="28" w="409" /><ent r="3" t="29" w="76" /><ent r="3" t="29" w="76" /><ent r="3" t="29" w="137" /><ent r="3" t="29" w="137" /><ent r="3" t="30" w="73" /><ent r="3" t="30" w="73" /></phr><phr n="CustomEntityDescriptors"><ent r="3" t="28" w="150" /></phr></stem><stem n="descriptor"><phr n="descriptor"><ent r="3" t="27" w="378" /><ent r="3" t="27" w="378" /><ent r="3" t="27" w="611" /><ent r="3" t="27" w="611" /><ent r="3" t="28" w="401" /><ent r="3" t="28" w="439" /><ent r="3" t="28" w="469" /><ent r="3" t="28" w="469" /><ent r="3" t="31" w="323" /><ent r="3" t="31" w="323" /><ent r="3" t="31" w="338" /><ent r="3" t="31" w="338" /><ent r="3" t="31" w="397" /><ent r="3" t="31" w="397" /><ent r="3" t="34" w="341" /><ent r="3" t="34" w="341" /><ent r="3" t="35" w="563" /><ent r="4" t="52" w="71" /><ent r="4" t="52" w="71" /><ent r="4" t="52" w="85" /><ent r="4" t="52" w="85" /><ent r="4" t="53" w="50" /><ent r="4" t="53" w="50" /><ent r="5" t="59" w="143" /><ent r="5" t="59" w="143" /></phr><phr n="descriptors"><ent r="3" t="31" w="195" /><ent r="3" t="31" w="195" /><ent r="3" t="31" w="203" /><ent r="3" t="31" w="203" /><ent r="92" t="31" w="221" /><ent r="92" t="31" w="221" /><ent r="3" t="31" w="232" /><ent r="3" t="31" w="232" /><ent r="3" t="31" w="241" /><ent r="3" t="31" w="241" /><ent r="3" t="31" w="264" /><ent r="3" t="31" w="264" /><ent r="4" t="52" w="62" /><ent r="4" t="53" w="41" /></phr></stem><stem n="null"><phr n="null"><ent r="3" t="27" w="403" /><ent r="3" t="27" w="403" /><ent r="3" t="27" w="755" /><ent r="3" t="28" w="107" /><ent r="3" t="28" w="107" /><ent r="3" t="30" w="80" /><ent r="3" t="30" w="80" /><ent r="4" t="53" w="160" /><ent r="4" t="53" w="198" /><ent r="4" t="53" w="198" /><ent r="4" t="54" w="134" /><ent r="4" t="55" w="170" /><ent r="5" t="59" w="137" /><ent r="3" t="65" w="142" /><ent r="3" t="65" w="142" /><ent r="3" t="65" w="193" /><ent r="3" t="65" w="193" /><ent r="4" t="65" w="532" /><ent r="4" t="65" w="532" /></phr></stem><stem n="didn"><phr n="didn"><ent r="3" t="27" w="407" /></phr></stem><stem n="receiv"><phr n="receive"><ent r="3" t="27" w="409" /><ent r="3" t="27" w="409" /></phr><phr n="receiving"><ent r="4" t="38" w="136" /><ent r="4" t="38" w="136" /><ent r="3" t="50" w="259" /><ent r="3" t="50" w="259" /><ent r="3" t="50" w="268" /><ent r="3" t="50" w="268" /></phr></stem><stem n="api"><phr n="API"><ent r="3" t="27" w="432" /><ent r="3" t="27" w="432" /><ent r="3" t="29" w="149" /><ent r="3" t="76" w="32" /><ent r="3" t="76" w="32" /><ent r="3" t="76" w="56" /><ent r="3" t="76" w="56" /><ent r="4" t="82" w="44" /><ent r="4" t="82" w="44" /><ent r="5" t="82" w="214" /><ent r="5" t="82" w="214" /></phr></stem><stem n="regular"><phr n="regular"><ent r="3" t="27" w="449" /><ent r="3" t="27" w="449" /></phr></stem><stem n="got"><phr n="got"><ent r="3" t="27" w="493" /><ent r="3" t="27" w="493" /></phr></stem><stem n="appli"><phr n="apply"><ent r="3" t="27" w="509" /><ent r="3" t="27" w="509" /><ent r="3" t="27" w="520" /><ent r="3" t="27" w="520" /></phr><phr n="applied"><ent r="3" t="38" w="571" /><ent r="3" t="50" w="87" /><ent r="3" t="50" w="87" /></phr><phr n="applies"><ent r="3" t="44" w="29" /><ent r="3" t="44" w="29" /><ent r="3" t="76" w="53" /><ent r="3" t="76" w="53" /></phr></stem><stem n="alia"><phr n="Alias"><ent r="92" t="27" w="567" /><ent r="92" t="27" w="567" /><ent r="3" t="27" w="591" /><ent r="3" t="27" w="591" /><ent r="3" t="27" w="756" /><ent r="3" t="27" w="756" /><ent r="3" t="27" w="770" /><ent r="3" t="27" w="770" /><ent r="3" t="31" w="492" /></phr><phr n="alias"><ent r="3" t="27" w="586" /><ent r="3" t="27" w="586" /><ent r="3" t="27" w="621" /><ent r="3" t="27" w="621" /><ent r="3" t="27" w="723" /><ent r="3" t="27" w="732" /><ent r="3" t="27" w="734" /><ent r="3" t="27" w="734" /><ent r="3" t="27" w="753" /><ent r="3" t="27" w="753" /><ent r="3" t="31" w="244" /><ent r="3" t="31" w="343" /><ent r="3" t="31" w="343" /><ent r="3" t="31" w="381" /><ent r="3" t="31" w="381" /><ent r="3" t="31" w="500" /><ent r="3" t="31" w="500" /><ent r="3" t="35" w="54" /><ent r="3" t="35" w="54" /><ent r="3" t="35" w="388" /><ent r="3" t="35" w="388" /><ent r="3" t="35" w="465" /><ent r="3" t="35" w="465" /></phr></stem><stem n="programmat"><phr n="programmatically"><ent r="3" t="27" w="607" /><ent r="3" t="27" w="607" /><ent r="3" t="27" w="681" /><ent r="3" t="27" w="681" /></phr></stem><stem n="physic"><phr n="physical"><ent r="3" t="27" w="626" /><ent r="3" t="27" w="626" /><ent r="3" t="27" w="695" /><ent r="3" t="27" w="695" /><ent r="3" t="27" w="766" /><ent r="3" t="27" w="766" /></phr></stem><stem n="reliabl"><phr n="reliably"><ent r="3" t="27" w="646" /><ent r="3" t="27" w="646" /></phr></stem><stem n="fetch"><phr n="fetch"><ent r="3" t="27" w="647" /><ent r="3" t="27" w="647" /></phr></stem><stem n="local"><phr n="localized"><ent r="3" t="27" w="655" /><ent r="3" t="27" w="655" /><ent r="3" t="27" w="705" /><ent r="3" t="65" w="299" /><ent r="3" t="65" w="299" /></phr><phr n="local"><ent r="4" t="46" w="145" /><ent r="4" t="46" w="145" /><ent r="3" t="69" w="45" /><ent r="3" t="69" w="45" /><ent r="4" t="78" w="23" /><ent r="4" t="78" w="23" /></phr></stem><stem n="solv"><phr n="solves"><ent r="3" t="27" w="665" /><ent r="3" t="27" w="665" /></phr></stem><stem n="problem"><phr n="problem"><ent r="3" t="27" w="667" /><ent r="3" t="27" w="667" /></phr><phr n="problems"><ent r="3" t="50" w="439" /><ent r="3" t="50" w="439" /></phr></stem><stem n="be"><phr n="being"><ent r="3" t="27" w="678" /><ent r="3" t="27" w="678" /><ent r="3" t="29" w="428" /><ent r="3" t="29" w="428" /></phr></stem><stem n="abl"><phr n="able"><ent r="3" t="27" w="679" /><ent r="3" t="27" w="679" /><ent r="3" t="31" w="768" /><ent r="3" t="31" w="768" /><ent r="3" t="39" w="132" /><ent r="3" t="39" w="132" /><ent r="3" t="39" w="250" /><ent r="3" t="39" w="250" /><ent r="3" t="39" w="321" /><ent r="3" t="39" w="321" /></phr></stem><stem n="previous"><phr n="Previously"><ent r="3" t="27" w="686" /><ent r="3" t="27" w="686" /></phr><phr n="previously"><ent r="3" t="35" w="102" /><ent r="3" t="35" w="102" /><ent r="3" t="45" w="29" /><ent r="3" t="45" w="29" /></phr></stem><stem n="easiest"><phr n="easiest"><ent r="3" t="27" w="727" /><ent r="3" t="27" w="727" /></phr></stem><stem n="creation"><phr n="creation"><ent r="3" t="27" w="744" /><ent r="3" t="27" w="744" /><ent r="3" t="47" w="31" /><ent r="3" t="47" w="31" /></phr></stem><stem n="behav"><phr n="behaves"><ent r="3" t="27" w="763" /><ent r="3" t="27" w="763" /></phr></stem><stem n="getcustomentitydescriptor"><phr n="GetCustomEntityDescriptor"><ent r="3" t="28" w="79" /><ent r="3" t="28" w="79" /><ent r="3" t="28" w="484" /><ent r="3" t="28" w="484" /></phr></stem><stem n="valid"><phr n="valid"><ent r="3" t="28" w="101" /><ent r="3" t="28" w="101" /></phr><phr n="validation"><ent r="3" t="35" w="481" /><ent r="3" t="35" w="481" /></phr><phr n="validated"><ent r="3" t="35" w="513" /><ent r="3" t="35" w="513" /><ent r="3" t="35" w="527" /><ent r="3" t="35" w="527" /><ent r="3" t="35" w="579" /><ent r="3" t="35" w="579" /></phr><phr n="validates"><ent r="3" t="50" w="204" /><ent r="3" t="50" w="204" /></phr><phr n="validity"><ent r="6" t="75" w="40" /><ent r="6" t="75" w="40" /></phr><phr n="validate"><ent r="3" t="79" w="71" /><ent r="3" t="79" w="71" /><ent r="3" t="79" w="76" /><ent r="3" t="79" w="76" /></phr></stem><stem n="alreadi"><phr n="already"><ent r="3" t="28" w="126" /><ent r="3" t="28" w="126" /><ent r="3" t="38" w="190" /><ent r="3" t="38" w="190" /></phr></stem><stem n="getcustomsubent"><phr n="GetCustomSubEntities"><ent r="3" t="28" w="142" /><ent r="3" t="28" w="142" /><ent r="3" t="28" w="173" /><ent r="3" t="28" w="173" /><ent r="3" t="34" w="240" /><ent r="3" t="34" w="240" /></phr></stem><stem n="getsubentitymanager&lt;t&gt;"><phr n="GetSubEntityManager&lt;T&gt;"><ent r="3" t="28" w="215" /></phr></stem><stem n="don"><phr n="don"><ent r="3" t="28" w="263" /><ent r="3" t="28" w="461" /><ent r="3" t="28" w="587" /></phr></stem><stem n="declar"><phr n="declare"><ent r="3" t="28" w="292" /><ent r="3" t="28" w="292" /><ent r="3" t="28" w="304" /><ent r="3" t="28" w="304" /></phr></stem><stem n="argument"><phr n="argument"><ent r="3" t="28" w="331" /><ent r="3" t="28" w="331" /></phr></stem><stem n="customsubentityinitializationst"><phr n="CustomSubEntityInitializationState"><ent r="3" t="28" w="335" /><ent r="3" t="28" w="345" /><ent r="3" t="28" w="361" /><ent r="3" t="28" w="361" /><ent r="3" t="28" w="376" /><ent r="3" t="28" w="376" /></phr></stem><stem n="just"><phr n="just"><ent r="3" t="28" w="347" /><ent r="3" t="28" w="347" /><ent r="3" t="31" w="29" /><ent r="3" t="31" w="29" /><ent r="3" t="31" w="42" /><ent r="3" t="31" w="42" /><ent r="3" t="31" w="733" /><ent r="3" t="31" w="733" /><ent r="3" t="34" w="271" /><ent r="3" t="34" w="271" /><ent r="3" t="34" w="315" /><ent r="3" t="34" w="315" /><ent r="4" t="67" w="187" /><ent r="4" t="67" w="187" /><ent r="4" t="68" w="191" /><ent r="4" t="68" w="191" /><ent r="4" t="69" w="134" /><ent r="4" t="69" w="134" /></phr><phr n="Just"><ent r="3" t="32" w="41" /><ent r="3" t="32" w="41" /><ent r="3" t="34" w="165" /><ent r="3" t="34" w="165" /><ent r="3" t="34" w="433" /><ent r="3" t="34" w="433" /></phr></stem><stem n="seal"><phr n="sealed"><ent r="3" t="28" w="368" /><ent r="3" t="28" w="368" /></phr></stem><stem n="customsubentitymanager&lt;account&gt;"><phr n="CustomSubEntityManager&lt;Account&gt;"><ent r="3" t="28" w="396" /><ent r="3" t="28" w="396" /></phr></stem><stem n="getsubentitymanager&lt;account&gt;"><phr n="GetSubEntityManager&lt;Account&gt;"><ent r="3" t="28" w="400" /></phr></stem><stem n="getsubentitymanag"><phr n="GetSubEntityManager"><ent r="3" t="28" w="412" /><ent r="3" t="28" w="412" /><ent r="3" t="28" w="424" /><ent r="3" t="28" w="424" /></phr></stem><stem n="thing"><phr n="thing"><ent r="3" t="28" w="451" /><ent r="3" t="28" w="451" /></phr></stem><stem n="logic"><phr n="logic"><ent r="3" t="28" w="482" /><ent r="3" t="28" w="482" /><ent r="3" t="39" w="385" /><ent r="3" t="39" w="385" /><ent r="3" t="39" w="474" /><ent r="3" t="39" w="474" /><ent r="3" t="48" w="433" /><ent r="3" t="48" w="433" /><ent r="4" t="82" w="36" /><ent r="4" t="82" w="36" /><ent r="5" t="82" w="205" /><ent r="5" t="82" w="205" /></phr></stem><stem n="equival"><phr n="equivalent"><ent r="3" t="28" w="508" /><ent r="3" t="28" w="508" /><ent r="3" t="79" w="74" /><ent r="3" t="79" w="74" /></phr></stem><stem n="typic"><phr n="typical"><ent r="3" t="28" w="561" /><ent r="3" t="28" w="561" /></phr></stem><stem n="usag"><phr n="usage"><ent r="3" t="28" w="562" /><ent r="3" t="28" w="562" /></phr></stem><stem n="hold"><phr n="hold"><ent r="3" t="28" w="568" /><ent r="3" t="28" w="568" /></phr></stem><stem n="life"><phr n="life"><ent r="3" t="28" w="581" /><ent r="3" t="28" w="581" /></phr></stem><stem n="keep"><phr n="keep"><ent r="3" t="28" w="597" /><ent r="3" t="28" w="597" /><ent r="3" t="28" w="611" /><ent r="3" t="28" w="611" /><ent r="3" t="50" w="229" /><ent r="3" t="50" w="229" /></phr></stem><stem n="doe"><phr n="does"><ent r="3" t="28" w="601" /><ent r="3" t="28" w="601" /><ent r="3" t="37" w="77" /><ent r="3" t="37" w="77" /><ent r="3" t="65" w="135" /><ent r="3" t="65" w="135" /><ent r="3" t="65" w="460" /><ent r="3" t="65" w="460" /><ent r="3" t="69" w="172" /><ent r="3" t="69" w="172" /><ent r="3" t="69" w="238" /><ent r="3" t="69" w="238" /></phr></stem><stem n="doesn"><phr n="doesn"><ent r="3" t="28" w="609" /></phr></stem><stem n="updatecustomentitydescript"><phr n="UpdateCustomEntityDescription"><ent r="3" t="29" w="28" /><ent r="3" t="29" w="28" /></phr></stem><stem n="updatecustomentitydisplaynam"><phr n="UpdateCustomEntityDisplayName"><ent r="3" t="29" w="46" /><ent r="3" t="29" w="46" /></phr></stem><stem n="ident"><phr n="identical"><ent r="3" t="29" w="112" /><ent r="3" t="29" w="112" /></phr></stem><stem n="notif"><phr n="notification"><ent r="3" t="29" w="230" /><ent r="3" t="29" w="344" /><ent r="3" t="35" w="135" /><ent r="3" t="38" w="264" /><ent r="3" t="38" w="264" /></phr><phr n="notifications"><ent r="4" t="38" w="137" /><ent r="4" t="38" w="137" /></phr></stem><stem n="usual"><phr n="usually"><ent r="3" t="29" w="290" /><ent r="3" t="35" w="572" /><ent r="3" t="35" w="572" /></phr></stem><stem n="veri"><phr n="very"><ent r="3" t="29" w="298" /><ent r="3" t="29" w="298" /></phr></stem><stem n="setrecordidentifi"><phr n="SetRecordIdentifier"><ent r="3" t="29" w="306" /><ent r="3" t="29" w="306" /></phr></stem><stem n="preserv"><phr n="preserved"><ent r="3" t="29" w="322" /><ent r="3" t="29" w="322" /></phr></stem><stem n="pick"><phr n="pick"><ent r="3" t="29" w="371" /><ent r="3" t="29" w="371" /></phr></stem><stem n="mutabl"><phr n="mutable"><ent r="3" t="29" w="394" /><ent r="3" t="29" w="394" /><ent r="3" t="31" w="50" /><ent r="3" t="31" w="50" /><ent r="3" t="31" w="269" /><ent r="3" t="31" w="269" /></phr></stem><stem n="picker"><phr n="picker"><ent r="3" t="29" w="404" /></phr></stem><stem n="even"><phr n="Even"><ent r="3" t="29" w="430" /><ent r="3" t="29" w="430" /></phr><phr n="even"><ent r="3" t="38" w="447" /><ent r="3" t="38" w="447" /><ent r="3" t="45" w="201" /><ent r="3" t="45" w="201" /></phr></stem><stem n="aren"><phr n="aren"><ent r="3" t="29" w="433" /></phr></stem><stem n="deletecustoment"><phr n="DeleteCustomEntity"><ent r="3" t="30" w="18" /><ent r="3" t="30" w="18" /><ent r="3" t="33" w="28" /></phr></stem><stem n="gone"><phr n="gone"><ent r="3" t="30" w="65" /><ent r="3" t="30" w="65" /></phr></stem><stem n="invalid"><phr n="invalid"><ent r="3" t="30" w="85" /><ent r="3" t="30" w="85" /></phr></stem><stem n="destroi"><phr n="destroyed"><ent r="3" t="30" w="89" /></phr></stem><stem n="mutableent"><phr n="MutableEntity"><ent r="3" t="31" w="28" /><ent r="3" t="31" w="28" /></phr><phr n="MutableEntities"><ent r="3" t="31" w="490" /></phr></stem><stem n="createcustoment"><phr n="CreateCustomEntity"><ent r="3" t="31" w="68" /><ent r="3" t="31" w="68" /><ent r="3" t="31" w="154" /><ent r="3" t="31" w="154" /></phr></stem><stem n="strongli"><phr n="strongly"><ent r="3" t="31" w="125" /><ent r="3" t="31" w="125" /><ent r="3" t="34" w="302" /><ent r="3" t="34" w="302" /></phr></stem><stem n="safeti"><phr n="safety"><ent r="3" t="31" w="131" /><ent r="3" t="31" w="131" /></phr></stem><stem n="real"><phr n="real"><ent r="3" t="31" w="245" /><ent r="3" t="31" w="245" /><ent r="3" t="31" w="375" /><ent r="3" t="31" w="375" /><ent r="3" t="45" w="149" /><ent r="3" t="45" w="149" /><ent r="3" t="50" w="378" /><ent r="3" t="50" w="378" /><ent r="3" t="52" w="23" /><ent r="3" t="52" w="23" /></phr><phr n="REAL"><ent r="3" t="72" w="205" /><ent r="3" t="72" w="205" /></phr></stem><stem n="getcustomentityfielddescriptor"><phr n="GetCustomEntityFieldDescriptors"><ent r="3" t="31" w="288" /><ent r="3" t="31" w="288" /></phr><phr n="GetCustomEntityFieldDescriptor"><ent r="3" t="31" w="315" /><ent r="3" t="31" w="315" /><ent r="3" t="31" w="358" /><ent r="3" t="31" w="358" /></phr></stem><stem n="fieldnametyp"><phr n="FieldNameType"><ent r="3" t="31" w="348" /><ent r="3" t="31" w="348" /><ent r="3" t="31" w="491" /></phr></stem><stem n="setvalu"><phr n="SetValue"><ent r="3" t="31" w="402" /><ent r="3" t="31" w="402" /><ent r="3" t="32" w="57" /><ent r="3" t="32" w="57" /><ent r="5" t="57" w="164" /><ent r="6" t="59" w="172" /></phr></stem><stem n="account_typ"><phr n="ACCOUNT_TYPE"><ent r="3" t="31" w="486" /></phr></stem><stem n="least"><phr n="least"><ent r="3" t="31" w="572" /><ent r="3" t="31" w="572" /><ent r="3" t="31" w="713" /><ent r="3" t="31" w="713" /><ent r="3" t="31" w="762" /><ent r="3" t="31" w="762" /><ent r="3" t="34" w="145" /><ent r="3" t="34" w="145" /></phr></stem><stem n="owner"><phr n="owner"><ent r="3" t="31" w="577" /><ent r="3" t="31" w="577" /></phr><phr n="owners"><ent r="3" t="72" w="117" /></phr></stem><stem n="setcontact"><phr n="SetContacts"><ent r="3" t="31" w="612" /></phr></stem><stem n="setgroup"><phr n="SetGroups"><ent r="3" t="31" w="613" /><ent r="3" t="31" w="613" /></phr></stem><stem n="setcompani"><phr n="SetCompanies"><ent r="3" t="31" w="615" /><ent r="3" t="31" w="615" /></phr></stem><stem n="clearcontact"><phr n="ClearContacts"><ent r="3" t="31" w="651" /></phr></stem><stem n="cleargroup"><phr n="ClearGroups"><ent r="3" t="31" w="652" /><ent r="3" t="31" w="652" /></phr></stem><stem n="clearcompani"><phr n="ClearCompanies"><ent r="3" t="31" w="654" /><ent r="3" t="31" w="654" /></phr></stem><stem n="acl"><phr n="ACLs"><ent r="3" t="31" w="742" /><ent r="3" t="31" w="742" /></phr></stem><stem n="accesstyp"><phr n="AccessType"><ent r="3" t="31" w="811" /><ent r="3" t="31" w="811" /><ent r="3" t="31" w="824" /><ent r="3" t="31" w="824" /></phr></stem><stem n="none"><phr n="None"><ent r="3" t="32" w="93" /><ent r="3" t="32" w="93" /></phr><phr n="none"><ent r="3" t="65" w="322" /></phr></stem><stem n="customentitylist&lt;customsubentity&gt;"><phr n="CustomEntityList&lt;CustomSubEntity&gt;"><ent r="3" t="34" w="69" /><ent r="3" t="34" w="69" /></phr></stem><stem n="getcustoment"><phr n="GetCustomEntities"><ent r="3" t="34" w="103" /><ent r="3" t="34" w="103" /></phr></stem><stem n="gettaggedcustoment"><phr n="GetTaggedCustomEntities"><ent r="3" t="34" w="191" /><ent r="3" t="34" w="191" /></phr></stem><stem n="getcustomentitiesbyid"><phr n="GetCustomEntitiesByID"><ent r="3" t="34" w="211" /><ent r="3" t="34" w="211" /></phr></stem><stem n="primari"><phr n="primary"><ent r="3" t="34" w="222" /><ent r="3" t="34" w="222" /></phr><phr n="Primary"><ent r="92" t="82" w="22" /><ent r="92" t="82" w="22" /><ent r="92" t="82" w="186" /><ent r="92" t="82" w="186" /></phr></stem><stem n="datalist"><phr n="DataList"><ent r="3" t="34" w="270" /><ent r="3" t="34" w="270" /><ent r="3" t="34" w="308" /><ent r="3" t="34" w="308" /><ent r="3" t="34" w="436" /><ent r="3" t="34" w="436" /><ent r="3" t="35" w="25" /><ent r="3" t="35" w="25" /><ent r="3" t="35" w="241" /><ent r="5" t="82" w="156" /></phr></stem><stem n="datalist&lt;t&gt;"><phr n="DataList&lt;T&gt;"><ent r="3" t="34" w="294" /><ent r="3" t="34" w="294" /></phr></stem><stem n="bound"><phr n="bound"><ent r="3" t="34" w="354" /><ent r="3" t="34" w="354" /><ent r="3" t="34" w="382" /><ent r="3" t="34" w="382" /><ent r="3" t="35" w="299" /><ent r="3" t="35" w="299" /><ent r="3" t="38" w="219" /><ent r="3" t="38" w="219" /></phr></stem><stem n="itypedlist"><phr n="ITypedList"><ent r="3" t="34" w="360" /><ent r="3" t="34" w="443" /><ent r="3" t="34" w="443" /></phr></stem><stem n="customentitylist&lt;account&gt;"><phr n="CustomEntityList&lt;Account&gt;"><ent r="3" t="34" w="423" /><ent r="3" t="34" w="423" /></phr></stem><stem n="ilist"><phr n="IList"><ent r="3" t="34" w="440" /></phr></stem><stem n="ibindinglist"><phr n="IBindingList"><ent r="3" t="34" w="441" /><ent r="3" t="34" w="441" /><ent r="4" t="54" w="53" /><ent r="4" t="54" w="53" /><ent r="4" t="54" w="140" /><ent r="4" t="55" w="97" /><ent r="4" t="55" w="97" /><ent r="5" t="55" w="195" /></phr></stem><stem n="mechan"><phr n="mechanism"><ent r="3" t="35" w="32" /></phr><phr n="mechanisms"><ent r="3" t="36" w="66" /><ent r="3" t="36" w="66" /></phr></stem><stem n="individu"><phr n="individual"><ent r="3" t="35" w="47" /><ent r="3" t="35" w="47" /><ent r="3" t="35" w="301" /><ent r="3" t="35" w="301" /><ent r="92" t="35" w="324" /><ent r="92" t="35" w="324" /><ent r="3" t="35" w="333" /><ent r="3" t="35" w="333" /><ent r="3" t="35" w="358" /><ent r="3" t="35" w="358" /><ent r="3" t="35" w="474" /><ent r="3" t="35" w="474" /><ent r="4" t="38" w="62" /><ent r="4" t="38" w="62" /><ent r="3" t="38" w="214" /><ent r="3" t="38" w="214" /><ent r="3" t="38" w="310" /><ent r="3" t="38" w="310" /><ent r="3" t="38" w="549" /><ent r="3" t="38" w="549" /></phr><phr n="individualized"><ent r="3" t="45" w="172" /><ent r="3" t="45" w="172" /></phr></stem><stem n="bindingsourc"><phr n="BindingSource"><ent r="3" t="35" w="71" /><ent r="3" t="35" w="71" /><ent r="3" t="35" w="74" /><ent r="3" t="35" w="74" /><ent r="3" t="35" w="92" /><ent r="3" t="35" w="92" /><ent r="3" t="35" w="121" /><ent r="3" t="35" w="121" /><ent r="3" t="35" w="152" /><ent r="3" t="35" w="152" /><ent r="3" t="35" w="257" /><ent r="3" t="35" w="257" /><ent r="3" t="35" w="261" /><ent r="3" t="35" w="261" /><ent r="3" t="35" w="270" /><ent r="3" t="35" w="270" /><ent r="3" t="35" w="285" /><ent r="3" t="35" w="285" /><ent r="3" t="35" w="291" /><ent r="3" t="35" w="291" /><ent r="3" t="35" w="337" /><ent r="3" t="35" w="337" /><ent r="3" t="35" w="342" /><ent r="3" t="35" w="342" /><ent r="3" t="35" w="350" /><ent r="3" t="35" w="350" /><ent r="3" t="35" w="377" /><ent r="3" t="35" w="377" /></phr><phr n="bindingSource"><ent r="3" t="35" w="415" /><ent r="3" t="35" w="433" /><ent r="3" t="35" w="458" /><ent r="3" t="35" w="458" /></phr></stem><stem n="lot"><phr n="lot"><ent r="3" t="35" w="95" /><ent r="3" t="35" w="95" /><ent r="3" t="52" w="124" /><ent r="3" t="52" w="124" /></phr></stem><stem n="everywher"><phr n="everywhere"><ent r="3" t="35" w="109" /><ent r="3" t="35" w="109" /></phr></stem><stem n="doc"><phr n="docs"><ent r="3" t="35" w="119" /></phr></stem><stem n="simplifi"><phr n="simplifies"><ent r="3" t="35" w="122" /><ent r="3" t="35" w="122" /></phr></stem><stem n="datasourc"><phr n="DataSource"><ent r="3" t="35" w="160" /><ent r="3" t="35" w="160" /><ent r="3" t="35" w="191" /><ent r="3" t="35" w="191" /><ent r="3" t="35" w="266" /><ent r="3" t="35" w="266" /><ent r="3" t="35" w="281" /><ent r="3" t="35" w="281" /><ent r="3" t="35" w="346" /><ent r="3" t="35" w="346" /></phr></stem><stem n="datagridview"><phr n="DataGridView"><ent r="3" t="35" w="220" /><ent r="3" t="35" w="220" /></phr></stem><stem n="reason"><phr n="reason"><ent r="3" t="35" w="288" /><ent r="3" t="35" w="288" /></phr></stem><stem n="grid"><phr n="grid"><ent r="3" t="35" w="310" /><ent r="3" t="35" w="310" /><ent r="3" t="37" w="419" /><ent r="3" t="37" w="419" /></phr></stem><stem n="privatecheckbox"><phr n="privateCheckBox"><ent r="3" t="35" w="411" /></phr></stem><stem n="databind"><phr n="DataBindings"><ent r="3" t="35" w="412" /><ent r="3" t="35" w="429" /><ent r="3" t="35" w="566" /></phr></stem><stem n="policynametextbox"><phr n="policyNameTextBox"><ent r="3" t="35" w="428" /></phr></stem><stem n="account_nam"><phr n="ACCOUNT_NAME"><ent r="3" t="35" w="434" /></phr></stem><stem n="fals"><phr n="false"><ent r="3" t="35" w="435" /><ent r="4" t="54" w="175" /><ent r="6" t="75" w="34" /></phr></stem><stem n="datasourceupdatemod"><phr n="DataSourceUpdateMode"><ent r="3" t="35" w="436" /><ent r="3" t="35" w="494" /><ent r="3" t="35" w="494" /><ent r="3" t="35" w="506" /></phr></stem><stem n="never"><phr n="Never"><ent r="3" t="35" w="437" /><ent r="3" t="35" w="507" /><ent r="3" t="35" w="507" /></phr></stem><stem n="checkbox"><phr n="checkbox"><ent r="3" t="35" w="447" /><ent r="3" t="35" w="447" /></phr></stem><stem n="databound"><phr n="databound"><ent r="3" t="35" w="561" /><ent r="3" t="35" w="561" /></phr></stem><stem n="writevalu"><phr n="WriteValue"><ent r="3" t="35" w="568" /></phr></stem><stem n="done"><phr n="done"><ent r="3" t="35" w="574" /><ent r="3" t="35" w="574" /><ent r="4" t="38" w="132" /><ent r="4" t="38" w="132" /></phr></stem><stem n="sens"><phr n="sense"><ent r="3" t="36" w="59" /><ent r="3" t="36" w="59" /></phr></stem><stem n="expos"><phr n="Exposed"><ent r="92" t="36" w="80" /><ent r="92" t="36" w="80" /><ent r="92" t="36" w="130" /><ent r="92" t="36" w="130" /><ent r="92" t="45" w="344" /><ent r="92" t="45" w="344" /></phr><phr n="exposed"><ent r="3" t="36" w="119" /><ent r="3" t="36" w="119" /><ent r="3" t="36" w="147" /><ent r="3" t="36" w="147" /><ent r="4" t="37" w="474" /><ent r="4" t="37" w="474" /><ent r="4" t="37" w="492" /><ent r="4" t="37" w="492" /><ent r="3" t="42" w="18" /><ent r="3" t="42" w="18" /><ent r="4" t="46" w="78" /><ent r="4" t="46" w="78" /><ent r="4" t="46" w="96" /><ent r="4" t="46" w="96" /><ent r="3" t="66" w="25" /><ent r="3" t="66" w="25" /></phr><phr n="expose"><ent r="3" t="38" w="524" /><ent r="3" t="38" w="524" /></phr></stem><stem n="toolbox"><phr n="toolbox"><ent r="4" t="36" w="107" /><ent r="4" t="45" w="377" /><ent r="4" t="45" w="377" /></phr><phr n="Toolbox"><ent r="3" t="68" w="71" /><ent r="3" t="68" w="71" /></phr></stem></index>