<?xml version="1.0" encoding="utf-8"?><index><stem n="what"><phr n="What"><ent r="1000" t="0" w="1" /><ent r="92" t="0" w="50" /><ent r="7" t="17" w="6853" /></phr><phr n="what"><ent r="4" t="18" w="96" /><ent r="4" t="18" w="96" /><ent r="3" t="26" w="102" /><ent r="3" t="26" w="102" /><ent r="3" t="26" w="144" /><ent r="3" t="26" w="144" /><ent r="3" t="27" w="169" /><ent r="3" t="27" w="169" /><ent r="3" t="27" w="201" /><ent r="3" t="27" w="201" /><ent r="3" t="27" w="240" /><ent r="3" t="27" w="240" /><ent r="3" t="27" w="365" /><ent r="3" t="27" w="365" /><ent r="3" t="29" w="201" /><ent r="3" t="29" w="201" /><ent r="3" t="29" w="383" /><ent r="3" t="29" w="383" /><ent r="3" t="29" w="445" /><ent r="3" t="29" w="445" /><ent r="3" t="37" w="388" /><ent r="3" t="37" w="388" /><ent r="3" t="39" w="352" /><ent r="3" t="39" w="352" /></phr></stem><stem n="s"><phr n="s"><ent r="1000" t="0" w="2" /><ent r="1000" t="0" w="2" /><ent r="92" t="0" w="51" /><ent r="92" t="0" w="51" /><ent r="3" t="2" w="224" /><ent r="3" t="2" w="224" /><ent r="3" t="2" w="260" /><ent r="3" t="2" w="260" /><ent r="7" t="3" w="228" /><ent r="7" t="3" w="228" /><ent r="3" t="3" w="688" /><ent r="3" t="3" w="688" /><ent r="8" t="3" w="857" /><ent r="8" t="3" w="927" /><ent r="3" t="9" w="151" /><ent r="3" t="9" w="151" /><ent r="3" t="13" w="94" /><ent r="3" t="13" w="94" /><ent r="4" t="15" w="506" /><ent r="4" t="15" w="506" /><ent r="7" t="17" w="6854" /><ent r="7" t="17" w="6854" /><ent r="92" t="25" w="323" /><ent r="92" t="25" w="323" /><ent r="3" t="25" w="333" /><ent r="3" t="25" w="333" /><ent r="3" t="28" w="624" /><ent r="3" t="28" w="624" /><ent r="3" t="29" w="264" /><ent r="92" t="31" w="535" /><ent r="3" t="31" w="805" /><ent r="3" t="31" w="805" /><ent r="3" t="32" w="56" /><ent r="3" t="32" w="56" /><ent r="3" t="34" w="50" /><ent r="3" t="34" w="50" /><ent r="3" t="35" w="280" /><ent r="3" t="35" w="280" /><ent r="3" t="35" w="483" /><ent r="3" t="35" w="483" /><ent r="3" t="35" w="560" /><ent r="3" t="35" w="560" /><ent r="3" t="35" w="578" /><ent r="3" t="35" w="578" /><ent r="3" t="45" w="217" /><ent r="3" t="45" w="217" /><ent r="4" t="78" w="22" /><ent r="4" t="78" w="22" /><ent r="4" t="78" w="56" /><ent r="4" t="78" w="56" /><ent r="4" t="78" w="84" /><ent r="4" t="78" w="84" /><ent r="7" t="80" w="229" /><ent r="7" t="80" w="229" /><ent r="4" t="82" w="128" /><ent r="4" t="82" w="128" /></phr><phr n="S"><ent r="4" t="15" w="615" /><ent r="4" t="15" w="790" /><ent r="7" t="17" w="485" /><ent r="8" t="17" w="1511" /><ent r="7" t="17" w="2111" /><ent r="7" t="17" w="2722" /><ent r="7" t="17" w="2897" /><ent r="7" t="17" w="7022" /></phr></stem><stem n="new"><phr n="new"><ent r="1000" t="0" w="3" /><ent r="1000" t="0" w="3" /><ent r="92" t="0" w="52" /><ent r="92" t="0" w="52" /><ent r="7" t="17" w="106" /><ent r="7" t="17" w="106" /><ent r="7" t="17" w="3494" /><ent r="7" t="17" w="3494" /><ent r="7" t="17" w="5376" /><ent r="7" t="17" w="5393" /><ent r="6" t="18" w="119" /><ent r="6" t="18" w="119" /><ent r="3" t="19" w="22" /><ent r="3" t="19" w="22" /><ent r="3" t="26" w="90" /><ent r="3" t="26" w="90" /><ent r="3" t="27" w="79" /><ent r="3" t="27" w="79" /><ent r="3" t="27" w="580" /><ent r="3" t="27" w="580" /><ent r="3" t="28" w="294" /><ent r="3" t="28" w="294" /><ent r="92" t="31" w="17" /><ent r="92" t="31" w="17" /><ent r="3" t="31" w="59" /><ent r="3" t="31" w="59" /><ent r="3" t="31" w="72" /><ent r="3" t="31" w="72" /><ent r="3" t="31" w="329" /><ent r="3" t="31" w="329" /><ent r="3" t="32" w="19" /><ent r="3" t="32" w="19" /><ent r="3" t="35" w="341" /><ent r="3" t="35" w="341" /><ent r="3" t="35" w="365" /><ent r="3" t="35" w="365" /><ent r="3" t="39" w="556" /><ent r="3" t="39" w="556" /><ent r="3" t="45" w="57" /><ent r="3" t="45" w="57" /><ent r="4" t="52" w="170" /><ent r="4" t="52" w="170" /><ent r="4" t="53" w="113" /><ent r="4" t="53" w="113" /><ent r="4" t="53" w="146" /><ent r="4" t="53" w="146" /><ent r="4" t="54" w="58" /><ent r="4" t="54" w="58" /><ent r="4" t="54" w="100" /><ent r="4" t="54" w="100" /><ent r="4" t="55" w="136" /><ent r="4" t="55" w="136" /><ent r="4" t="56" w="119" /><ent r="4" t="56" w="119" /><ent r="4" t="56" w="186" /><ent r="4" t="56" w="186" /><ent r="3" t="57" w="19" /><ent r="3" t="57" w="19" /><ent r="4" t="57" w="63" /><ent r="4" t="57" w="63" /><ent r="5" t="57" w="93" /><ent r="5" t="57" w="93" /><ent r="4" t="58" w="75" /><ent r="4" t="58" w="75" /><ent r="5" t="59" w="94" /><ent r="5" t="59" w="94" /><ent r="3" t="61" w="16" /><ent r="3" t="61" w="16" /><ent r="3" t="61" w="71" /><ent r="3" t="61" w="71" /><ent r="3" t="61" w="123" /><ent r="3" t="61" w="123" /><ent r="4" t="61" w="146" /><ent r="4" t="61" w="146" /><ent r="4" t="61" w="349" /><ent r="4" t="61" w="349" /><ent r="4" t="62" w="48" /><ent r="4" t="62" w="48" /><ent r="3" t="63" w="12" /><ent r="3" t="63" w="12" /><ent r="3" t="63" w="35" /><ent r="3" t="63" w="35" /><ent r="3" t="63" w="95" /><ent r="3" t="63" w="95" /><ent r="3" t="64" w="215" /><ent r="3" t="64" w="215" /><ent r="3" t="64" w="238" /><ent r="3" t="64" w="238" /><ent r="3" t="65" w="422" /><ent r="3" t="65" w="422" /><ent r="64" t="66" w="115" /><ent r="64" t="66" w="115" /><ent r="1000" t="67" w="3" /><ent r="1000" t="67" w="3" /><ent r="102" t="67" w="10" /><ent r="102" t="67" w="10" /><ent r="4" t="69" w="369" /><ent r="4" t="69" w="369" /><ent r="3" t="76" w="27" /><ent r="3" t="76" w="27" /><ent r="3" t="76" w="65" /><ent r="3" t="76" w="65" /></phr><phr n="New"><ent r="7" t="17" w="96" /><ent r="7" t="17" w="96" /><ent r="7" t="17" w="3484" /><ent r="7" t="17" w="3484" /><ent r="7" t="17" w="3632" /><ent r="7" t="17" w="3632" /><ent r="7" t="17" w="3668" /><ent r="7" t="17" w="3668" /><ent r="7" t="17" w="3746" /><ent r="7" t="17" w="3746" /><ent r="8" t="17" w="3821" /><ent r="8" t="17" w="3821" /><ent r="8" t="17" w="3834" /><ent r="8" t="17" w="3834" /><ent r="8" t="17" w="3936" /><ent r="8" t="17" w="3936" /><ent r="8" t="17" w="3944" /><ent r="8" t="17" w="3944" /><ent r="8" t="17" w="4034" /><ent r="8" t="17" w="4034" /><ent r="8" t="17" w="4047" /><ent r="8" t="17" w="4047" /><ent r="8" t="17" w="4149" /><ent r="8" t="17" w="4149" /><ent r="8" t="17" w="4157" /><ent r="8" t="17" w="4157" /><ent r="7" t="17" w="4198" /><ent r="7" t="17" w="4198" /><ent r="7" t="17" w="4212" /><ent r="7" t="17" w="4212" /><ent r="7" t="17" w="4320" /><ent r="7" t="17" w="4320" /><ent r="7" t="17" w="4334" /><ent r="7" t="17" w="4334" /><ent r="7" t="17" w="4469" /><ent r="7" t="17" w="4469" /><ent r="7" t="17" w="4483" /><ent r="7" t="17" w="4483" /><ent r="7" t="17" w="4591" /><ent r="7" t="17" w="4591" /><ent r="7" t="17" w="4627" /><ent r="7" t="17" w="4627" /><ent r="8" t="17" w="4736" /><ent r="8" t="17" w="4736" /><ent r="8" t="17" w="4772" /><ent r="8" t="17" w="4772" /><ent r="7" t="17" w="4946" /><ent r="7" t="17" w="4946" /><ent r="7" t="17" w="5366" /><ent r="7" t="17" w="5366" /><ent r="7" t="17" w="6855" /><ent r="7" t="17" w="6855" /><ent r="7" t="17" w="6991" /><ent r="7" t="17" w="6991" /></phr></stem><stem n="act"><phr n="Act"><ent r="1000" t="0" w="6" /><ent r="4" t="0" w="23" /><ent r="4" t="0" w="32" /><ent r="4" t="0" w="43" /><ent r="93" t="0" w="56" /><ent r="5" t="0" w="68" /><ent r="5" t="0" w="118" /><ent r="4" t="0" w="140" /><ent r="5" t="0" w="149" /><ent r="65" t="0" w="177" /><ent r="5" t="0" w="271" /><ent r="5" t="0" w="282" /><ent r="5" t="0" w="317" /><ent r="5" t="0" w="323" /><ent r="103" t="1" w="11" /><ent r="4" t="1" w="17" /><ent r="4" t="1" w="42" /><ent r="4" t="1" w="48" /><ent r="4" t="1" w="56" /><ent r="4" t="1" w="64" /><ent r="4" t="1" w="71" /><ent r="65" t="1" w="115" /><ent r="5" t="1" w="136" /><ent r="5" t="1" w="158" /><ent r="66" t="1" w="179" /><ent r="5" t="1" w="189" /><ent r="66" t="1" w="193" /><ent r="5" t="1" w="204" /><ent r="66" t="1" w="214" /><ent r="5" t="1" w="237" /><ent r="4" t="2" w="13" /><ent r="93" t="2" w="34" /><ent r="4" t="2" w="56" /><ent r="4" t="2" w="60" /><ent r="4" t="2" w="64" /><ent r="4" t="2" w="67" /><ent r="4" t="2" w="72" /><ent r="4" t="2" w="76" /><ent r="4" t="2" w="81" /><ent r="4" t="2" w="86" /><ent r="4" t="2" w="90" /><ent r="4" t="2" w="94" /><ent r="4" t="2" w="98" /><ent r="4" t="2" w="102" /><ent r="4" t="2" w="109" /><ent r="4" t="2" w="112" /><ent r="4" t="2" w="119" /><ent r="4" t="2" w="138" /><ent r="4" t="2" w="160" /><ent r="4" t="2" w="194" /><ent r="4" t="2" w="336" /><ent r="4" t="2" w="376" /><ent r="4" t="2" w="387" /><ent r="4" t="2" w="417" /><ent r="4" t="2" w="427" /><ent r="4" t="2" w="437" /><ent r="93" t="2" w="486" /><ent r="4" t="2" w="498" /><ent r="4" t="2" w="524" /><ent r="4" t="3" w="31" /><ent r="8" t="3" w="457" /><ent r="4" t="3" w="942" /><ent r="4" t="4" w="12" /><ent r="4" t="4" w="23" /><ent r="4" t="4" w="40" /><ent r="4" t="4" w="50" /><ent r="4" t="4" w="59" /><ent r="4" t="4" w="70" /><ent r="4" t="4" w="78" /><ent r="4" t="4" w="118" /><ent r="93" t="4" w="136" /><ent r="4" t="4" w="143" /><ent r="93" t="4" w="161" /><ent r="4" t="4" w="168" /><ent r="4" t="4" w="203" /><ent r="4" t="4" w="235" /><ent r="4" t="4" w="260" /><ent r="4" t="6" w="30" /><ent r="65" t="6" w="34" /><ent r="6" t="6" w="53" /><ent r="1000" t="7" w="1" /><ent r="103" t="7" w="6" /><ent r="4" t="7" w="14" /><ent r="4" t="7" w="24" /><ent r="4" t="7" w="105" /><ent r="3" t="7" w="123" /><ent r="3" t="7" w="135" /><ent r="6" t="7" w="156" /><ent r="6" t="7" w="164" /><ent r="6" t="7" w="172" /><ent r="6" t="7" w="180" /><ent r="6" t="7" w="189" /><ent r="6" t="7" w="197" /><ent r="6" t="7" w="209" /><ent r="6" t="7" w="218" /><ent r="6" t="7" w="227" /><ent r="6" t="7" w="239" /><ent r="6" t="7" w="247" /><ent r="6" t="7" w="254" /><ent r="6" t="7" w="261" /><ent r="6" t="7" w="269" /><ent r="6" t="7" w="278" /><ent r="6" t="7" w="287" /><ent r="6" t="7" w="296" /><ent r="6" t="7" w="306" /><ent r="6" t="7" w="316" /><ent r="6" t="7" w="328" /><ent r="6" t="7" w="336" /><ent r="6" t="7" w="344" /><ent r="6" t="7" w="352" /><ent r="6" t="7" w="360" /><ent r="6" t="7" w="369" /><ent r="6" t="7" w="377" /><ent r="6" t="7" w="386" /><ent r="6" t="7" w="395" /><ent r="6" t="7" w="403" /><ent r="6" t="7" w="413" /><ent r="6" t="7" w="421" /><ent r="6" t="7" w="429" /><ent r="6" t="7" w="437" /><ent r="6" t="7" w="447" /><ent r="6" t="7" w="457" /><ent r="6" t="7" w="465" /><ent r="6" t="7" w="474" /><ent r="6" t="7" w="484" /><ent r="6" t="7" w="494" /><ent r="6" t="7" w="508" /><ent r="6" t="7" w="519" /><ent r="6" t="7" w="527" /><ent r="6" t="7" w="535" /><ent r="6" t="7" w="547" /><ent r="6" t="7" w="556" /><ent r="6" t="7" w="565" /><ent r="6" t="7" w="575" /><ent r="6" t="7" w="584" /><ent r="6" t="7" w="598" /><ent r="6" t="7" w="608" /><ent r="6" t="7" w="616" /><ent r="6" t="7" w="626" /><ent r="6" t="7" w="633" /><ent r="6" t="7" w="640" /><ent r="6" t="7" w="647" /><ent r="6" t="7" w="654" /><ent r="6" t="7" w="662" /><ent r="6" t="7" w="664" /><ent r="6" t="7" w="671" /><ent r="6" t="7" w="673" /><ent r="6" t="7" w="680" /><ent r="6" t="7" w="682" /><ent r="6" t="7" w="689" /><ent r="6" t="7" w="697" /><ent r="6" t="7" w="704" /><ent r="6" t="7" w="714" /><ent r="6" t="7" w="727" /><ent r="6" t="7" w="737" /><ent r="6" t="7" w="747" /><ent r="6" t="7" w="757" /><ent r="6" t="7" w="766" /><ent r="6" t="7" w="775" /><ent r="6" t="7" w="783" /><ent r="6" t="7" w="791" /><ent r="6" t="7" w="799" /><ent r="6" t="7" w="809" /><ent r="7" t="7" w="816" /><ent r="6" t="7" w="820" /><ent r="6" t="7" w="829" /><ent r="6" t="7" w="837" /><ent r="6" t="7" w="845" /><ent r="6" t="7" w="855" /><ent r="6" t="7" w="866" /><ent r="6" t="7" w="874" /><ent r="6" t="7" w="882" /><ent r="6" t="7" w="890" /><ent r="6" t="7" w="900" /><ent r="6" t="7" w="910" /><ent r="6" t="7" w="920" /><ent r="6" t="7" w="930" /><ent r="6" t="7" w="940" /><ent r="7" t="7" w="947" /><ent r="6" t="7" w="951" /><ent r="6" t="7" w="963" /><ent r="6" t="7" w="972" /><ent r="6" t="7" w="979" /><ent r="6" t="7" w="986" /><ent r="6" t="7" w="996" /><ent r="6" t="7" w="1004" /><ent r="6" t="7" w="1016" /><ent r="6" t="7" w="1024" /><ent r="6" t="7" w="1032" /><ent r="6" t="7" w="1040" /><ent r="6" t="7" w="1048" /><ent r="6" t="7" w="1057" /><ent r="6" t="7" w="1065" /><ent r="6" t="7" w="1073" /><ent r="6" t="7" w="1081" /><ent r="6" t="7" w="1090" /><ent r="6" t="7" w="1100" /><ent r="6" t="7" w="1111" /><ent r="6" t="7" w="1122" /><ent r="6" t="7" w="1131" /><ent r="6" t="7" w="1139" /><ent r="6" t="7" w="1148" /><ent r="6" t="7" w="1157" /><ent r="6" t="7" w="1167" /><ent r="6" t="7" w="1175" /><ent r="6" t="7" w="1183" /><ent r="6" t="7" w="1191" /><ent r="6" t="7" w="1200" /><ent r="6" t="7" w="1209" /><ent r="6" t="7" w="1218" /><ent r="6" t="7" w="1227" /><ent r="6" t="7" w="1236" /><ent r="6" t="7" w="1245" /><ent r="6" t="7" w="1253" /><ent r="6" t="7" w="1261" /><ent r="6" t="7" w="1270" /><ent r="6" t="7" w="1278" /><ent r="6" t="7" w="1287" /><ent r="6" t="7" w="1294" /><ent r="6" t="7" w="1302" /><ent r="6" t="7" w="1311" /><ent r="6" t="7" w="1320" /><ent r="6" t="7" w="1329" /><ent r="6" t="7" w="1339" /><ent r="6" t="7" w="1348" /><ent r="6" t="7" w="1356" /><ent r="6" t="7" w="1364" /><ent r="6" t="7" w="1372" /><ent r="6" t="7" w="1380" /><ent r="6" t="7" w="1388" /><ent r="6" t="7" w="1397" /><ent r="6" t="7" w="1410" /><ent r="6" t="7" w="1418" /><ent r="6" t="7" w="1426" /><ent r="6" t="7" w="1434" /><ent r="6" t="7" w="1444" /><ent r="1000" t="8" w="1" /><ent r="103" t="8" w="8" /><ent r="4" t="8" w="13" /><ent r="4" t="8" w="31" /><ent r="4" t="8" w="59" /><ent r="4" t="8" w="103" /><ent r="4" t="8" w="119" /><ent r="4" t="9" w="22" /><ent r="4" t="9" w="29" /><ent r="4" t="9" w="36" /><ent r="4" t="9" w="50" /><ent r="4" t="9" w="158" /><ent r="4" t="11" w="17" /><ent r="4" t="11" w="26" /><ent r="4" t="12" w="17" /><ent r="4" t="12" w="43" /><ent r="4" t="13" w="12" /><ent r="4" t="13" w="134" /><ent r="4" t="14" w="19" /><ent r="4" t="14" w="29" /><ent r="4" t="14" w="304" /><ent r="4" t="15" w="16" /><ent r="5" t="15" w="351" /><ent r="5" t="15" w="386" /><ent r="5" t="15" w="393" /><ent r="5" t="15" w="407" /><ent r="5" t="15" w="513" /><ent r="5" t="15" w="601" /><ent r="5" t="15" w="632" /><ent r="5" t="15" w="776" /><ent r="4" t="16" w="81" /><ent r="7" t="16" w="164" /><ent r="1000" t="17" w="1" /><ent r="103" t="17" w="10" /><ent r="4" t="17" w="26" /><ent r="4" t="17" w="66" /><ent r="7" t="17" w="942" /><ent r="7" t="17" w="6883" /><ent r="7" t="17" w="6909" /><ent r="7" t="17" w="6939" /><ent r="7" t="17" w="6953" /><ent r="7" t="17" w="6990" /><ent r="7" t="17" w="7007" /><ent r="7" t="17" w="7035" /><ent r="7" t="17" w="7049" /><ent r="7" t="17" w="7074" /><ent r="4" t="18" w="22" /><ent r="4" t="18" w="26" /><ent r="5" t="18" w="106" /><ent r="7" t="18" w="124" /><ent r="68" t="18" w="144" /><ent r="68" t="18" w="148" /><ent r="7" t="18" w="161" /><ent r="7" t="18" w="176" /><ent r="68" t="18" w="186" /><ent r="7" t="18" w="199" /><ent r="7" t="18" w="218" /><ent r="1000" t="19" w="3" /><ent r="1000" t="19" w="5" /><ent r="103" t="19" w="11" /><ent r="103" t="19" w="15" /><ent r="4" t="19" w="30" /><ent r="4" t="19" w="41" /><ent r="4" t="19" w="60" /><ent r="4" t="19" w="71" /><ent r="83" t="19" w="99" /><ent r="6" t="19" w="101" /><ent r="5" t="19" w="110" /><ent r="6" t="19" w="115" /><ent r="5" t="19" w="123" /><ent r="1000" t="20" w="3" /><ent r="103" t="20" w="9" /><ent r="4" t="20" w="19" /><ent r="4" t="20" w="29" /><ent r="4" t="20" w="48" /><ent r="83" t="20" w="76" /><ent r="6" t="20" w="78" /><ent r="5" t="20" w="86" /><ent r="4" t="21" w="16" /><ent r="4" t="22" w="28" /><ent r="4" t="23" w="9" /><ent r="4" t="23" w="19" /><ent r="5" t="23" w="91" /><ent r="5" t="23" w="115" /><ent r="4" t="24" w="50" /><ent r="4" t="25" w="65" /><ent r="5" t="25" w="421" /><ent r="4" t="25" w="454" /><ent r="4" t="26" w="25" /><ent r="4" t="26" w="38" /><ent r="4" t="27" w="323" /><ent r="4" t="27" w="451" /><ent r="4" t="27" w="674" /><ent r="4" t="29" w="358" /><ent r="4" t="29" w="391" /><ent r="3" t="31" w="488" /><ent r="4" t="34" w="279" /><ent r="4" t="35" w="23" /><ent r="4" t="35" w="239" /><ent r="4" t="36" w="9" /><ent r="4" t="36" w="29" /><ent r="4" t="36" w="38" /><ent r="4" t="36" w="76" /><ent r="93" t="36" w="83" /><ent r="93" t="36" w="133" /><ent r="3" t="36" w="150" /><ent r="4" t="36" w="192" /><ent r="4" t="37" w="17" /><ent r="4" t="37" w="25" /><ent r="4" t="37" w="44" /><ent r="4" t="37" w="81" /><ent r="4" t="37" w="145" /><ent r="5" t="37" w="166" /><ent r="5" t="37" w="183" /><ent r="4" t="37" w="217" /><ent r="3" t="37" w="236" /><ent r="4" t="37" w="290" /><ent r="5" t="37" w="342" /><ent r="5" t="37" w="442" /><ent r="5" t="37" w="479" /><ent r="4" t="38" w="207" /><ent r="4" t="38" w="226" /><ent r="4" t="38" w="247" /><ent r="4" t="38" w="256" /><ent r="4" t="38" w="277" /><ent r="4" t="38" w="346" /><ent r="4" t="38" w="389" /><ent r="4" t="38" w="436" /><ent r="4" t="38" w="495" /><ent r="4" t="39" w="73" /><ent r="4" t="39" w="85" /><ent r="4" t="39" w="113" /><ent r="4" t="39" w="126" /><ent r="3" t="39" w="154" /><ent r="4" t="39" w="217" /><ent r="4" t="39" w="579" /><ent r="4" t="39" w="583" /><ent r="4" t="40" w="131" /><ent r="4" t="40" w="148" /><ent r="4" t="41" w="20" /><ent r="4" t="41" w="30" /><ent r="4" t="42" w="22" /><ent r="4" t="42" w="39" /><ent r="3" t="42" w="52" /><ent r="4" t="43" w="32" /><ent r="4" t="45" w="68" /><ent r="4" t="45" w="127" /><ent r="4" t="45" w="135" /><ent r="4" t="45" w="245" /><ent r="4" t="45" w="265" /><ent r="93" t="45" w="347" /><ent r="3" t="46" w="29" /><ent r="5" t="46" w="48" /><ent r="5" t="46" w="83" /><ent r="4" t="46" w="116" /><ent r="5" t="46" w="123" /><ent r="4" t="46" w="158" /><ent r="4" t="47" w="11" /><ent r="3" t="48" w="136" /><ent r="3" t="48" w="190" /><ent r="3" t="48" w="279" /><ent r="3" t="48" w="349" /><ent r="5" t="48" w="413" /><ent r="5" t="48" w="425" /><ent r="4" t="49" w="10" /><ent r="4" t="50" w="14" /><ent r="4" t="51" w="80" /><ent r="66" t="51" w="88" /><ent r="4" t="51" w="103" /><ent r="4" t="51" w="109" /><ent r="4" t="52" w="34" /><ent r="4" t="52" w="183" /><ent r="4" t="52" w="183" /><ent r="4" t="53" w="88" /><ent r="4" t="53" w="126" /><ent r="4" t="53" w="126" /><ent r="4" t="53" w="181" /><ent r="4" t="54" w="22" /><ent r="5" t="54" w="78" /><ent r="4" t="54" w="113" /><ent r="4" t="54" w="113" /><ent r="4" t="55" w="22" /><ent r="4" t="55" w="149" /><ent r="4" t="55" w="149" /><ent r="4" t="56" w="132" /><ent r="4" t="56" w="132" /><ent r="4" t="56" w="199" /><ent r="4" t="56" w="199" /><ent r="5" t="57" w="106" /><ent r="5" t="57" w="106" /><ent r="4" t="58" w="88" /><ent r="4" t="58" w="88" /><ent r="4" t="59" w="37" /><ent r="5" t="59" w="107" /><ent r="5" t="59" w="107" /><ent r="5" t="59" w="130" /><ent r="5" t="59" w="162" /><ent r="1000" t="60" w="2" /><ent r="103" t="60" w="10" /><ent r="3" t="60" w="36" /><ent r="4" t="61" w="22" /><ent r="3" t="61" w="34" /><ent r="3" t="61" w="51" /><ent r="5" t="61" w="102" /><ent r="3" t="61" w="124" /><ent r="3" t="61" w="210" /><ent r="5" t="61" w="323" /><ent r="3" t="61" w="386" /><ent r="3" t="61" w="391" /><ent r="4" t="62" w="11" /><ent r="3" t="62" w="35" /><ent r="4" t="62" w="59" /><ent r="4" t="62" w="63" /><ent r="4" t="62" w="74" /><ent r="4" t="62" w="91" /><ent r="4" t="63" w="16" /><ent r="3" t="63" w="29" /><ent r="6" t="63" w="65" /><ent r="3" t="63" w="83" /><ent r="3" t="63" w="89" /><ent r="3" t="63" w="96" /><ent r="5" t="63" w="142" /><ent r="3" t="63" w="177" /><ent r="3" t="63" w="261" /><ent r="4" t="64" w="11" /><ent r="3" t="64" w="28" /><ent r="3" t="65" w="21" /><ent r="4" t="66" w="17" /><ent r="4" t="66" w="29" /><ent r="4" t="66" w="86" /><ent r="93" t="66" w="109" /><ent r="93" t="66" w="125" /><ent r="4" t="67" w="53" /><ent r="4" t="67" w="62" /><ent r="5" t="67" w="161" /><ent r="5" t="67" w="165" /><ent r="5" t="67" w="199" /><ent r="4" t="67" w="211" /><ent r="4" t="68" w="32" /><ent r="4" t="68" w="62" /><ent r="4" t="68" w="75" /><ent r="5" t="68" w="154" /><ent r="5" t="68" w="158" /><ent r="5" t="68" w="164" /><ent r="5" t="68" w="169" /><ent r="5" t="68" w="203" /><ent r="4" t="68" w="215" /><ent r="4" t="69" w="34" /><ent r="5" t="69" w="146" /><ent r="5" t="69" w="211" /><ent r="4" t="69" w="260" /><ent r="4" t="69" w="397" /><ent r="4" t="69" w="401" /><ent r="1000" t="71" w="4" /><ent r="103" t="71" w="14" /><ent r="3" t="71" w="27" /><ent r="4" t="72" w="16" /><ent r="3" t="72" w="33" /><ent r="1000" t="73" w="1" /><ent r="100" t="73" w="7" /><ent r="103" t="73" w="9" /><ent r="4" t="73" w="19" /><ent r="4" t="74" w="30" /><ent r="65" t="74" w="34" /><ent r="7" t="74" w="53" /><ent r="5" t="77" w="141" /><ent r="5" t="78" w="138" /><ent r="5" t="78" w="151" /><ent r="4" t="78" w="197" /><ent r="4" t="78" w="208" /><ent r="4" t="80" w="31" /><ent r="93" t="82" w="24" /><ent r="5" t="82" w="28" /><ent r="5" t="82" w="52" /><ent r="5" t="82" w="79" /><ent r="5" t="82" w="93" /><ent r="5" t="82" w="107" /><ent r="5" t="82" w="118" /><ent r="5" t="82" w="152" /><ent r="6" t="82" w="170" /><ent r="93" t="82" w="188" /><ent r="4" t="82" w="196" /><ent r="6" t="82" w="222" /></phr><phr n="act"><ent r="65" t="0" w="126" /><ent r="64" t="4" w="128" /><ent r="64" t="4" w="157" /><ent r="64" t="4" w="209" /><ent r="64" t="4" w="267" /><ent r="67" t="5" w="234" /><ent r="5" t="17" w="78" /><ent r="5" t="17" w="81" /><ent r="7" t="17" w="88" /><ent r="7" t="17" w="91" /><ent r="7" t="17" w="99" /><ent r="7" t="17" w="102" /><ent r="7" t="17" w="111" /><ent r="7" t="17" w="114" /><ent r="7" t="17" w="122" /><ent r="7" t="17" w="125" /><ent r="7" t="17" w="133" /><ent r="7" t="17" w="136" /><ent r="7" t="17" w="146" /><ent r="7" t="17" w="149" /><ent r="7" t="17" w="158" /><ent r="7" t="17" w="161" /><ent r="7" t="17" w="176" /><ent r="7" t="17" w="179" /><ent r="7" t="17" w="192" /><ent r="7" t="17" w="195" /><ent r="7" t="17" w="208" /><ent r="7" t="17" w="211" /><ent r="7" t="17" w="219" /><ent r="7" t="17" w="222" /><ent r="7" t="17" w="231" /><ent r="7" t="17" w="234" /><ent r="7" t="17" w="247" /><ent r="7" t="17" w="250" /><ent r="7" t="17" w="258" /><ent r="7" t="17" w="261" /><ent r="7" t="17" w="271" /><ent r="7" t="17" w="274" /><ent r="7" t="17" w="283" /><ent r="7" t="17" w="286" /><ent r="7" t="17" w="294" /><ent r="7" t="17" w="297" /><ent r="7" t="17" w="307" /><ent r="7" t="17" w="310" /><ent r="7" t="17" w="320" /><ent r="7" t="17" w="323" /><ent r="7" t="17" w="334" /><ent r="7" t="17" w="337" /><ent r="7" t="17" w="345" /><ent r="7" t="17" w="348" /><ent r="7" t="17" w="359" /><ent r="7" t="17" w="362" /><ent r="8" t="17" w="373" /><ent r="8" t="17" w="376" /><ent r="6" t="17" w="384" /><ent r="6" t="17" w="387" /><ent r="7" t="17" w="394" /><ent r="7" t="17" w="397" /><ent r="7" t="17" w="404" /><ent r="7" t="17" w="407" /><ent r="7" t="17" w="419" /><ent r="7" t="17" w="422" /><ent r="7" t="17" w="431" /><ent r="7" t="17" w="434" /><ent r="7" t="17" w="442" /><ent r="7" t="17" w="445" /><ent r="7" t="17" w="453" /><ent r="7" t="17" w="456" /><ent r="7" t="17" w="464" /><ent r="7" t="17" w="467" /><ent r="7" t="17" w="476" /><ent r="7" t="17" w="479" /><ent r="7" t="17" w="489" /><ent r="7" t="17" w="492" /><ent r="7" t="17" w="502" /><ent r="7" t="17" w="505" /><ent r="6" t="17" w="513" /><ent r="6" t="17" w="516" /><ent r="7" t="17" w="523" /><ent r="7" t="17" w="526" /><ent r="7" t="17" w="534" /><ent r="7" t="17" w="537" /><ent r="7" t="17" w="545" /><ent r="7" t="17" w="548" /><ent r="7" t="17" w="557" /><ent r="7" t="17" w="560" /><ent r="7" t="17" w="569" /><ent r="7" t="17" w="572" /><ent r="7" t="17" w="580" /><ent r="7" t="17" w="583" /><ent r="7" t="17" w="593" /><ent r="7" t="17" w="596" /><ent r="7" t="17" w="605" /><ent r="7" t="17" w="608" /><ent r="7" t="17" w="617" /><ent r="7" t="17" w="620" /><ent r="7" t="17" w="628" /><ent r="7" t="17" w="631" /><ent r="7" t="17" w="639" /><ent r="7" t="17" w="642" /><ent r="7" t="17" w="650" /><ent r="7" t="17" w="653" /><ent r="7" t="17" w="663" /><ent r="7" t="17" w="666" /><ent r="7" t="17" w="674" /><ent r="7" t="17" w="677" /><ent r="7" t="17" w="685" /><ent r="7" t="17" w="688" /><ent r="7" t="17" w="697" /><ent r="7" t="17" w="700" /><ent r="7" t="17" w="709" /><ent r="7" t="17" w="712" /><ent r="7" t="17" w="721" /><ent r="7" t="17" w="724" /><ent r="7" t="17" w="733" /><ent r="7" t="17" w="736" /><ent r="7" t="17" w="745" /><ent r="7" t="17" w="748" /><ent r="7" t="17" w="756" /><ent r="7" t="17" w="759" /><ent r="7" t="17" w="767" /><ent r="7" t="17" w="770" /><ent r="7" t="17" w="778" /><ent r="7" t="17" w="781" /><ent r="7" t="17" w="790" /><ent r="7" t="17" w="793" /><ent r="7" t="17" w="803" /><ent r="7" t="17" w="806" /><ent r="7" t="17" w="816" /><ent r="7" t="17" w="819" /><ent r="7" t="17" w="828" /><ent r="7" t="17" w="831" /><ent r="7" t="17" w="840" /><ent r="7" t="17" w="843" /><ent r="7" t="17" w="853" /><ent r="7" t="17" w="856" /><ent r="7" t="17" w="866" /><ent r="7" t="17" w="869" /><ent r="7" t="17" w="879" /><ent r="7" t="17" w="882" /><ent r="7" t="17" w="892" /><ent r="7" t="17" w="895" /><ent r="7" t="17" w="906" /><ent r="7" t="17" w="909" /><ent r="7" t="17" w="919" /><ent r="7" t="17" w="922" /><ent r="7" t="17" w="932" /><ent r="7" t="17" w="935" /><ent r="7" t="17" w="945" /><ent r="7" t="17" w="948" /><ent r="7" t="17" w="958" /><ent r="7" t="17" w="961" /><ent r="7" t="17" w="972" /><ent r="7" t="17" w="975" /><ent r="7" t="17" w="983" /><ent r="7" t="17" w="986" /><ent r="7" t="17" w="994" /><ent r="7" t="17" w="997" /><ent r="7" t="17" w="1006" /><ent r="7" t="17" w="1009" /><ent r="6" t="17" w="1017" /><ent r="6" t="17" w="1020" /><ent r="8" t="17" w="1027" /><ent r="8" t="17" w="1030" /><ent r="8" t="17" w="1038" /><ent r="8" t="17" w="1041" /><ent r="8" t="17" w="1050" /><ent r="8" t="17" w="1053" /><ent r="8" t="17" w="1062" /><ent r="8" t="17" w="1065" /><ent r="8" t="17" w="1074" /><ent r="8" t="17" w="1077" /><ent r="8" t="17" w="1085" /><ent r="8" t="17" w="1088" /><ent r="8" t="17" w="1097" /><ent r="8" t="17" w="1100" /><ent r="8" t="17" w="1109" /><ent r="8" t="17" w="1112" /><ent r="8" t="17" w="1120" /><ent r="8" t="17" w="1123" /><ent r="8" t="17" w="1132" /><ent r="8" t="17" w="1135" /><ent r="8" t="17" w="1143" /><ent r="8" t="17" w="1146" /><ent r="8" t="17" w="1155" /><ent r="8" t="17" w="1158" /><ent r="8" t="17" w="1167" /><ent r="8" t="17" w="1170" /><ent r="8" t="17" w="1181" /><ent r="8" t="17" w="1184" /><ent r="8" t="17" w="1193" /><ent r="8" t="17" w="1196" /><ent r="8" t="17" w="1204" /><ent r="8" t="17" w="1207" /><ent r="8" t="17" w="1216" /><ent r="8" t="17" w="1219" /><ent r="8" t="17" w="1228" /><ent r="8" t="17" w="1231" /><ent r="8" t="17" w="1241" /><ent r="8" t="17" w="1244" /><ent r="8" t="17" w="1256" /><ent r="8" t="17" w="1259" /><ent r="8" t="17" w="1269" /><ent r="8" t="17" w="1272" /><ent r="8" t="17" w="1282" /><ent r="8" t="17" w="1285" /><ent r="8" t="17" w="1296" /><ent r="8" t="17" w="1299" /><ent r="8" t="17" w="1309" /><ent r="8" t="17" w="1312" /><ent r="8" t="17" w="1321" /><ent r="8" t="17" w="1324" /><ent r="8" t="17" w="1333" /><ent r="8" t="17" w="1336" /><ent r="8" t="17" w="1346" /><ent r="8" t="17" w="1349" /><ent r="8" t="17" w="1358" /><ent r="8" t="17" w="1361" /><ent r="8" t="17" w="1370" /><ent r="8" t="17" w="1373" /><ent r="8" t="17" w="1383" /><ent r="8" t="17" w="1386" /><ent r="8" t="17" w="1396" /><ent r="8" t="17" w="1399" /><ent r="8" t="17" w="1409" /><ent r="8" t="17" w="1412" /><ent r="8" t="17" w="1424" /><ent r="8" t="17" w="1427" /><ent r="8" t="17" w="1437" /><ent r="8" t="17" w="1440" /><ent r="8" t="17" w="1450" /><ent r="8" t="17" w="1453" /><ent r="8" t="17" w="1464" /><ent r="8" t="17" w="1467" /><ent r="8" t="17" w="1477" /><ent r="8" t="17" w="1480" /><ent r="8" t="17" w="1489" /><ent r="8" t="17" w="1492" /><ent r="8" t="17" w="1501" /><ent r="8" t="17" w="1504" /><ent r="8" t="17" w="1514" /><ent r="8" t="17" w="1517" /><ent r="8" t="17" w="1526" /><ent r="8" t="17" w="1529" /><ent r="8" t="17" w="1540" /><ent r="8" t="17" w="1543" /><ent r="8" t="17" w="1552" /><ent r="8" t="17" w="1555" /><ent r="8" t="17" w="1565" /><ent r="8" t="17" w="1568" /><ent r="8" t="17" w="1578" /><ent r="8" t="17" w="1581" /><ent r="8" t="17" w="1592" /><ent r="8" t="17" w="1595" /><ent r="8" t="17" w="1604" /><ent r="8" t="17" w="1607" /><ent r="8" t="17" w="1618" /><ent r="8" t="17" w="1621" /><ent r="5" t="17" w="1631" /><ent r="5" t="17" w="1634" /><ent r="7" t="17" w="1641" /><ent r="7" t="17" w="1644" /><ent r="7" t="17" w="1652" /><ent r="7" t="17" w="1655" /><ent r="7" t="17" w="1664" /><ent r="7" t="17" w="1667" /><ent r="7" t="17" w="1677" /><ent r="7" t="17" w="1680" /><ent r="7" t="17" w="1689" /><ent r="7" t="17" w="1692" /><ent r="7" t="17" w="1701" /><ent r="7" t="17" w="1704" /><ent r="7" t="17" w="1713" /><ent r="7" t="17" w="1716" /><ent r="7" t="17" w="1725" /><ent r="7" t="17" w="1728" /><ent r="7" t="17" w="1737" /><ent r="7" t="17" w="1740" /><ent r="7" t="17" w="1748" /><ent r="7" t="17" w="1751" /><ent r="7" t="17" w="1760" /><ent r="7" t="17" w="1763" /><ent r="7" t="17" w="1772" /><ent r="7" t="17" w="1775" /><ent r="7" t="17" w="1783" /><ent r="7" t="17" w="1786" /><ent r="7" t="17" w="1795" /><ent r="7" t="17" w="1798" /><ent r="7" t="17" w="1806" /><ent r="7" t="17" w="1809" /><ent r="7" t="17" w="1818" /><ent r="7" t="17" w="1821" /><ent r="7" t="17" w="1830" /><ent r="7" t="17" w="1833" /><ent r="7" t="17" w="1844" /><ent r="7" t="17" w="1847" /><ent r="7" t="17" w="1856" /><ent r="7" t="17" w="1859" /><ent r="7" t="17" w="1869" /><ent r="7" t="17" w="1872" /><ent r="7" t="17" w="1882" /><ent r="7" t="17" w="1885" /><ent r="7" t="17" w="1896" /><ent r="7" t="17" w="1899" /><ent r="7" t="17" w="1909" /><ent r="7" t="17" w="1912" /><ent r="7" t="17" w="1921" /><ent r="7" t="17" w="1924" /><ent r="7" t="17" w="1933" /><ent r="7" t="17" w="1936" /><ent r="7" t="17" w="1946" /><ent r="7" t="17" w="1949" /><ent r="7" t="17" w="1958" /><ent r="7" t="17" w="1961" /><ent r="7" t="17" w="1970" /><ent r="7" t="17" w="1973" /><ent r="7" t="17" w="1983" /><ent r="7" t="17" w="1986" /><ent r="7" t="17" w="1996" /><ent r="7" t="17" w="1999" /><ent r="7" t="17" w="2009" /><ent r="7" t="17" w="2012" /><ent r="7" t="17" w="2024" /><ent r="7" t="17" w="2027" /><ent r="7" t="17" w="2037" /><ent r="7" t="17" w="2040" /><ent r="7" t="17" w="2050" /><ent r="7" t="17" w="2053" /><ent r="7" t="17" w="2064" /><ent r="7" t="17" w="2067" /><ent r="7" t="17" w="2077" /><ent r="7" t="17" w="2080" /><ent r="7" t="17" w="2089" /><ent r="7" t="17" w="2092" /><ent r="7" t="17" w="2101" /><ent r="7" t="17" w="2104" /><ent r="7" t="17" w="2114" /><ent r="7" t="17" w="2117" /><ent r="7" t="17" w="2126" /><ent r="7" t="17" w="2129" /><ent r="7" t="17" w="2139" /><ent r="7" t="17" w="2142" /><ent r="7" t="17" w="2151" /><ent r="7" t="17" w="2154" /><ent r="7" t="17" w="2164" /><ent r="7" t="17" w="2167" /><ent r="7" t="17" w="2177" /><ent r="7" t="17" w="2180" /><ent r="7" t="17" w="2190" /><ent r="7" t="17" w="2193" /><ent r="7" t="17" w="2202" /><ent r="7" t="17" w="2205" /><ent r="7" t="17" w="2216" /><ent r="7" t="17" w="2219" /><ent r="7" t="17" w="2231" /><ent r="7" t="17" w="2234" /><ent r="5" t="17" w="2243" /><ent r="5" t="17" w="2246" /><ent r="7" t="17" w="2253" /><ent r="7" t="17" w="2256" /><ent r="7" t="17" w="2264" /><ent r="7" t="17" w="2267" /><ent r="7" t="17" w="2276" /><ent r="7" t="17" w="2279" /><ent r="7" t="17" w="2289" /><ent r="7" t="17" w="2292" /><ent r="7" t="17" w="2301" /><ent r="7" t="17" w="2304" /><ent r="7" t="17" w="2313" /><ent r="7" t="17" w="2316" /><ent r="7" t="17" w="2326" /><ent r="7" t="17" w="2329" /><ent r="7" t="17" w="2339" /><ent r="7" t="17" w="2342" /><ent r="7" t="17" w="2352" /><ent r="7" t="17" w="2355" /><ent r="7" t="17" w="2364" /><ent r="7" t="17" w="2367" /><ent r="7" t="17" w="2376" /><ent r="7" t="17" w="2379" /><ent r="7" t="17" w="2388" /><ent r="7" t="17" w="2391" /><ent r="7" t="17" w="2400" /><ent r="7" t="17" w="2403" /><ent r="7" t="17" w="2412" /><ent r="7" t="17" w="2415" /><ent r="7" t="17" w="2423" /><ent r="7" t="17" w="2426" /><ent r="7" t="17" w="2435" /><ent r="7" t="17" w="2438" /><ent r="7" t="17" w="2447" /><ent r="7" t="17" w="2450" /><ent r="7" t="17" w="2458" /><ent r="7" t="17" w="2461" /><ent r="7" t="17" w="2470" /><ent r="7" t="17" w="2473" /><ent r="7" t="17" w="2481" /><ent r="7" t="17" w="2484" /><ent r="7" t="17" w="2493" /><ent r="7" t="17" w="2496" /><ent r="7" t="17" w="2505" /><ent r="7" t="17" w="2508" /><ent r="7" t="17" w="2519" /><ent r="7" t="17" w="2522" /><ent r="7" t="17" w="2531" /><ent r="7" t="17" w="2534" /><ent r="7" t="17" w="2544" /><ent r="7" t="17" w="2547" /><ent r="7" t="17" w="2557" /><ent r="7" t="17" w="2560" /><ent r="7" t="17" w="2571" /><ent r="7" t="17" w="2574" /><ent r="7" t="17" w="2583" /><ent r="7" t="17" w="2586" /><ent r="7" t="17" w="2595" /><ent r="7" t="17" w="2598" /><ent r="7" t="17" w="2607" /><ent r="7" t="17" w="2610" /><ent r="7" t="17" w="2620" /><ent r="7" t="17" w="2623" /><ent r="7" t="17" w="2635" /><ent r="7" t="17" w="2638" /><ent r="7" t="17" w="2648" /><ent r="7" t="17" w="2651" /><ent r="7" t="17" w="2661" /><ent r="7" t="17" w="2664" /><ent r="7" t="17" w="2675" /><ent r="7" t="17" w="2678" /><ent r="7" t="17" w="2688" /><ent r="7" t="17" w="2691" /><ent r="7" t="17" w="2700" /><ent r="7" t="17" w="2703" /><ent r="7" t="17" w="2712" /><ent r="7" t="17" w="2715" /><ent r="7" t="17" w="2725" /><ent r="7" t="17" w="2728" /><ent r="7" t="17" w="2737" /><ent r="7" t="17" w="2740" /><ent r="7" t="17" w="2750" /><ent r="7" t="17" w="2753" /><ent r="7" t="17" w="2762" /><ent r="7" t="17" w="2765" /><ent r="7" t="17" w="2775" /><ent r="7" t="17" w="2778" /><ent r="7" t="17" w="2788" /><ent r="7" t="17" w="2791" /><ent r="7" t="17" w="2801" /><ent r="7" t="17" w="2804" /><ent r="7" t="17" w="2813" /><ent r="7" t="17" w="2816" /><ent r="7" t="17" w="2827" /><ent r="7" t="17" w="2830" /><ent r="7" t="17" w="2842" /><ent r="7" t="17" w="2845" /><ent r="5" t="17" w="2854" /><ent r="5" t="17" w="2857" /><ent r="7" t="17" w="2864" /><ent r="7" t="17" w="2867" /><ent r="7" t="17" w="2875" /><ent r="7" t="17" w="2878" /><ent r="7" t="17" w="2887" /><ent r="7" t="17" w="2890" /><ent r="7" t="17" w="2900" /><ent r="7" t="17" w="2903" /><ent r="7" t="17" w="2912" /><ent r="7" t="17" w="2915" /><ent r="7" t="17" w="2925" /><ent r="7" t="17" w="2928" /><ent r="7" t="17" w="2937" /><ent r="7" t="17" w="2940" /><ent r="7" t="17" w="2950" /><ent r="7" t="17" w="2953" /><ent r="7" t="17" w="2963" /><ent r="7" t="17" w="2966" /><ent r="7" t="17" w="2975" /><ent r="7" t="17" w="2978" /><ent r="7" t="17" w="2987" /><ent r="7" t="17" w="2990" /><ent r="7" t="17" w="2999" /><ent r="7" t="17" w="3002" /><ent r="7" t="17" w="3011" /><ent r="7" t="17" w="3014" /><ent r="7" t="17" w="3023" /><ent r="7" t="17" w="3026" /><ent r="7" t="17" w="3034" /><ent r="7" t="17" w="3037" /><ent r="7" t="17" w="3046" /><ent r="7" t="17" w="3049" /><ent r="7" t="17" w="3058" /><ent r="7" t="17" w="3061" /><ent r="7" t="17" w="3069" /><ent r="7" t="17" w="3072" /><ent r="7" t="17" w="3081" /><ent r="7" t="17" w="3084" /><ent r="7" t="17" w="3092" /><ent r="7" t="17" w="3095" /><ent r="7" t="17" w="3104" /><ent r="7" t="17" w="3107" /><ent r="7" t="17" w="3116" /><ent r="7" t="17" w="3119" /><ent r="7" t="17" w="3130" /><ent r="7" t="17" w="3133" /><ent r="7" t="17" w="3142" /><ent r="7" t="17" w="3145" /><ent r="7" t="17" w="3155" /><ent r="7" t="17" w="3158" /><ent r="7" t="17" w="3168" /><ent r="7" t="17" w="3171" /><ent r="7" t="17" w="3182" /><ent r="7" t="17" w="3185" /><ent r="7" t="17" w="3194" /><ent r="7" t="17" w="3197" /><ent r="7" t="17" w="3206" /><ent r="7" t="17" w="3209" /><ent r="7" t="17" w="3218" /><ent r="7" t="17" w="3221" /><ent r="7" t="17" w="3231" /><ent r="7" t="17" w="3234" /><ent r="7" t="17" w="3246" /><ent r="7" t="17" w="3249" /><ent r="7" t="17" w="3259" /><ent r="7" t="17" w="3262" /><ent r="7" t="17" w="3272" /><ent r="7" t="17" w="3275" /><ent r="7" t="17" w="3286" /><ent r="7" t="17" w="3289" /><ent r="7" t="17" w="3299" /><ent r="7" t="17" w="3302" /><ent r="7" t="17" w="3311" /><ent r="7" t="17" w="3314" /><ent r="7" t="17" w="3323" /><ent r="7" t="17" w="3326" /><ent r="7" t="17" w="3336" /><ent r="7" t="17" w="3339" /><ent r="7" t="17" w="3348" /><ent r="7" t="17" w="3351" /><ent r="7" t="17" w="3360" /><ent r="7" t="17" w="3363" /><ent r="7" t="17" w="3373" /><ent r="7" t="17" w="3376" /><ent r="7" t="17" w="3386" /><ent r="7" t="17" w="3389" /><ent r="7" t="17" w="3399" /><ent r="7" t="17" w="3402" /><ent r="7" t="17" w="3414" /><ent r="7" t="17" w="3417" /><ent r="7" t="17" w="3427" /><ent r="7" t="17" w="3430" /><ent r="7" t="17" w="3440" /><ent r="7" t="17" w="3443" /><ent r="7" t="17" w="3454" /><ent r="7" t="17" w="3457" /><ent r="5" t="17" w="3466" /><ent r="5" t="17" w="3469" /><ent r="7" t="17" w="3476" /><ent r="7" t="17" w="3479" /><ent r="7" t="17" w="3487" /><ent r="7" t="17" w="3490" /><ent r="7" t="17" w="3500" /><ent r="7" t="17" w="3503" /><ent r="7" t="17" w="3512" /><ent r="7" t="17" w="3515" /><ent r="7" t="17" w="3524" /><ent r="7" t="17" w="3527" /><ent r="7" t="17" w="3538" /><ent r="7" t="17" w="3541" /><ent r="7" t="17" w="3553" /><ent r="7" t="17" w="3556" /><ent r="7" t="17" w="3566" /><ent r="7" t="17" w="3569" /><ent r="7" t="17" w="3579" /><ent r="7" t="17" w="3582" /><ent r="7" t="17" w="3593" /><ent r="7" t="17" w="3596" /><ent r="7" t="17" w="3607" /><ent r="7" t="17" w="3610" /><ent r="7" t="17" w="3621" /><ent r="7" t="17" w="3624" /><ent r="7" t="17" w="3636" /><ent r="7" t="17" w="3639" /><ent r="7" t="17" w="3650" /><ent r="7" t="17" w="3653" /><ent r="7" t="17" w="3664" /><ent r="7" t="17" w="3671" /><ent r="7" t="17" w="3677" /><ent r="7" t="17" w="3680" /><ent r="7" t="17" w="3688" /><ent r="7" t="17" w="3691" /><ent r="8" t="17" w="3699" /><ent r="8" t="17" w="3702" /><ent r="8" t="17" w="3711" /><ent r="8" t="17" w="3714" /><ent r="8" t="17" w="3725" /><ent r="8" t="17" w="3728" /><ent r="7" t="17" w="3737" /><ent r="7" t="17" w="3740" /><ent r="7" t="17" w="3750" /><ent r="7" t="17" w="3753" /><ent r="7" t="17" w="3762" /><ent r="7" t="17" w="3765" /><ent r="7" t="17" w="3776" /><ent r="7" t="17" w="3779" /><ent r="7" t="17" w="3791" /><ent r="7" t="17" w="3794" /><ent r="6" t="17" w="3803" /><ent r="6" t="17" w="3806" /><ent r="8" t="17" w="3813" /><ent r="8" t="17" w="3816" /><ent r="8" t="17" w="3825" /><ent r="8" t="17" w="3828" /><ent r="8" t="17" w="3837" /><ent r="8" t="17" w="3840" /><ent r="8" t="17" w="3849" /><ent r="8" t="17" w="3852" /><ent r="8" t="17" w="3860" /><ent r="8" t="17" w="3863" /><ent r="8" t="17" w="3873" /><ent r="8" t="17" w="3876" /><ent r="8" t="17" w="3886" /><ent r="8" t="17" w="3889" /><ent r="8" t="17" w="3900" /><ent r="8" t="17" w="3903" /><ent r="8" t="17" w="3914" /><ent r="8" t="17" w="3917" /><ent r="8" t="17" w="3927" /><ent r="8" t="17" w="3930" /><ent r="8" t="17" w="3940" /><ent r="8" t="17" w="3948" /><ent r="8" t="17" w="3954" /><ent r="8" t="17" w="3957" /><ent r="8" t="17" w="3965" /><ent r="8" t="17" w="3968" /><ent r="8" t="17" w="3976" /><ent r="8" t="17" w="3979" /><ent r="8" t="17" w="3988" /><ent r="8" t="17" w="3991" /><ent r="8" t="17" w="4002" /><ent r="8" t="17" w="4005" /><ent r="8" t="17" w="4015" /><ent r="8" t="17" w="4018" /><ent r="8" t="17" w="4026" /><ent r="8" t="17" w="4029" /><ent r="8" t="17" w="4038" /><ent r="8" t="17" w="4041" /><ent r="8" t="17" w="4050" /><ent r="8" t="17" w="4053" /><ent r="8" t="17" w="4062" /><ent r="8" t="17" w="4065" /><ent r="8" t="17" w="4073" /><ent r="8" t="17" w="4076" /><ent r="8" t="17" w="4086" /><ent r="8" t="17" w="4089" /><ent r="8" t="17" w="4099" /><ent r="8" t="17" w="4102" /><ent r="8" t="17" w="4113" /><ent r="8" t="17" w="4116" /><ent r="8" t="17" w="4127" /><ent r="8" t="17" w="4130" /><ent r="8" t="17" w="4140" /><ent r="8" t="17" w="4143" /><ent r="8" t="17" w="4153" /><ent r="8" t="17" w="4161" /><ent r="8" t="17" w="4167" /><ent r="8" t="17" w="4170" /><ent r="5" t="17" w="4178" /><ent r="5" t="17" w="4181" /><ent r="7" t="17" w="4189" /><ent r="7" t="17" w="4192" /><ent r="7" t="17" w="4202" /><ent r="7" t="17" w="4205" /><ent r="7" t="17" w="4216" /><ent r="7" t="17" w="4219" /><ent r="7" t="17" w="4230" /><ent r="7" t="17" w="4233" /><ent r="7" t="17" w="4242" /><ent r="7" t="17" w="4245" /><ent r="7" t="17" w="4256" /><ent r="7" t="17" w="4259" /><ent r="7" t="17" w="4269" /><ent r="7" t="17" w="4272" /><ent r="7" t="17" w="4283" /><ent r="7" t="17" w="4286" /><ent r="7" t="17" w="4297" /><ent r="7" t="17" w="4300" /><ent r="7" t="17" w="4310" /><ent r="7" t="17" w="4313" /><ent r="7" t="17" w="4324" /><ent r="7" t="17" w="4327" /><ent r="7" t="17" w="4339" /><ent r="7" t="17" w="4342" /><ent r="7" t="17" w="4351" /><ent r="7" t="17" w="4354" /><ent r="7" t="17" w="4363" /><ent r="7" t="17" w="4366" /><ent r="7" t="17" w="4375" /><ent r="7" t="17" w="4378" /><ent r="8" t="17" w="4389" /><ent r="8" t="17" w="4392" /><ent r="8" t="17" w="4404" /><ent r="8" t="17" w="4407" /><ent r="7" t="17" w="4420" /><ent r="7" t="17" w="4423" /><ent r="7" t="17" w="4434" /><ent r="7" t="17" w="4437" /><ent r="7" t="17" w="4448" /><ent r="7" t="17" w="4451" /><ent r="7" t="17" w="4460" /><ent r="7" t="17" w="4463" /><ent r="7" t="17" w="4473" /><ent r="7" t="17" w="4476" /><ent r="7" t="17" w="4487" /><ent r="7" t="17" w="4490" /><ent r="7" t="17" w="4501" /><ent r="7" t="17" w="4504" /><ent r="7" t="17" w="4513" /><ent r="7" t="17" w="4516" /><ent r="7" t="17" w="4527" /><ent r="7" t="17" w="4530" /><ent r="7" t="17" w="4540" /><ent r="7" t="17" w="4543" /><ent r="7" t="17" w="4554" /><ent r="7" t="17" w="4557" /><ent r="7" t="17" w="4568" /><ent r="7" t="17" w="4571" /><ent r="7" t="17" w="4581" /><ent r="7" t="17" w="4584" /><ent r="7" t="17" w="4595" /><ent r="7" t="17" w="4598" /><ent r="5" t="17" w="4607" /><ent r="5" t="17" w="4610" /><ent r="7" t="17" w="4618" /><ent r="7" t="17" w="4621" /><ent r="7" t="17" w="4630" /><ent r="7" t="17" w="4633" /><ent r="7" t="17" w="4644" /><ent r="7" t="17" w="4647" /><ent r="7" t="17" w="4656" /><ent r="7" t="17" w="4659" /><ent r="7" t="17" w="4670" /><ent r="7" t="17" w="4673" /><ent r="7" t="17" w="4683" /><ent r="7" t="17" w="4686" /><ent r="7" t="17" w="4697" /><ent r="7" t="17" w="4700" /><ent r="8" t="17" w="4711" /><ent r="8" t="17" w="4714" /><ent r="8" t="17" w="4725" /><ent r="8" t="17" w="4728" /><ent r="8" t="17" w="4740" /><ent r="8" t="17" w="4743" /><ent r="8" t="17" w="4754" /><ent r="8" t="17" w="4757" /><ent r="8" t="17" w="4768" /><ent r="8" t="17" w="4775" /><ent r="8" t="17" w="4781" /><ent r="8" t="17" w="4784" /><ent r="8" t="17" w="4792" /><ent r="8" t="17" w="4795" /><ent r="8" t="17" w="4803" /><ent r="8" t="17" w="4806" /><ent r="8" t="17" w="4816" /><ent r="8" t="17" w="4819" /><ent r="8" t="17" w="4832" /><ent r="8" t="17" w="4835" /><ent r="8" t="17" w="4845" /><ent r="8" t="17" w="4848" /><ent r="8" t="17" w="4857" /><ent r="8" t="17" w="4860" /><ent r="8" t="17" w="4871" /><ent r="8" t="17" w="4874" /><ent r="8" t="17" w="4883" /><ent r="8" t="17" w="4886" /><ent r="7" t="17" w="4896" /><ent r="7" t="17" w="4899" /><ent r="7" t="17" w="4910" /><ent r="7" t="17" w="4913" /><ent r="7" t="17" w="4925" /><ent r="7" t="17" w="4928" /><ent r="7" t="17" w="4937" /><ent r="7" t="17" w="4940" /><ent r="7" t="17" w="4949" /><ent r="7" t="17" w="4952" /><ent r="7" t="17" w="4963" /><ent r="7" t="17" w="4966" /><ent r="7" t="17" w="4975" /><ent r="7" t="17" w="4978" /><ent r="7" t="17" w="4989" /><ent r="7" t="17" w="4992" /><ent r="7" t="17" w="5002" /><ent r="7" t="17" w="5005" /><ent r="5" t="17" w="5014" /><ent r="5" t="17" w="5017" /><ent r="7" t="17" w="5024" /><ent r="7" t="17" w="5027" /><ent r="7" t="17" w="5034" /><ent r="7" t="17" w="5037" /><ent r="7" t="17" w="5045" /><ent r="7" t="17" w="5048" /><ent r="7" t="17" w="5057" /><ent r="7" t="17" w="5060" /><ent r="7" t="17" w="5068" /><ent r="7" t="17" w="5071" /><ent r="7" t="17" w="5084" /><ent r="7" t="17" w="5087" /><ent r="7" t="17" w="5098" /><ent r="7" t="17" w="5101" /><ent r="7" t="17" w="5111" /><ent r="7" t="17" w="5114" /><ent r="7" t="17" w="5125" /><ent r="7" t="17" w="5128" /><ent r="7" t="17" w="5139" /><ent r="7" t="17" w="5142" /><ent r="7" t="17" w="5150" /><ent r="7" t="17" w="5153" /><ent r="7" t="17" w="5164" /><ent r="7" t="17" w="5167" /><ent r="7" t="17" w="5177" /><ent r="7" t="17" w="5180" /><ent r="7" t="17" w="5191" /><ent r="7" t="17" w="5194" /><ent r="7" t="17" w="5203" /><ent r="7" t="17" w="5206" /><ent r="7" t="17" w="5216" /><ent r="7" t="17" w="5219" /><ent r="7" t="17" w="5228" /><ent r="7" t="17" w="5231" /><ent r="7" t="17" w="5241" /><ent r="7" t="17" w="5244" /><ent r="7" t="17" w="5254" /><ent r="7" t="17" w="5257" /><ent r="5" t="17" w="5267" /><ent r="5" t="17" w="5270" /><ent r="7" t="17" w="5279" /><ent r="7" t="17" w="5282" /><ent r="7" t="17" w="5291" /><ent r="7" t="17" w="5294" /><ent r="7" t="17" w="5307" /><ent r="7" t="17" w="5310" /><ent r="7" t="17" w="5318" /><ent r="7" t="17" w="5321" /><ent r="7" t="17" w="5330" /><ent r="7" t="17" w="5333" /><ent r="7" t="17" w="5343" /><ent r="7" t="17" w="5346" /><ent r="7" t="17" w="5357" /><ent r="7" t="17" w="5360" /><ent r="7" t="17" w="5369" /><ent r="7" t="17" w="5372" /><ent r="7" t="17" w="5386" /><ent r="7" t="17" w="5389" /><ent r="7" t="17" w="5400" /><ent r="7" t="17" w="5403" /><ent r="5" t="17" w="5411" /><ent r="5" t="17" w="5414" /><ent r="7" t="17" w="5421" /><ent r="7" t="17" w="5424" /><ent r="7" t="17" w="5432" /><ent r="7" t="17" w="5435" /><ent r="7" t="17" w="5444" /><ent r="7" t="17" w="5447" /><ent r="7" t="17" w="5456" /><ent r="7" t="17" w="5459" /><ent r="7" t="17" w="5467" /><ent r="7" t="17" w="5470" /><ent r="7" t="17" w="5479" /><ent r="7" t="17" w="5482" /><ent r="7" t="17" w="5491" /><ent r="7" t="17" w="5494" /><ent r="7" t="17" w="5505" /><ent r="7" t="17" w="5508" /><ent r="7" t="17" w="5519" /><ent r="7" t="17" w="5522" /><ent r="7" t="17" w="5531" /><ent r="7" t="17" w="5534" /><ent r="7" t="17" w="5545" /><ent r="7" t="17" w="5548" /><ent r="7" t="17" w="5558" /><ent r="7" t="17" w="5561" /><ent r="7" t="17" w="5570" /><ent r="7" t="17" w="5573" /><ent r="7" t="17" w="5582" /><ent r="7" t="17" w="5585" /><ent r="7" t="17" w="5595" /><ent r="7" t="17" w="5598" /><ent r="7" t="17" w="5608" /><ent r="7" t="17" w="5611" /><ent r="7" t="17" w="5621" /><ent r="7" t="17" w="5624" /><ent r="7" t="17" w="5635" /><ent r="7" t="17" w="5638" /><ent r="7" t="17" w="5650" /><ent r="7" t="17" w="5653" /><ent r="7" t="17" w="5662" /><ent r="7" t="17" w="5665" /><ent r="7" t="17" w="5675" /><ent r="7" t="17" w="5678" /><ent r="7" t="17" w="5688" /><ent r="7" t="17" w="5691" /><ent r="7" t="17" w="5702" /><ent r="7" t="17" w="5705" /><ent r="7" t="17" w="5715" /><ent r="7" t="17" w="5718" /><ent r="7" t="17" w="5729" /><ent r="7" t="17" w="5732" /><ent r="7" t="17" w="5743" /><ent r="7" t="17" w="5746" /><ent r="7" t="17" w="5758" /><ent r="7" t="17" w="5761" /><ent r="7" t="17" w="5772" /><ent r="7" t="17" w="5775" /><ent r="7" t="17" w="5788" /><ent r="7" t="17" w="5791" /><ent r="7" t="17" w="5803" /><ent r="7" t="17" w="5806" /><ent r="7" t="17" w="5819" /><ent r="7" t="17" w="5822" /><ent r="7" t="17" w="5834" /><ent r="7" t="17" w="5837" /><ent r="7" t="17" w="5848" /><ent r="7" t="17" w="5851" /><ent r="7" t="17" w="5861" /><ent r="7" t="17" w="5864" /><ent r="7" t="17" w="5875" /><ent r="7" t="17" w="5878" /><ent r="7" t="17" w="5890" /><ent r="7" t="17" w="5893" /><ent r="7" t="17" w="5902" /><ent r="7" t="17" w="5905" /><ent r="5" t="17" w="5913" /><ent r="5" t="17" w="5916" /><ent r="7" t="17" w="5923" /><ent r="7" t="17" w="5926" /><ent r="7" t="17" w="5934" /><ent r="7" t="17" w="5937" /><ent r="7" t="17" w="5946" /><ent r="7" t="17" w="5949" /><ent r="7" t="17" w="5958" /><ent r="7" t="17" w="5961" /><ent r="7" t="17" w="5969" /><ent r="7" t="17" w="5972" /><ent r="7" t="17" w="5981" /><ent r="7" t="17" w="5984" /><ent r="7" t="17" w="5994" /><ent r="7" t="17" w="5997" /><ent r="7" t="17" w="6006" /><ent r="7" t="17" w="6009" /><ent r="7" t="17" w="6020" /><ent r="7" t="17" w="6023" /><ent r="7" t="17" w="6032" /><ent r="7" t="17" w="6035" /><ent r="7" t="17" w="6046" /><ent r="7" t="17" w="6049" /><ent r="7" t="17" w="6061" /><ent r="7" t="17" w="6064" /><ent r="7" t="17" w="6074" /><ent r="7" t="17" w="6077" /><ent r="7" t="17" w="6089" /><ent r="7" t="17" w="6092" /><ent r="7" t="17" w="6104" /><ent r="7" t="17" w="6107" /><ent r="7" t="17" w="6118" /><ent r="7" t="17" w="6121" /><ent r="7" t="17" w="6132" /><ent r="7" t="17" w="6135" /><ent r="7" t="17" w="6152" /><ent r="7" t="17" w="6155" /><ent r="7" t="17" w="6166" /><ent r="7" t="17" w="6169" /><ent r="7" t="17" w="6182" /><ent r="7" t="17" w="6185" /><ent r="7" t="17" w="6196" /><ent r="7" t="17" w="6199" /><ent r="7" t="17" w="6209" /><ent r="7" t="17" w="6212" /><ent r="7" t="17" w="6222" /><ent r="7" t="17" w="6225" /><ent r="7" t="17" w="6235" /><ent r="7" t="17" w="6238" /><ent r="7" t="17" w="6249" /><ent r="7" t="17" w="6252" /><ent r="7" t="17" w="6261" /><ent r="7" t="17" w="6264" /><ent r="7" t="17" w="6274" /><ent r="7" t="17" w="6277" /><ent r="7" t="17" w="6288" /><ent r="7" t="17" w="6291" /><ent r="7" t="17" w="6303" /><ent r="7" t="17" w="6306" /><ent r="7" t="17" w="6319" /><ent r="7" t="17" w="6322" /><ent r="7" t="17" w="6333" /><ent r="7" t="17" w="6336" /><ent r="7" t="17" w="6347" /><ent r="7" t="17" w="6350" /><ent r="7" t="17" w="6361" /><ent r="7" t="17" w="6364" /><ent r="7" t="17" w="6377" /><ent r="7" t="17" w="6380" /><ent r="7" t="17" w="6390" /><ent r="7" t="17" w="6393" /><ent r="7" t="17" w="6404" /><ent r="7" t="17" w="6407" /><ent r="7" t="17" w="6420" /><ent r="7" t="17" w="6423" /><ent r="7" t="17" w="6432" /><ent r="7" t="17" w="6435" /><ent r="7" t="17" w="6443" /><ent r="7" t="17" w="6446" /><ent r="7" t="17" w="6454" /><ent r="7" t="17" w="6457" /><ent r="7" t="17" w="6465" /><ent r="7" t="17" w="6468" /><ent r="7" t="17" w="6479" /><ent r="7" t="17" w="6482" /><ent r="7" t="17" w="6494" /><ent r="7" t="17" w="6497" /><ent r="7" t="17" w="6509" /><ent r="7" t="17" w="6512" /><ent r="7" t="17" w="6525" /><ent r="7" t="17" w="6528" /><ent r="7" t="17" w="6539" /><ent r="7" t="17" w="6542" /><ent r="7" t="17" w="6552" /><ent r="7" t="17" w="6555" /><ent r="7" t="17" w="6565" /><ent r="7" t="17" w="6568" /><ent r="5" t="17" w="6578" /><ent r="5" t="17" w="6581" /><ent r="7" t="17" w="6588" /><ent r="7" t="17" w="6591" /><ent r="7" t="17" w="6598" /><ent r="7" t="17" w="6601" /><ent r="7" t="17" w="6610" /><ent r="7" t="17" w="6613" /><ent r="7" t="17" w="6622" /><ent r="7" t="17" w="6625" /><ent r="7" t="17" w="6634" /><ent r="7" t="17" w="6637" /><ent r="7" t="17" w="6646" /><ent r="7" t="17" w="6649" /><ent r="5" t="17" w="6657" /><ent r="5" t="17" w="6660" /><ent r="6" t="17" w="6668" /><ent r="6" t="17" w="6671" /><ent r="6" t="17" w="6681" /><ent r="6" t="17" w="6684" /><ent r="6" t="17" w="6695" /><ent r="6" t="17" w="6698" /><ent r="6" t="17" w="6709" /><ent r="6" t="17" w="6712" /><ent r="6" t="17" w="6722" /><ent r="6" t="17" w="6725" /><ent r="6" t="17" w="6734" /><ent r="6" t="17" w="6737" /><ent r="6" t="17" w="6747" /><ent r="6" t="17" w="6750" /><ent r="6" t="17" w="6759" /><ent r="6" t="17" w="6762" /><ent r="6" t="17" w="6772" /><ent r="6" t="17" w="6775" /><ent r="6" t="17" w="6784" /><ent r="6" t="17" w="6787" /><ent r="6" t="17" w="6798" /><ent r="6" t="17" w="6801" /><ent r="6" t="17" w="6811" /><ent r="6" t="17" w="6814" /><ent r="5" t="17" w="6822" /><ent r="5" t="17" w="6825" /><ent r="7" t="17" w="6833" /><ent r="7" t="17" w="6836" /><ent r="7" t="17" w="6844" /><ent r="7" t="17" w="6847" /><ent r="7" t="17" w="6857" /><ent r="7" t="17" w="6860" /><ent r="7" t="17" w="6869" /><ent r="7" t="17" w="6872" /><ent r="7" t="17" w="6886" /><ent r="7" t="17" w="6889" /><ent r="7" t="17" w="6899" /><ent r="7" t="17" w="6902" /><ent r="7" t="17" w="6914" /><ent r="7" t="17" w="6917" /><ent r="7" t="17" w="6929" /><ent r="7" t="17" w="6932" /><ent r="7" t="17" w="6943" /><ent r="7" t="17" w="6946" /><ent r="7" t="17" w="6957" /><ent r="7" t="17" w="6960" /><ent r="7" t="17" w="6970" /><ent r="7" t="17" w="6973" /><ent r="7" t="17" w="6981" /><ent r="7" t="17" w="6984" /><ent r="7" t="17" w="6997" /><ent r="7" t="17" w="7000" /><ent r="7" t="17" w="7012" /><ent r="7" t="17" w="7015" /><ent r="7" t="17" w="7026" /><ent r="7" t="17" w="7029" /><ent r="7" t="17" w="7039" /><ent r="7" t="17" w="7042" /><ent r="7" t="17" w="7051" /><ent r="7" t="17" w="7054" /><ent r="7" t="17" w="7063" /><ent r="7" t="17" w="7066" /><ent r="7" t="17" w="7076" /><ent r="7" t="17" w="7079" /><ent r="64" t="45" w="283" /><ent r="64" t="51" w="117" /></phr><phr n="ACT"><ent r="4" t="4" w="314" /><ent r="4" t="15" w="264" /><ent r="4" t="15" w="265" /><ent r="4" t="15" w="265" /><ent r="4" t="15" w="310" /><ent r="4" t="15" w="311" /><ent r="4" t="15" w="311" /><ent r="7" t="17" w="6145" /><ent r="7" t="17" w="6428" /><ent r="6" t="18" w="134" /><ent r="3" t="45" w="276" /><ent r="4" t="52" w="182" /><ent r="4" t="53" w="125" /><ent r="4" t="54" w="112" /><ent r="4" t="55" w="148" /><ent r="4" t="56" w="131" /><ent r="4" t="56" w="198" /><ent r="5" t="57" w="105" /><ent r="4" t="58" w="87" /><ent r="5" t="59" w="106" /><ent r="4" t="72" w="25" /><ent r="4" t="72" w="51" /><ent r="4" t="72" w="151" /><ent r="4" t="72" w="230" /><ent r="4" t="72" w="256" /><ent r="4" t="76" w="16" /></phr></stem></index>