<?xml version="1.0" encoding="utf-8"?><index><stem n="type"><phr n="types"><ent r="65" t="1" w="170" /><ent r="65" t="1" w="170" /><ent r="65" t="1" w="234" /><ent r="65" t="1" w="234" /><ent r="3" t="1" w="276" /><ent r="3" t="1" w="276" /><ent r="4" t="5" w="27" /><ent r="4" t="5" w="27" /><ent r="6" t="5" w="89" /><ent r="100" t="6" w="11" /><ent r="100" t="6" w="11" /><ent r="102" t="6" w="14" /><ent r="102" t="6" w="14" /><ent r="3" t="6" w="19" /><ent r="3" t="6" w="19" /><ent r="1000" t="9" w="2" /><ent r="1000" t="9" w="2" /><ent r="100" t="9" w="10" /><ent r="100" t="9" w="10" /><ent r="102" t="9" w="14" /><ent r="102" t="9" w="14" /><ent r="100" t="16" w="11" /><ent r="100" t="16" w="11" /><ent r="3" t="16" w="17" /><ent r="3" t="16" w="17" /><ent r="3" t="16" w="123" /><ent r="3" t="16" w="123" /><ent r="3" t="16" w="135" /><ent r="3" t="16" w="135" /><ent r="3" t="56" w="94" /><ent r="3" t="56" w="94" /><ent r="3" t="56" w="166" /><ent r="1000" t="73" w="3" /><ent r="1000" t="73" w="3" /><ent r="100" t="73" w="6" /><ent r="102" t="73" w="12" /><ent r="102" t="73" w="12" /><ent r="3" t="73" w="22" /><ent r="100" t="74" w="11" /><ent r="100" t="74" w="11" /><ent r="102" t="74" w="14" /><ent r="102" t="74" w="14" /><ent r="3" t="74" w="19" /><ent r="3" t="74" w="19" /><ent r="1000" t="75" w="3" /><ent r="1000" t="75" w="3" /><ent r="100" t="75" w="6" /><ent r="102" t="75" w="11" /><ent r="102" t="75" w="11" /><ent r="3" t="75" w="18" /><ent r="3" t="75" w="18" /></phr><phr n="type"><ent r="7" t="3" w="297" /><ent r="7" t="3" w="297" /><ent r="7" t="3" w="405" /><ent r="7" t="3" w="405" /><ent r="4" t="3" w="1056" /><ent r="4" t="3" w="1056" /><ent r="64" t="6" w="37" /><ent r="64" t="6" w="37" /><ent r="64" t="6" w="44" /><ent r="64" t="6" w="44" /><ent r="5" t="6" w="56" /><ent r="5" t="6" w="56" /><ent r="5" t="6" w="60" /><ent r="5" t="6" w="60" /><ent r="5" t="6" w="64" /><ent r="5" t="6" w="64" /><ent r="3" t="9" w="88" /><ent r="3" t="9" w="88" /><ent r="3" t="15" w="110" /><ent r="3" t="15" w="110" /><ent r="4" t="15" w="443" /><ent r="4" t="15" w="443" /><ent r="3" t="16" w="150" /><ent r="3" t="25" w="276" /><ent r="3" t="25" w="276" /><ent r="3" t="26" w="145" /><ent r="3" t="26" w="145" /><ent r="3" t="26" w="162" /><ent r="3" t="26" w="162" /><ent r="3" t="28" w="59" /><ent r="3" t="28" w="59" /><ent r="3" t="28" w="181" /><ent r="3" t="28" w="184" /><ent r="3" t="28" w="184" /><ent r="3" t="28" w="200" /><ent r="3" t="28" w="228" /><ent r="3" t="28" w="228" /><ent r="3" t="28" w="260" /><ent r="3" t="28" w="260" /><ent r="3" t="28" w="278" /><ent r="3" t="28" w="278" /><ent r="3" t="28" w="317" /><ent r="3" t="28" w="317" /><ent r="3" t="28" w="334" /><ent r="3" t="28" w="334" /><ent r="3" t="28" w="387" /><ent r="3" t="28" w="387" /><ent r="3" t="29" w="187" /><ent r="3" t="29" w="187" /><ent r="3" t="31" w="91" /><ent r="3" t="31" w="91" /><ent r="3" t="31" w="98" /><ent r="3" t="31" w="98" /><ent r="3" t="31" w="107" /><ent r="3" t="31" w="107" /><ent r="3" t="31" w="130" /><ent r="3" t="31" w="130" /><ent r="3" t="31" w="254" /><ent r="3" t="31" w="650" /><ent r="3" t="33" w="42" /><ent r="3" t="33" w="42" /><ent r="3" t="34" w="42" /><ent r="3" t="34" w="42" /><ent r="3" t="34" w="46" /><ent r="3" t="34" w="46" /><ent r="3" t="34" w="52" /><ent r="3" t="34" w="59" /><ent r="3" t="34" w="59" /><ent r="3" t="34" w="74" /><ent r="3" t="34" w="74" /><ent r="3" t="34" w="82" /><ent r="3" t="34" w="82" /><ent r="3" t="34" w="94" /><ent r="3" t="34" w="94" /><ent r="3" t="34" w="101" /><ent r="3" t="34" w="405" /><ent r="3" t="34" w="405" /><ent r="3" t="34" w="413" /><ent r="3" t="34" w="413" /><ent r="4" t="65" w="206" /><ent r="3" t="65" w="305" /><ent r="3" t="65" w="307" /><ent r="3" t="65" w="307" /><ent r="3" t="65" w="336" /><ent r="3" t="65" w="336" /><ent r="3" t="65" w="350" /><ent r="3" t="65" w="350" /><ent r="4" t="65" w="383" /><ent r="6" t="73" w="274" /><ent r="6" t="73" w="274" /><ent r="6" t="73" w="315" /><ent r="6" t="73" w="315" /><ent r="64" t="74" w="37" /><ent r="64" t="74" w="37" /><ent r="64" t="74" w="44" /><ent r="64" t="74" w="44" /><ent r="6" t="74" w="56" /><ent r="6" t="74" w="56" /><ent r="6" t="74" w="60" /><ent r="6" t="74" w="60" /><ent r="6" t="74" w="64" /><ent r="6" t="74" w="64" /><ent r="6" t="75" w="62" /><ent r="6" t="75" w="62" /><ent r="6" t="75" w="100" /><ent r="6" t="75" w="100" /><ent r="6" t="75" w="122" /><ent r="6" t="75" w="122" /><ent r="6" t="75" w="151" /><ent r="6" t="75" w="151" /><ent r="6" t="75" w="168" /><ent r="6" t="75" w="168" /><ent r="6" t="75" w="185" /><ent r="6" t="75" w="185" /><ent r="6" t="75" w="202" /><ent r="6" t="75" w="202" /><ent r="6" t="75" w="251" /><ent r="6" t="75" w="251" /><ent r="6" t="75" w="269" /><ent r="6" t="75" w="269" /><ent r="6" t="75" w="296" /><ent r="6" t="75" w="296" /><ent r="6" t="75" w="306" /><ent r="6" t="75" w="306" /><ent r="6" t="75" w="323" /><ent r="6" t="75" w="323" /><ent r="6" t="75" w="341" /><ent r="6" t="75" w="341" /><ent r="7" t="80" w="314" /><ent r="7" t="80" w="314" /><ent r="7" t="80" w="422" /><ent r="7" t="80" w="422" /></phr><phr n="Types"><ent r="1000" t="6" w="2" /><ent r="1000" t="6" w="2" /><ent r="7" t="17" w="5226" /><ent r="1000" t="74" w="2" /><ent r="1000" t="74" w="2" /></phr><phr n="typed"><ent r="3" t="26" w="120" /><ent r="3" t="26" w="120" /><ent r="3" t="28" w="269" /><ent r="3" t="28" w="269" /><ent r="3" t="28" w="496" /><ent r="3" t="28" w="496" /><ent r="3" t="28" w="523" /><ent r="3" t="28" w="523" /><ent r="3" t="31" w="126" /><ent r="3" t="31" w="126" /><ent r="3" t="34" w="303" /><ent r="3" t="34" w="303" /></phr><phr n="Type"><ent r="6" t="73" w="25" /><ent r="6" t="73" w="25" /><ent r="5" t="75" w="22" /><ent r="5" t="75" w="22" /></phr></stem><stem n="lexicon"><phr n="lexicon"><ent r="65" t="1" w="181" /><ent r="65" t="1" w="181" /><ent r="1000" t="7" w="2" /><ent r="1000" t="7" w="2" /><ent r="102" t="7" w="8" /><ent r="102" t="7" w="8" /><ent r="3" t="7" w="16" /><ent r="3" t="7" w="16" /><ent r="3" t="7" w="98" /></phr><phr n="Lexicon"><ent r="100" t="7" w="4" /><ent r="100" t="7" w="4" /></phr></stem><stem n="proper"><phr n="proper"><ent r="4" t="1" w="184" /><ent r="4" t="1" w="184" /><ent r="3" t="2" w="409" /><ent r="3" t="2" w="409" /><ent r="4" t="18" w="61" /><ent r="4" t="18" w="61" /><ent r="3" t="25" w="337" /><ent r="3" t="25" w="337" /><ent r="3" t="50" w="197" /><ent r="3" t="50" w="197" /><ent r="4" t="61" w="462" /><ent r="4" t="61" w="462" /></phr></stem><stem n="terminolog"><phr n="terminology"><ent r="4" t="1" w="185" /><ent r="4" t="1" w="185" /><ent r="4" t="5" w="23" /><ent r="4" t="5" w="23" /><ent r="3" t="7" w="19" /><ent r="3" t="7" w="19" /><ent r="3" t="7" w="109" /></phr><phr n="Terminology"><ent r="100" t="7" w="10" /><ent r="100" t="7" w="10" /></phr></stem><stem n="common"><phr n="common"><ent r="4" t="1" w="187" /><ent r="4" t="1" w="187" /><ent r="3" t="7" w="22" /><ent r="3" t="7" w="22" /><ent r="5" t="14" w="115" /><ent r="5" t="14" w="115" /><ent r="3" t="37" w="253" /><ent r="3" t="37" w="253" /><ent r="3" t="39" w="173" /><ent r="3" t="39" w="173" /><ent r="3" t="39" w="209" /><ent r="3" t="39" w="209" /><ent r="3" t="39" w="391" /><ent r="3" t="39" w="391" /><ent r="4" t="41" w="153" /><ent r="4" t="41" w="153" /><ent r="3" t="44" w="22" /><ent r="3" t="44" w="22" /><ent r="3" t="48" w="155" /><ent r="3" t="48" w="155" /><ent r="3" t="48" w="216" /><ent r="3" t="48" w="216" /><ent r="3" t="48" w="296" /><ent r="3" t="48" w="296" /><ent r="3" t="48" w="366" /><ent r="3" t="48" w="366" /></phr><phr n="Common"><ent r="4" t="5" w="25" /><ent r="4" t="5" w="25" /></phr></stem><stem n="procedur"><phr n="procedures"><ent r="4" t="1" w="191" /><ent r="3" t="7" w="26" /><ent r="3" t="7" w="26" /><ent r="3" t="50" w="373" /><ent r="3" t="50" w="373" /></phr><phr n="procedure"><ent r="3" t="7" w="40" /><ent r="3" t="7" w="40" /><ent r="3" t="24" w="381" /></phr><phr n="Procedure"><ent r="6" t="7" w="146" /><ent r="6" t="7" w="146" /><ent r="4" t="24" w="148" /><ent r="4" t="24" w="148" /></phr><phr n="Procedures"><ent r="92" t="50" w="367" /><ent r="92" t="50" w="367" /><ent r="3" t="50" w="370" /><ent r="3" t="50" w="370" /></phr></stem><stem n="model"><phr n="model"><ent r="65" t="1" w="196" /><ent r="65" t="1" w="196" /><ent r="65" t="1" w="217" /><ent r="65" t="1" w="217" /><ent r="1000" t="8" w="3" /><ent r="1000" t="8" w="3" /><ent r="100" t="8" w="6" /><ent r="100" t="8" w="6" /><ent r="102" t="8" w="11" /><ent r="102" t="8" w="11" /><ent r="1000" t="10" w="3" /><ent r="1000" t="10" w="3" /><ent r="100" t="10" w="6" /><ent r="100" t="10" w="9" /><ent r="100" t="10" w="9" /><ent r="102" t="10" w="13" /><ent r="102" t="10" w="13" /><ent r="1000" t="11" w="3" /><ent r="1000" t="11" w="3" /><ent r="100" t="11" w="6" /><ent r="100" t="11" w="9" /><ent r="100" t="11" w="9" /><ent r="102" t="11" w="13" /><ent r="102" t="11" w="13" /><ent r="1000" t="12" w="3" /><ent r="1000" t="12" w="3" /><ent r="100" t="12" w="6" /><ent r="100" t="12" w="9" /><ent r="100" t="12" w="9" /><ent r="102" t="12" w="13" /><ent r="102" t="12" w="13" /><ent r="1000" t="13" w="2" /><ent r="1000" t="13" w="2" /><ent r="100" t="13" w="5" /><ent r="100" t="13" w="5" /><ent r="102" t="13" w="8" /><ent r="102" t="13" w="8" /><ent r="3" t="13" w="21" /><ent r="3" t="13" w="21" /><ent r="3" t="31" w="783" /><ent r="3" t="31" w="783" /><ent r="3" t="34" w="129" /><ent r="3" t="37" w="204" /><ent r="3" t="37" w="204" /><ent r="3" t="37" w="337" /><ent r="3" t="37" w="337" /><ent r="3" t="39" w="597" /><ent r="3" t="39" w="597" /><ent r="3" t="50" w="283" /><ent r="3" t="50" w="283" /><ent r="3" t="50" w="287" /><ent r="3" t="71" w="23" /><ent r="3" t="71" w="23" /><ent r="4" t="82" w="116" /><ent r="4" t="82" w="130" /><ent r="4" t="82" w="130" /></phr><phr n="Model"><ent r="4" t="37" w="346" /><ent r="4" t="37" w="346" /><ent r="92" t="39" w="25" /><ent r="92" t="39" w="25" /><ent r="92" t="48" w="27" /><ent r="92" t="48" w="27" /></phr></stem><stem n="how"><phr n="how"><ent r="4" t="1" w="199" /><ent r="4" t="1" w="199" /><ent r="3" t="3" w="65" /><ent r="3" t="3" w="65" /><ent r="3" t="7" w="84" /><ent r="3" t="7" w="84" /><ent r="4" t="15" w="558" /><ent r="4" t="15" w="558" /><ent r="3" t="19" w="58" /><ent r="3" t="19" w="58" /><ent r="4" t="19" w="108" /><ent r="4" t="19" w="108" /><ent r="82" t="19" w="129" /><ent r="82" t="19" w="129" /><ent r="4" t="19" w="140" /><ent r="4" t="19" w="140" /><ent r="82" t="20" w="92" /><ent r="82" t="20" w="92" /><ent r="4" t="20" w="103" /><ent r="4" t="20" w="103" /><ent r="3" t="21" w="14" /><ent r="3" t="21" w="14" /><ent r="82" t="21" w="59" /><ent r="82" t="21" w="59" /><ent r="4" t="21" w="70" /><ent r="4" t="21" w="70" /><ent r="4" t="23" w="76" /><ent r="4" t="23" w="76" /><ent r="4" t="23" w="86" /><ent r="4" t="23" w="86" /><ent r="3" t="31" w="780" /><ent r="3" t="31" w="780" /><ent r="3" t="38" w="417" /><ent r="3" t="38" w="417" /><ent r="3" t="58" w="16" /><ent r="3" t="58" w="16" /><ent r="3" t="61" w="409" /><ent r="3" t="61" w="409" /><ent r="3" t="63" w="273" /><ent r="3" t="63" w="273" /><ent r="3" t="67" w="19" /><ent r="3" t="67" w="19" /><ent r="3" t="68" w="15" /><ent r="3" t="68" w="15" /><ent r="3" t="69" w="21" /><ent r="3" t="69" w="21" /><ent r="3" t="79" w="48" /><ent r="3" t="79" w="48" /><ent r="3" t="80" w="65" /><ent r="3" t="80" w="65" /><ent r="4" t="82" w="141" /><ent r="4" t="82" w="141" /></phr><phr n="How"><ent r="92" t="18" w="45" /><ent r="92" t="18" w="45" /><ent r="92" t="26" w="232" /><ent r="92" t="26" w="232" /><ent r="3" t="61" w="492" /><ent r="3" t="61" w="492" /><ent r="3" t="62" w="139" /><ent r="3" t="62" w="139" /><ent r="3" t="63" w="289" /><ent r="3" t="63" w="289" /><ent r="3" t="64" w="350" /><ent r="3" t="64" w="350" /><ent r="3" t="65" w="588" /><ent r="3" t="65" w="588" /></phr></stem><stem n="fit"><phr n="fit"><ent r="4" t="1" w="208" /><ent r="4" t="1" w="208" /><ent r="3" t="4" w="25" /><ent r="3" t="4" w="25" /></phr><phr n="fitness"><ent r="3" t="72" w="249" /><ent r="3" t="72" w="249" /></phr></stem><stem n="need"><phr n="needs"><ent r="4" t="1" w="210" /><ent r="3" t="4" w="28" /><ent r="3" t="8" w="42" /><ent r="3" t="8" w="108" /><ent r="3" t="8" w="108" /><ent r="3" t="29" w="62" /><ent r="3" t="29" w="62" /><ent r="3" t="45" w="173" /><ent r="3" t="60" w="30" /></phr><phr n="need"><ent r="3" t="2" w="321" /><ent r="3" t="2" w="321" /><ent r="3" t="25" w="109" /><ent r="3" t="25" w="109" /><ent r="3" t="25" w="125" /><ent r="3" t="25" w="125" /><ent r="3" t="27" w="20" /><ent r="3" t="27" w="20" /><ent r="3" t="27" w="36" /><ent r="3" t="27" w="36" /><ent r="3" t="27" w="56" /><ent r="3" t="27" w="56" /><ent r="3" t="27" w="93" /><ent r="3" t="27" w="93" /><ent r="3" t="27" w="185" /><ent r="3" t="27" w="185" /><ent r="3" t="27" w="486" /><ent r="3" t="27" w="486" /><ent r="3" t="28" w="348" /><ent r="3" t="28" w="348" /><ent r="3" t="28" w="405" /><ent r="3" t="28" w="405" /><ent r="3" t="29" w="369" /><ent r="3" t="29" w="369" /><ent r="3" t="30" w="47" /><ent r="3" t="30" w="47" /><ent r="3" t="31" w="568" /><ent r="3" t="31" w="568" /><ent r="3" t="49" w="225" /><ent r="3" t="49" w="225" /><ent r="3" t="56" w="77" /><ent r="3" t="56" w="77" /><ent r="3" t="61" w="397" /><ent r="3" t="61" w="397" /></phr><phr n="needed"><ent r="4" t="18" w="70" /><ent r="4" t="48" w="63" /><ent r="4" t="48" w="63" /><ent r="4" t="48" w="75" /><ent r="4" t="48" w="75" /><ent r="4" t="48" w="87" /><ent r="4" t="48" w="87" /><ent r="3" t="56" w="36" /><ent r="3" t="56" w="36" /><ent r="4" t="61" w="142" /><ent r="4" t="61" w="142" /></phr></stem><stem n="secur"><phr n="security"><ent r="65" t="1" w="216" /><ent r="65" t="1" w="216" /><ent r="65" t="1" w="224" /><ent r="65" t="1" w="224" /><ent r="3" t="13" w="20" /><ent r="3" t="13" w="20" /><ent r="3" t="13" w="38" /><ent r="3" t="13" w="38" /><ent r="3" t="13" w="80" /><ent r="4" t="23" w="104" /><ent r="4" t="23" w="104" /><ent r="3" t="27" w="530" /><ent r="3" t="27" w="530" /><ent r="92" t="31" w="727" /><ent r="92" t="31" w="727" /><ent r="3" t="31" w="782" /><ent r="3" t="31" w="782" /><ent r="3" t="31" w="808" /><ent r="3" t="34" w="128" /><ent r="3" t="34" w="128" /><ent r="4" t="45" w="327" /><ent r="4" t="45" w="327" /></phr><phr n="Security"><ent r="1000" t="13" w="1" /><ent r="1000" t="13" w="1" /><ent r="100" t="13" w="4" /><ent r="100" t="13" w="4" /><ent r="102" t="13" w="7" /><ent r="102" t="13" w="7" /><ent r="3" t="13" w="62" /><ent r="3" t="13" w="62" /><ent r="100" t="14" w="4" /><ent r="100" t="14" w="4" /><ent r="4" t="45" w="324" /><ent r="4" t="45" w="324" /><ent r="4" t="45" w="332" /><ent r="4" t="45" w="332" /></phr><phr n="secured"><ent r="3" t="34" w="124" /><ent r="3" t="34" w="124" /></phr></stem><stem n="section"><phr n="section"><ent r="4" t="1" w="219" /><ent r="4" t="1" w="219" /><ent r="4" t="1" w="251" /><ent r="3" t="1" w="266" /><ent r="3" t="1" w="266" /><ent r="3" t="7" w="70" /><ent r="3" t="7" w="70" /><ent r="3" t="7" w="138" /><ent r="3" t="7" w="138" /><ent r="3" t="23" w="51" /><ent r="3" t="23" w="51" /><ent r="3" t="37" w="213" /><ent r="3" t="37" w="213" /><ent r="3" t="46" w="10" /><ent r="3" t="46" w="10" /><ent r="3" t="65" w="96" /><ent r="1000" t="82" w="2" /><ent r="1000" t="82" w="2" /><ent r="100" t="82" w="5" /><ent r="100" t="82" w="5" /><ent r="102" t="82" w="8" /><ent r="102" t="82" w="8" /><ent r="3" t="82" w="12" /><ent r="3" t="82" w="12" /></phr></stem><stem n="role"><phr n="role"><ent r="65" t="1" w="223" /><ent r="65" t="1" w="223" /><ent r="5" t="14" w="42" /><ent r="5" t="14" w="42" /><ent r="5" t="14" w="82" /><ent r="5" t="14" w="82" /><ent r="5" t="14" w="89" /><ent r="5" t="14" w="111" /><ent r="5" t="14" w="111" /><ent r="5" t="14" w="117" /><ent r="5" t="14" w="117" /><ent r="5" t="14" w="143" /><ent r="5" t="14" w="149" /><ent r="5" t="14" w="149" /><ent r="5" t="14" w="173" /><ent r="5" t="14" w="173" /><ent r="3" t="14" w="210" /><ent r="3" t="14" w="212" /><ent r="3" t="14" w="212" /><ent r="3" t="14" w="254" /><ent r="3" t="14" w="260" /><ent r="3" t="14" w="260" /><ent r="3" t="14" w="282" /><ent r="3" t="14" w="300" /><ent r="64" t="15" w="95" /><ent r="64" t="15" w="95" /><ent r="5" t="57" w="168" /><ent r="5" t="57" w="168" /><ent r="5" t="59" w="158" /><ent r="5" t="59" w="158" /><ent r="7" t="81" w="108" /></phr><phr n="roles"><ent r="64" t="13" w="86" /><ent r="64" t="13" w="86" /><ent r="3" t="13" w="106" /><ent r="3" t="13" w="106" /><ent r="1000" t="14" w="2" /><ent r="1000" t="14" w="2" /><ent r="100" t="14" w="5" /><ent r="100" t="14" w="5" /><ent r="102" t="14" w="8" /><ent r="102" t="14" w="8" /><ent r="3" t="14" w="11" /><ent r="3" t="14" w="11" /><ent r="3" t="14" w="33" /></phr><phr n="Role"><ent r="7" t="81" w="137" /><ent r="7" t="81" w="140" /></phr></stem><stem n="structur"><phr n="structures"><ent r="65" t="1" w="228" /><ent r="65" t="1" w="228" /><ent r="6" t="5" w="79" /><ent r="1000" t="15" w="2" /><ent r="1000" t="15" w="2" /><ent r="100" t="15" w="5" /><ent r="100" t="15" w="5" /><ent r="100" t="15" w="9" /><ent r="100" t="15" w="9" /><ent r="102" t="15" w="12" /><ent r="102" t="15" w="12" /><ent r="64" t="16" w="154" /><ent r="64" t="16" w="154" /></phr><phr n="Structured"><ent r="3" t="24" w="133" /><ent r="3" t="24" w="133" /></phr><phr n="structure"><ent r="64" t="36" w="204" /><ent r="64" t="36" w="204" /><ent r="1000" t="37" w="2" /><ent r="1000" t="37" w="2" /><ent r="102" t="37" w="5" /><ent r="102" t="37" w="5" /><ent r="3" t="37" w="13" /><ent r="3" t="37" w="13" /><ent r="3" t="37" w="221" /><ent r="3" t="39" w="529" /><ent r="3" t="39" w="529" /><ent r="3" t="39" w="558" /><ent r="64" t="40" w="162" /><ent r="64" t="40" w="162" /><ent r="1000" t="41" w="4" /><ent r="1000" t="41" w="4" /><ent r="102" t="41" w="9" /><ent r="102" t="41" w="9" /><ent r="3" t="41" w="17" /><ent r="3" t="41" w="17" /><ent r="64" t="45" w="384" /><ent r="64" t="45" w="384" /><ent r="1000" t="46" w="3" /><ent r="1000" t="46" w="3" /><ent r="102" t="46" w="7" /><ent r="102" t="46" w="7" /><ent r="3" t="46" w="16" /></phr><phr n="structured"><ent r="3" t="49" w="33" /><ent r="3" t="49" w="33" /></phr></stem><stem n="supplement"><phr n="supplemental"><ent r="65" t="1" w="232" /><ent r="65" t="1" w="232" /><ent r="5" t="14" w="60" /><ent r="5" t="14" w="60" /><ent r="3" t="15" w="179" /><ent r="3" t="15" w="179" /><ent r="3" t="15" w="192" /><ent r="3" t="15" w="192" /><ent r="3" t="15" w="214" /><ent r="3" t="15" w="214" /><ent r="3" t="16" w="19" /><ent r="3" t="16" w="19" /><ent r="64" t="16" w="23" /><ent r="64" t="16" w="23" /><ent r="64" t="16" w="29" /><ent r="64" t="16" w="29" /><ent r="4" t="16" w="34" /><ent r="4" t="16" w="34" /><ent r="4" t="16" w="72" /><ent r="4" t="16" w="72" /><ent r="3" t="16" w="108" /><ent r="3" t="16" w="108" /><ent r="3" t="16" w="125" /><ent r="3" t="16" w="125" /><ent r="1000" t="77" w="2" /><ent r="1000" t="77" w="2" /><ent r="102" t="77" w="10" /><ent r="102" t="77" w="10" /><ent r="3" t="77" w="14" /><ent r="3" t="77" w="14" /><ent r="4" t="77" w="58" /><ent r="4" t="77" w="58" /><ent r="4" t="77" w="148" /><ent r="4" t="77" w="148" /><ent r="3" t="77" w="154" /><ent r="3" t="77" w="154" /><ent r="3" t="77" w="200" /><ent r="3" t="77" w="200" /><ent r="1000" t="78" w="2" /><ent r="1000" t="78" w="2" /><ent r="102" t="78" w="10" /><ent r="102" t="78" w="10" /><ent r="3" t="78" w="14" /><ent r="3" t="78" w="14" /><ent r="4" t="78" w="95" /><ent r="4" t="78" w="95" /><ent r="4" t="78" w="155" /><ent r="4" t="78" w="155" /><ent r="3" t="78" w="161" /><ent r="3" t="78" w="161" /><ent r="3" t="78" w="217" /><ent r="3" t="78" w="217" /></phr><phr n="Supplemental"><ent r="64" t="15" w="230" /><ent r="64" t="15" w="230" /><ent r="1000" t="16" w="1" /><ent r="1000" t="16" w="1" /><ent r="100" t="16" w="4" /><ent r="100" t="16" w="4" /><ent r="102" t="16" w="7" /><ent r="102" t="16" w="7" /><ent r="100" t="77" w="5" /><ent r="100" t="77" w="5" /><ent r="100" t="78" w="5" /><ent r="100" t="78" w="5" /></phr></stem><stem n="urn"><phr n="URN"><ent r="4" t="1" w="242" /><ent r="6" t="17" w="74" /><ent r="6" t="17" w="74" /></phr><phr n="URNs"><ent r="3" t="17" w="22" /><ent r="3" t="17" w="22" /><ent r="3" t="17" w="43" /><ent r="3" t="17" w="43" /><ent r="3" t="17" w="59" /><ent r="3" t="17" w="59" /></phr></stem><stem n="menu"><phr n="Menu"><ent r="65" t="1" w="248" /><ent r="65" t="1" w="248" /><ent r="6" t="17" w="70" /><ent r="3" t="65" w="32" /><ent r="3" t="65" w="32" /></phr><phr n="menu"><ent r="3" t="7" w="95" /><ent r="3" t="17" w="18" /><ent r="3" t="17" w="18" /><ent r="3" t="17" w="28" /><ent r="3" t="17" w="28" /><ent r="5" t="17" w="83" /><ent r="7" t="17" w="93" /><ent r="7" t="17" w="104" /><ent r="7" t="17" w="116" /><ent r="7" t="17" w="127" /><ent r="7" t="17" w="138" /><ent r="7" t="17" w="151" /><ent r="7" t="17" w="163" /><ent r="7" t="17" w="181" /><ent r="7" t="17" w="197" /><ent r="7" t="17" w="213" /><ent r="7" t="17" w="224" /><ent r="7" t="17" w="236" /><ent r="7" t="17" w="252" /><ent r="7" t="17" w="263" /><ent r="7" t="17" w="276" /><ent r="7" t="17" w="288" /><ent r="7" t="17" w="299" /><ent r="7" t="17" w="312" /><ent r="7" t="17" w="325" /><ent r="7" t="17" w="339" /><ent r="7" t="17" w="350" /><ent r="7" t="17" w="364" /><ent r="8" t="17" w="378" /><ent r="6" t="17" w="389" /><ent r="7" t="17" w="399" /><ent r="7" t="17" w="409" /><ent r="7" t="17" w="424" /><ent r="7" t="17" w="436" /><ent r="7" t="17" w="447" /><ent r="7" t="17" w="458" /><ent r="7" t="17" w="469" /><ent r="7" t="17" w="481" /><ent r="7" t="17" w="494" /><ent r="7" t="17" w="507" /><ent r="6" t="17" w="518" /><ent r="7" t="17" w="528" /><ent r="7" t="17" w="539" /><ent r="7" t="17" w="550" /><ent r="7" t="17" w="562" /><ent r="7" t="17" w="574" /><ent r="7" t="17" w="585" /><ent r="7" t="17" w="598" /><ent r="7" t="17" w="610" /><ent r="7" t="17" w="622" /><ent r="7" t="17" w="633" /><ent r="7" t="17" w="644" /><ent r="7" t="17" w="655" /><ent r="7" t="17" w="668" /><ent r="7" t="17" w="679" /><ent r="7" t="17" w="690" /><ent r="7" t="17" w="702" /><ent r="7" t="17" w="714" /><ent r="7" t="17" w="726" /><ent r="7" t="17" w="738" /><ent r="7" t="17" w="750" /><ent r="7" t="17" w="761" /><ent r="7" t="17" w="772" /><ent r="7" t="17" w="783" /><ent r="7" t="17" w="795" /><ent r="7" t="17" w="808" /><ent r="7" t="17" w="821" /><ent r="7" t="17" w="833" /><ent r="7" t="17" w="845" /><ent r="7" t="17" w="858" /><ent r="7" t="17" w="871" /><ent r="7" t="17" w="884" /><ent r="7" t="17" w="897" /><ent r="7" t="17" w="911" /><ent r="7" t="17" w="924" /><ent r="7" t="17" w="937" /><ent r="7" t="17" w="950" /><ent r="7" t="17" w="963" /><ent r="7" t="17" w="977" /><ent r="7" t="17" w="988" /><ent r="7" t="17" w="999" /><ent r="7" t="17" w="1011" /><ent r="6" t="17" w="1022" /><ent r="8" t="17" w="1032" /><ent r="8" t="17" w="1043" /><ent r="8" t="17" w="1055" /><ent r="8" t="17" w="1067" /><ent r="8" t="17" w="1079" /><ent r="8" t="17" w="1090" /><ent r="8" t="17" w="1102" /><ent r="8" t="17" w="1114" /><ent r="8" t="17" w="1125" /><ent r="8" t="17" w="1137" /><ent r="8" t="17" w="1148" /><ent r="8" t="17" w="1160" /><ent r="8" t="17" w="1172" /><ent r="8" t="17" w="1186" /><ent r="8" t="17" w="1198" /><ent r="8" t="17" w="1209" /><ent r="8" t="17" w="1221" /><ent r="8" t="17" w="1233" /><ent r="8" t="17" w="1246" /><ent r="8" t="17" w="1261" /><ent r="8" t="17" w="1274" /><ent r="8" t="17" w="1287" /><ent r="8" t="17" w="1301" /><ent r="8" t="17" w="1314" /><ent r="8" t="17" w="1326" /><ent r="8" t="17" w="1338" /><ent r="8" t="17" w="1351" /><ent r="8" t="17" w="1363" /><ent r="8" t="17" w="1375" /><ent r="8" t="17" w="1388" /><ent r="8" t="17" w="1401" /><ent r="8" t="17" w="1414" /><ent r="8" t="17" w="1429" /><ent r="8" t="17" w="1442" /><ent r="8" t="17" w="1455" /><ent r="8" t="17" w="1469" /><ent r="8" t="17" w="1482" /><ent r="8" t="17" w="1494" /><ent r="8" t="17" w="1506" /><ent r="8" t="17" w="1519" /><ent r="8" t="17" w="1531" /><ent r="8" t="17" w="1545" /><ent r="8" t="17" w="1557" /><ent r="8" t="17" w="1570" /><ent r="8" t="17" w="1583" /><ent r="8" t="17" w="1597" /><ent r="8" t="17" w="1609" /><ent r="8" t="17" w="1623" /><ent r="5" t="17" w="1636" /><ent r="7" t="17" w="1646" /><ent r="7" t="17" w="1657" /><ent r="7" t="17" w="1669" /><ent r="7" t="17" w="1682" /><ent r="7" t="17" w="1694" /><ent r="7" t="17" w="1706" /><ent r="7" t="17" w="1718" /><ent r="7" t="17" w="1730" /><ent r="7" t="17" w="1742" /><ent r="7" t="17" w="1753" /><ent r="7" t="17" w="1765" /><ent r="7" t="17" w="1777" /><ent r="7" t="17" w="1788" /><ent r="7" t="17" w="1800" /><ent r="7" t="17" w="1811" /><ent r="7" t="17" w="1823" /><ent r="7" t="17" w="1835" /><ent r="7" t="17" w="1849" /><ent r="7" t="17" w="1861" /><ent r="7" t="17" w="1874" /><ent r="7" t="17" w="1887" /><ent r="7" t="17" w="1901" /><ent r="7" t="17" w="1914" /><ent r="7" t="17" w="1926" /><ent r="7" t="17" w="1938" /><ent r="7" t="17" w="1951" /><ent r="7" t="17" w="1963" /><ent r="7" t="17" w="1975" /><ent r="7" t="17" w="1988" /><ent r="7" t="17" w="2001" /><ent r="7" t="17" w="2014" /><ent r="7" t="17" w="2029" /><ent r="7" t="17" w="2042" /><ent r="7" t="17" w="2055" /><ent r="7" t="17" w="2069" /><ent r="7" t="17" w="2082" /><ent r="7" t="17" w="2094" /><ent r="7" t="17" w="2106" /><ent r="7" t="17" w="2119" /><ent r="7" t="17" w="2131" /><ent r="7" t="17" w="2144" /><ent r="7" t="17" w="2156" /><ent r="7" t="17" w="2169" /><ent r="7" t="17" w="2182" /><ent r="7" t="17" w="2195" /><ent r="7" t="17" w="2207" /><ent r="7" t="17" w="2221" /><ent r="7" t="17" w="2236" /><ent r="5" t="17" w="2248" /><ent r="7" t="17" w="2258" /><ent r="7" t="17" w="2269" /><ent r="7" t="17" w="2281" /><ent r="7" t="17" w="2294" /><ent r="7" t="17" w="2306" /><ent r="7" t="17" w="2318" /><ent r="7" t="17" w="2331" /><ent r="7" t="17" w="2344" /><ent r="7" t="17" w="2357" /><ent r="7" t="17" w="2369" /><ent r="7" t="17" w="2381" /><ent r="7" t="17" w="2393" /><ent r="7" t="17" w="2405" /><ent r="7" t="17" w="2417" /><ent r="7" t="17" w="2428" /><ent r="7" t="17" w="2440" /><ent r="7" t="17" w="2452" /><ent r="7" t="17" w="2463" /><ent r="7" t="17" w="2475" /><ent r="7" t="17" w="2486" /><ent r="7" t="17" w="2498" /><ent r="7" t="17" w="2510" /><ent r="7" t="17" w="2524" /><ent r="7" t="17" w="2536" /><ent r="7" t="17" w="2549" /><ent r="7" t="17" w="2562" /><ent r="7" t="17" w="2576" /><ent r="7" t="17" w="2588" /><ent r="7" t="17" w="2600" /><ent r="7" t="17" w="2612" /><ent r="7" t="17" w="2625" /><ent r="7" t="17" w="2640" /><ent r="7" t="17" w="2653" /><ent r="7" t="17" w="2666" /><ent r="7" t="17" w="2680" /><ent r="7" t="17" w="2693" /><ent r="7" t="17" w="2705" /><ent r="7" t="17" w="2717" /><ent r="7" t="17" w="2730" /><ent r="7" t="17" w="2742" /><ent r="7" t="17" w="2755" /><ent r="7" t="17" w="2767" /><ent r="7" t="17" w="2780" /><ent r="7" t="17" w="2793" /><ent r="7" t="17" w="2806" /><ent r="7" t="17" w="2818" /><ent r="7" t="17" w="2832" /><ent r="7" t="17" w="2847" /><ent r="5" t="17" w="2859" /><ent r="7" t="17" w="2869" /><ent r="7" t="17" w="2880" /><ent r="7" t="17" w="2892" /><ent r="7" t="17" w="2905" /><ent r="7" t="17" w="2917" /><ent r="7" t="17" w="2930" /><ent r="7" t="17" w="2942" /><ent r="7" t="17" w="2955" /><ent r="7" t="17" w="2968" /><ent r="7" t="17" w="2980" /><ent r="7" t="17" w="2992" /><ent r="7" t="17" w="3004" /><ent r="7" t="17" w="3016" /><ent r="7" t="17" w="3028" /><ent r="7" t="17" w="3039" /><ent r="7" t="17" w="3051" /><ent r="7" t="17" w="3063" /><ent r="7" t="17" w="3074" /><ent r="7" t="17" w="3086" /><ent r="7" t="17" w="3097" /><ent r="7" t="17" w="3109" /><ent r="7" t="17" w="3121" /><ent r="7" t="17" w="3135" /><ent r="7" t="17" w="3147" /><ent r="7" t="17" w="3160" /><ent r="7" t="17" w="3173" /><ent r="7" t="17" w="3187" /><ent r="7" t="17" w="3199" /><ent r="7" t="17" w="3211" /><ent r="7" t="17" w="3223" /><ent r="7" t="17" w="3236" /><ent r="7" t="17" w="3251" /><ent r="7" t="17" w="3264" /><ent r="7" t="17" w="3277" /><ent r="7" t="17" w="3291" /><ent r="7" t="17" w="3304" /><ent r="7" t="17" w="3316" /><ent r="7" t="17" w="3328" /><ent r="7" t="17" w="3341" /><ent r="7" t="17" w="3353" /><ent r="7" t="17" w="3365" /><ent r="7" t="17" w="3378" /><ent r="7" t="17" w="3391" /><ent r="7" t="17" w="3404" /><ent r="7" t="17" w="3419" /><ent r="7" t="17" w="3432" /><ent r="7" t="17" w="3445" /><ent r="7" t="17" w="3459" /><ent r="5" t="17" w="3471" /><ent r="7" t="17" w="3481" /><ent r="7" t="17" w="3492" /><ent r="7" t="17" w="3505" /><ent r="7" t="17" w="3517" /><ent r="7" t="17" w="3529" /><ent r="7" t="17" w="3543" /><ent r="7" t="17" w="3558" /><ent r="7" t="17" w="3571" /><ent r="7" t="17" w="3584" /><ent r="7" t="17" w="3598" /><ent r="7" t="17" w="3612" /><ent r="7" t="17" w="3626" /><ent r="7" t="17" w="3641" /><ent r="7" t="17" w="3655" /><ent r="7" t="17" w="3682" /><ent r="7" t="17" w="3693" /><ent r="8" t="17" w="3704" /><ent r="8" t="17" w="3716" /><ent r="8" t="17" w="3730" /><ent r="7" t="17" w="3742" /><ent r="7" t="17" w="3755" /><ent r="7" t="17" w="3767" /><ent r="7" t="17" w="3781" /><ent r="7" t="17" w="3796" /><ent r="6" t="17" w="3808" /><ent r="8" t="17" w="3818" /><ent r="8" t="17" w="3830" /><ent r="8" t="17" w="3842" /><ent r="8" t="17" w="3854" /><ent r="8" t="17" w="3865" /><ent r="8" t="17" w="3878" /><ent r="8" t="17" w="3891" /><ent r="8" t="17" w="3905" /><ent r="8" t="17" w="3919" /><ent r="8" t="17" w="3932" /><ent r="8" t="17" w="3959" /><ent r="8" t="17" w="3970" /><ent r="8" t="17" w="3981" /><ent r="8" t="17" w="3993" /><ent r="8" t="17" w="4007" /><ent r="8" t="17" w="4020" /><ent r="8" t="17" w="4031" /><ent r="8" t="17" w="4043" /><ent r="8" t="17" w="4055" /><ent r="8" t="17" w="4067" /><ent r="8" t="17" w="4078" /><ent r="8" t="17" w="4091" /><ent r="8" t="17" w="4104" /><ent r="8" t="17" w="4118" /><ent r="8" t="17" w="4132" /><ent r="8" t="17" w="4145" /><ent r="8" t="17" w="4172" /><ent r="5" t="17" w="4183" /><ent r="7" t="17" w="4194" /><ent r="7" t="17" w="4207" /><ent r="7" t="17" w="4221" /><ent r="7" t="17" w="4235" /><ent r="7" t="17" w="4247" /><ent r="7" t="17" w="4261" /><ent r="7" t="17" w="4274" /><ent r="7" t="17" w="4288" /><ent r="7" t="17" w="4302" /><ent r="7" t="17" w="4315" /><ent r="7" t="17" w="4329" /><ent r="7" t="17" w="4344" /><ent r="7" t="17" w="4356" /><ent r="7" t="17" w="4368" /><ent r="7" t="17" w="4380" /><ent r="8" t="17" w="4394" /><ent r="8" t="17" w="4409" /><ent r="7" t="17" w="4425" /><ent r="7" t="17" w="4439" /><ent r="7" t="17" w="4453" /><ent r="7" t="17" w="4465" /><ent r="7" t="17" w="4478" /><ent r="7" t="17" w="4492" /><ent r="7" t="17" w="4506" /><ent r="7" t="17" w="4518" /><ent r="7" t="17" w="4532" /><ent r="7" t="17" w="4545" /><ent r="7" t="17" w="4559" /><ent r="7" t="17" w="4573" /><ent r="7" t="17" w="4586" /><ent r="7" t="17" w="4600" /><ent r="5" t="17" w="4612" /><ent r="7" t="17" w="4623" /><ent r="7" t="17" w="4635" /><ent r="7" t="17" w="4649" /><ent r="7" t="17" w="4661" /><ent r="7" t="17" w="4675" /><ent r="7" t="17" w="4688" /><ent r="7" t="17" w="4702" /><ent r="8" t="17" w="4716" /><ent r="8" t="17" w="4730" /><ent r="8" t="17" w="4745" /><ent r="8" t="17" w="4759" /><ent r="8" t="17" w="4786" /><ent r="8" t="17" w="4797" /><ent r="8" t="17" w="4808" /><ent r="8" t="17" w="4821" /><ent r="8" t="17" w="4837" /><ent r="8" t="17" w="4850" /><ent r="8" t="17" w="4862" /><ent r="8" t="17" w="4876" /><ent r="8" t="17" w="4888" /><ent r="7" t="17" w="4901" /><ent r="7" t="17" w="4915" /><ent r="7" t="17" w="4930" /><ent r="7" t="17" w="4942" /><ent r="7" t="17" w="4954" /><ent r="7" t="17" w="4968" /><ent r="7" t="17" w="4980" /><ent r="7" t="17" w="4994" /><ent r="7" t="17" w="5007" /><ent r="5" t="17" w="5019" /><ent r="7" t="17" w="5029" /><ent r="7" t="17" w="5039" /><ent r="7" t="17" w="5050" /><ent r="7" t="17" w="5062" /><ent r="7" t="17" w="5073" /><ent r="7" t="17" w="5089" /><ent r="7" t="17" w="5155" /><ent r="7" t="17" w="5169" /><ent r="7" t="17" w="5182" /><ent r="7" t="17" w="5196" /><ent r="7" t="17" w="5208" /><ent r="7" t="17" w="5221" /><ent r="7" t="17" w="5233" /><ent r="7" t="17" w="5246" /><ent r="7" t="17" w="5259" /><ent r="5" t="17" w="5272" /><ent r="7" t="17" w="5284" /><ent r="7" t="17" w="5296" /><ent r="7" t="17" w="5312" /><ent r="7" t="17" w="5323" /><ent r="7" t="17" w="5335" /><ent r="7" t="17" w="5348" /><ent r="7" t="17" w="5362" /><ent r="7" t="17" w="5374" /><ent r="7" t="17" w="5391" /><ent r="7" t="17" w="5405" /><ent r="5" t="17" w="5416" /><ent r="7" t="17" w="5426" /><ent r="7" t="17" w="5437" /><ent r="7" t="17" w="5449" /><ent r="7" t="17" w="5461" /><ent r="7" t="17" w="5472" /><ent r="7" t="17" w="5484" /><ent r="7" t="17" w="5496" /><ent r="7" t="17" w="5510" /><ent r="7" t="17" w="5524" /><ent r="7" t="17" w="5536" /><ent r="7" t="17" w="5550" /><ent r="7" t="17" w="5563" /><ent r="7" t="17" w="5575" /><ent r="7" t="17" w="5587" /><ent r="7" t="17" w="5600" /><ent r="7" t="17" w="5613" /><ent r="7" t="17" w="5626" /><ent r="7" t="17" w="5640" /><ent r="7" t="17" w="5655" /><ent r="7" t="17" w="5667" /><ent r="7" t="17" w="5680" /><ent r="7" t="17" w="5693" /><ent r="7" t="17" w="5707" /><ent r="7" t="17" w="5720" /><ent r="7" t="17" w="5734" /><ent r="7" t="17" w="5748" /><ent r="7" t="17" w="5763" /><ent r="7" t="17" w="5777" /><ent r="7" t="17" w="5793" /><ent r="7" t="17" w="5808" /><ent r="7" t="17" w="5824" /><ent r="7" t="17" w="5839" /><ent r="7" t="17" w="5853" /><ent r="7" t="17" w="5866" /><ent r="7" t="17" w="5880" /><ent r="7" t="17" w="5895" /><ent r="7" t="17" w="5907" /><ent r="5" t="17" w="5918" /><ent r="7" t="17" w="5928" /><ent r="7" t="17" w="5939" /><ent r="7" t="17" w="5951" /><ent r="7" t="17" w="5963" /><ent r="7" t="17" w="5974" /><ent r="7" t="17" w="5986" /><ent r="7" t="17" w="5999" /><ent r="7" t="17" w="6011" /><ent r="7" t="17" w="6025" /><ent r="7" t="17" w="6037" /><ent r="7" t="17" w="6051" /><ent r="7" t="17" w="6066" /><ent r="7" t="17" w="6079" /><ent r="7" t="17" w="6094" /><ent r="7" t="17" w="6109" /><ent r="7" t="17" w="6123" /><ent r="7" t="17" w="6137" /><ent r="7" t="17" w="6157" /><ent r="7" t="17" w="6171" /><ent r="7" t="17" w="6187" /><ent r="7" t="17" w="6201" /><ent r="7" t="17" w="6214" /><ent r="7" t="17" w="6227" /><ent r="7" t="17" w="6240" /><ent r="7" t="17" w="6254" /><ent r="7" t="17" w="6266" /><ent r="7" t="17" w="6279" /><ent r="7" t="17" w="6293" /><ent r="7" t="17" w="6308" /><ent r="7" t="17" w="6324" /><ent r="7" t="17" w="6338" /><ent r="7" t="17" w="6352" /><ent r="7" t="17" w="6366" /><ent r="7" t="17" w="6382" /><ent r="7" t="17" w="6395" /><ent r="7" t="17" w="6409" /><ent r="7" t="17" w="6437" /><ent r="7" t="17" w="6448" /><ent r="7" t="17" w="6459" /><ent r="7" t="17" w="6470" /><ent r="7" t="17" w="6484" /><ent r="7" t="17" w="6499" /><ent r="7" t="17" w="6514" /><ent r="7" t="17" w="6530" /><ent r="7" t="17" w="6544" /><ent r="7" t="17" w="6557" /><ent r="7" t="17" w="6570" /><ent r="5" t="17" w="6583" /><ent r="7" t="17" w="6593" /><ent r="7" t="17" w="6603" /><ent r="7" t="17" w="6615" /><ent r="7" t="17" w="6627" /><ent r="7" t="17" w="6639" /><ent r="7" t="17" w="6651" /><ent r="5" t="17" w="6662" /><ent r="6" t="17" w="6673" /><ent r="6" t="17" w="6686" /><ent r="6" t="17" w="6700" /><ent r="6" t="17" w="6714" /><ent r="6" t="17" w="6727" /><ent r="6" t="17" w="6739" /><ent r="6" t="17" w="6752" /><ent r="6" t="17" w="6764" /><ent r="6" t="17" w="6777" /><ent r="6" t="17" w="6789" /><ent r="6" t="17" w="6803" /><ent r="6" t="17" w="6816" /><ent r="5" t="17" w="6827" /><ent r="7" t="17" w="6838" /><ent r="7" t="17" w="6849" /><ent r="7" t="17" w="6862" /><ent r="7" t="17" w="6874" /><ent r="7" t="17" w="6891" /><ent r="7" t="17" w="6904" /><ent r="7" t="17" w="6919" /><ent r="7" t="17" w="6934" /><ent r="7" t="17" w="6948" /><ent r="7" t="17" w="6962" /><ent r="7" t="17" w="6986" /><ent r="7" t="17" w="7002" /><ent r="7" t="17" w="7017" /><ent r="7" t="17" w="7031" /><ent r="7" t="17" w="7044" /><ent r="7" t="17" w="7056" /><ent r="7" t="17" w="7068" /><ent r="7" t="17" w="7081" /><ent r="65" t="60" w="65" /><ent r="65" t="60" w="65" /><ent r="64" t="61" w="507" /><ent r="64" t="61" w="507" /><ent r="64" t="62" w="155" /><ent r="64" t="62" w="155" /><ent r="64" t="63" w="306" /><ent r="64" t="63" w="306" /><ent r="3" t="64" w="186" /><ent r="3" t="64" w="186" /><ent r="64" t="64" w="371" /><ent r="64" t="64" w="371" /><ent r="1000" t="65" w="3" /><ent r="1000" t="65" w="3" /><ent r="102" t="65" w="7" /><ent r="102" t="65" w="7" /><ent r="3" t="65" w="13" /><ent r="3" t="65" w="13" /><ent r="3" t="65" w="29" /><ent r="3" t="65" w="29" /><ent r="3" t="65" w="43" /><ent r="3" t="65" w="59" /><ent r="3" t="65" w="59" /><ent r="3" t="65" w="78" /><ent r="3" t="65" w="78" /><ent r="3" t="65" w="95" /><ent r="3" t="65" w="95" /><ent r="3" t="65" w="108" /><ent r="3" t="65" w="108" /><ent r="3" t="65" w="123" /><ent r="3" t="65" w="123" /><ent r="3" t="65" w="146" /><ent r="3" t="65" w="146" /><ent r="3" t="65" w="152" /><ent r="3" t="65" w="163" /><ent r="3" t="65" w="163" /><ent r="3" t="65" w="214" /><ent r="3" t="65" w="214" /><ent r="3" t="65" w="226" /><ent r="3" t="65" w="226" /><ent r="3" t="65" w="239" /><ent r="3" t="65" w="239" /><ent r="3" t="65" w="243" /><ent r="3" t="65" w="243" /><ent r="3" t="65" w="271" /><ent r="3" t="65" w="271" /><ent r="3" t="65" w="280" /><ent r="3" t="65" w="280" /><ent r="3" t="65" w="318" /><ent r="3" t="65" w="318" /><ent r="3" t="65" w="391" /><ent r="3" t="65" w="391" /><ent r="3" t="65" w="448" /><ent r="3" t="65" w="448" /><ent r="3" t="65" w="480" /><ent r="3" t="65" w="480" /><ent r="4" t="65" w="524" /><ent r="4" t="65" w="524" /><ent r="4" t="65" w="549" /><ent r="4" t="65" w="549" /><ent r="4" t="65" w="573" /><ent r="4" t="65" w="573" /><ent r="4" t="65" w="585" /><ent r="4" t="65" w="585" /><ent r="64" t="66" w="116" /><ent r="64" t="66" w="116" /><ent r="1000" t="67" w="4" /><ent r="1000" t="67" w="4" /><ent r="102" t="67" w="11" /><ent r="102" t="67" w="11" /><ent r="3" t="67" w="24" /><ent r="3" t="67" w="24" /><ent r="4" t="67" w="120" /><ent r="3" t="76" w="12" /><ent r="3" t="76" w="12" /><ent r="4" t="82" w="134" /><ent r="4" t="82" w="134" /></phr><phr n="menus"><ent r="3" t="7" w="110" /><ent r="3" t="7" w="119" /><ent r="3" t="7" w="119" /><ent r="6" t="7" w="983" /><ent r="6" t="7" w="991" /><ent r="6" t="7" w="1001" /></phr><phr n="Menus"><ent r="7" t="17" w="6475" /><ent r="7" t="17" w="6475" /><ent r="7" t="17" w="6521" /><ent r="7" t="17" w="6521" /><ent r="1000" t="76" w="1" /><ent r="1000" t="76" w="1" /><ent r="102" t="76" w="6" /><ent r="102" t="76" w="6" /><ent r="3" t="76" w="35" /><ent r="3" t="76" w="35" /></phr></stem></index>