<?xml version="1.0" encoding="utf-8"?><index><stem n="instruct"><phr n="instructions"><ent r="3" t="0" w="38" /><ent r="3" t="0" w="38" /></phr><phr n="instruction"><ent r="3" t="66" w="66" /><ent r="3" t="66" w="66" /></phr></stem><stem n="custom"><phr n="customizing"><ent r="3" t="0" w="40" /><ent r="3" t="0" w="40" /><ent r="4" t="0" w="269" /><ent r="4" t="0" w="269" /><ent r="4" t="1" w="131" /><ent r="4" t="1" w="131" /></phr><phr n="Customization"><ent r="65" t="0" w="204" /><ent r="65" t="0" w="204" /><ent r="5" t="19" w="156" /><ent r="5" t="19" w="156" /><ent r="5" t="20" w="119" /><ent r="5" t="20" w="119" /><ent r="5" t="21" w="86" /><ent r="5" t="21" w="86" /><ent r="1000" t="66" w="2" /><ent r="1000" t="66" w="2" /><ent r="102" t="66" w="6" /><ent r="102" t="66" w="6" /><ent r="3" t="66" w="10" /><ent r="3" t="66" w="10" /><ent r="3" t="66" w="37" /><ent r="3" t="66" w="37" /><ent r="3" t="66" w="72" /><ent r="3" t="66" w="72" /></phr><phr n="Custom"><ent r="4" t="0" w="255" /><ent r="4" t="0" w="255" /><ent r="4" t="10" w="41" /><ent r="4" t="10" w="41" /><ent r="64" t="23" w="132" /><ent r="64" t="23" w="132" /><ent r="1000" t="26" w="1" /><ent r="1000" t="26" w="1" /><ent r="102" t="26" w="5" /><ent r="102" t="26" w="5" /><ent r="3" t="26" w="9" /><ent r="3" t="26" w="9" /><ent r="3" t="31" w="23" /><ent r="3" t="31" w="23" /><ent r="3" t="31" w="729" /><ent r="3" t="31" w="729" /><ent r="3" t="33" w="47" /><ent r="3" t="33" w="47" /><ent r="3" t="35" w="17" /><ent r="3" t="35" w="17" /></phr><phr n="customize"><ent r="4" t="1" w="201" /><ent r="4" t="1" w="201" /><ent r="3" t="8" w="37" /><ent r="3" t="8" w="37" /><ent r="3" t="8" w="89" /><ent r="3" t="8" w="89" /><ent r="7" t="17" w="939" /><ent r="7" t="17" w="6461" /><ent r="7" t="17" w="6461" /><ent r="7" t="17" w="6472" /><ent r="7" t="17" w="6486" /><ent r="7" t="17" w="6501" /><ent r="7" t="17" w="6516" /><ent r="7" t="17" w="6532" /><ent r="7" t="17" w="6546" /><ent r="3" t="44" w="38" /><ent r="3" t="44" w="38" /><ent r="3" t="60" w="24" /><ent r="3" t="60" w="24" /><ent r="3" t="69" w="65" /><ent r="3" t="69" w="65" /><ent r="3" t="76" w="63" /><ent r="3" t="76" w="63" /></phr><phr n="custom"><ent r="6" t="7" w="367" /><ent r="6" t="7" w="367" /><ent r="6" t="7" w="384" /><ent r="6" t="7" w="384" /><ent r="6" t="7" w="393" /><ent r="6" t="7" w="393" /><ent r="6" t="7" w="603" /><ent r="6" t="7" w="603" /><ent r="3" t="15" w="53" /><ent r="3" t="15" w="53" /><ent r="3" t="15" w="67" /><ent r="3" t="15" w="67" /><ent r="4" t="15" w="296" /><ent r="4" t="15" w="296" /><ent r="3" t="26" w="45" /><ent r="3" t="26" w="45" /><ent r="3" t="26" w="61" /><ent r="3" t="26" w="61" /><ent r="3" t="26" w="91" /><ent r="3" t="26" w="91" /><ent r="3" t="26" w="95" /><ent r="3" t="26" w="95" /><ent r="3" t="26" w="103" /><ent r="3" t="26" w="103" /><ent r="3" t="26" w="127" /><ent r="3" t="26" w="127" /><ent r="3" t="26" w="131" /><ent r="3" t="26" w="131" /><ent r="3" t="26" w="168" /><ent r="3" t="26" w="168" /><ent r="3" t="26" w="189" /><ent r="3" t="26" w="189" /><ent r="3" t="26" w="203" /><ent r="3" t="26" w="203" /><ent r="3" t="26" w="213" /><ent r="3" t="26" w="213" /><ent r="64" t="26" w="238" /><ent r="64" t="26" w="238" /><ent r="64" t="26" w="244" /><ent r="64" t="26" w="244" /><ent r="64" t="26" w="250" /><ent r="64" t="26" w="250" /><ent r="64" t="26" w="256" /><ent r="64" t="26" w="256" /><ent r="64" t="26" w="262" /><ent r="64" t="26" w="262" /><ent r="64" t="26" w="269" /><ent r="64" t="26" w="269" /><ent r="64" t="26" w="276" /><ent r="64" t="26" w="276" /><ent r="64" t="26" w="283" /><ent r="64" t="26" w="283" /><ent r="64" t="26" w="292" /><ent r="64" t="26" w="292" /><ent r="1000" t="27" w="3" /><ent r="1000" t="27" w="3" /><ent r="102" t="27" w="9" /><ent r="102" t="27" w="9" /><ent r="3" t="27" w="16" /><ent r="3" t="27" w="16" /><ent r="3" t="27" w="49" /><ent r="3" t="27" w="49" /><ent r="3" t="27" w="64" /><ent r="3" t="27" w="64" /><ent r="3" t="27" w="80" /><ent r="3" t="27" w="80" /><ent r="3" t="27" w="89" /><ent r="3" t="27" w="89" /><ent r="3" t="27" w="103" /><ent r="3" t="27" w="103" /><ent r="3" t="27" w="176" /><ent r="3" t="27" w="176" /><ent r="3" t="27" w="194" /><ent r="3" t="27" w="194" /><ent r="3" t="27" w="228" /><ent r="3" t="27" w="228" /><ent r="3" t="27" w="245" /><ent r="3" t="27" w="245" /><ent r="3" t="27" w="260" /><ent r="3" t="27" w="260" /><ent r="3" t="27" w="289" /><ent r="3" t="27" w="289" /><ent r="3" t="27" w="306" /><ent r="3" t="27" w="306" /><ent r="3" t="27" w="341" /><ent r="3" t="27" w="341" /><ent r="3" t="27" w="372" /><ent r="3" t="27" w="372" /><ent r="3" t="27" w="384" /><ent r="3" t="27" w="384" /><ent r="3" t="27" w="419" /><ent r="3" t="27" w="419" /><ent r="92" t="27" w="427" /><ent r="92" t="27" w="427" /><ent r="3" t="27" w="437" /><ent r="3" t="27" w="437" /><ent r="3" t="27" w="445" /><ent r="3" t="27" w="445" /><ent r="3" t="27" w="497" /><ent r="3" t="27" w="497" /><ent r="3" t="27" w="513" /><ent r="3" t="27" w="513" /><ent r="3" t="27" w="525" /><ent r="3" t="27" w="525" /><ent r="3" t="27" w="563" /><ent r="3" t="27" w="563" /><ent r="3" t="27" w="574" /><ent r="3" t="27" w="574" /><ent r="3" t="27" w="670" /><ent r="3" t="27" w="670" /><ent r="3" t="27" w="784" /><ent r="3" t="27" w="784" /><ent r="3" t="27" w="797" /><ent r="3" t="27" w="797" /><ent r="1000" t="28" w="3" /><ent r="1000" t="28" w="3" /><ent r="102" t="28" w="9" /><ent r="102" t="28" w="9" /><ent r="3" t="28" w="15" /><ent r="3" t="28" w="15" /><ent r="3" t="28" w="39" /><ent r="3" t="28" w="39" /><ent r="3" t="28" w="50" /><ent r="3" t="28" w="50" /><ent r="92" t="28" w="67" /><ent r="92" t="28" w="67" /><ent r="3" t="28" w="86" /><ent r="3" t="28" w="86" /><ent r="3" t="28" w="102" /><ent r="3" t="28" w="102" /><ent r="3" t="28" w="122" /><ent r="3" t="28" w="122" /><ent r="92" t="28" w="137" /><ent r="92" t="28" w="137" /><ent r="3" t="28" w="158" /><ent r="3" t="28" w="158" /><ent r="3" t="28" w="190" /><ent r="3" t="28" w="190" /><ent r="3" t="28" w="268" /><ent r="3" t="28" w="268" /><ent r="3" t="28" w="299" /><ent r="3" t="28" w="299" /><ent r="3" t="28" w="416" /><ent r="3" t="28" w="416" /><ent r="3" t="28" w="432" /><ent r="3" t="28" w="432" /><ent r="3" t="28" w="488" /><ent r="3" t="28" w="488" /><ent r="3" t="28" w="501" /><ent r="3" t="28" w="501" /><ent r="3" t="28" w="535" /><ent r="3" t="28" w="535" /><ent r="3" t="28" w="546" /><ent r="3" t="28" w="546" /><ent r="3" t="28" w="553" /><ent r="3" t="28" w="553" /><ent r="3" t="28" w="621" /><ent r="3" t="28" w="621" /><ent r="1000" t="29" w="3" /><ent r="1000" t="29" w="3" /><ent r="102" t="29" w="9" /><ent r="102" t="29" w="9" /><ent r="3" t="29" w="24" /><ent r="3" t="29" w="24" /><ent r="3" t="29" w="37" /><ent r="3" t="29" w="37" /><ent r="3" t="29" w="56" /><ent r="3" t="29" w="56" /><ent r="3" t="29" w="88" /><ent r="3" t="29" w="88" /><ent r="3" t="29" w="158" /><ent r="3" t="29" w="158" /><ent r="3" t="29" w="176" /><ent r="3" t="29" w="176" /><ent r="3" t="29" w="213" /><ent r="3" t="29" w="213" /><ent r="3" t="29" w="252" /><ent r="3" t="29" w="252" /><ent r="3" t="29" w="275" /><ent r="3" t="29" w="275" /><ent r="3" t="29" w="373" /><ent r="3" t="29" w="373" /><ent r="3" t="29" w="457" /><ent r="3" t="29" w="457" /><ent r="1000" t="30" w="3" /><ent r="1000" t="30" w="3" /><ent r="102" t="30" w="9" /><ent r="102" t="30" w="9" /><ent r="3" t="30" w="23" /><ent r="3" t="30" w="23" /><ent r="3" t="30" w="61" /><ent r="3" t="30" w="61" /><ent r="1000" t="31" w="3" /><ent r="1000" t="31" w="3" /><ent r="102" t="31" w="10" /><ent r="102" t="31" w="10" /><ent r="92" t="31" w="18" /><ent r="92" t="31" w="18" /><ent r="3" t="31" w="37" /><ent r="3" t="31" w="37" /><ent r="3" t="31" w="73" /><ent r="3" t="31" w="73" /><ent r="3" t="31" w="86" /><ent r="3" t="31" w="86" /><ent r="3" t="31" w="120" /><ent r="3" t="31" w="120" /><ent r="3" t="31" w="147" /><ent r="3" t="31" w="147" /><ent r="3" t="31" w="235" /><ent r="3" t="31" w="235" /><ent r="3" t="31" w="283" /><ent r="3" t="31" w="283" /><ent r="3" t="31" w="305" /><ent r="3" t="31" w="305" /><ent r="3" t="31" w="518" /><ent r="3" t="31" w="518" /><ent r="3" t="31" w="544" /><ent r="3" t="31" w="544" /><ent r="3" t="31" w="559" /><ent r="3" t="31" w="559" /><ent r="3" t="31" w="580" /><ent r="3" t="31" w="580" /><ent r="3" t="31" w="608" /><ent r="3" t="31" w="608" /><ent r="3" t="31" w="633" /><ent r="3" t="31" w="633" /><ent r="3" t="31" w="664" /><ent r="3" t="31" w="664" /><ent r="3" t="31" w="691" /><ent r="3" t="31" w="691" /><ent r="3" t="31" w="719" /><ent r="3" t="31" w="719" /><ent r="3" t="31" w="772" /><ent r="3" t="31" w="772" /><ent r="64" t="31" w="793" /><ent r="64" t="31" w="793" /><ent r="3" t="31" w="802" /><ent r="3" t="31" w="802" /><ent r="1000" t="32" w="3" /><ent r="1000" t="32" w="3" /><ent r="102" t="32" w="10" /><ent r="102" t="32" w="10" /><ent r="3" t="32" w="20" /><ent r="3" t="32" w="20" /><ent r="1000" t="33" w="3" /><ent r="1000" t="33" w="3" /><ent r="102" t="33" w="10" /><ent r="102" t="33" w="10" /><ent r="3" t="33" w="21" /><ent r="3" t="33" w="21" /><ent r="1000" t="34" w="3" /><ent r="1000" t="34" w="3" /><ent r="102" t="34" w="10" /><ent r="102" t="34" w="10" /><ent r="3" t="34" w="21" /><ent r="3" t="34" w="21" /><ent r="3" t="34" w="116" /><ent r="3" t="34" w="116" /><ent r="3" t="34" w="171" /><ent r="3" t="34" w="171" /><ent r="3" t="34" w="217" /><ent r="3" t="34" w="217" /><ent r="3" t="34" w="246" /><ent r="3" t="34" w="246" /><ent r="3" t="34" w="317" /><ent r="3" t="34" w="317" /><ent r="1000" t="35" w="5" /><ent r="1000" t="35" w="5" /><ent r="102" t="35" w="13" /><ent r="102" t="35" w="13" /><ent r="3" t="35" w="58" /><ent r="3" t="35" w="58" /><ent r="92" t="35" w="164" /><ent r="92" t="35" w="164" /><ent r="92" t="35" w="320" /><ent r="92" t="35" w="320" /><ent r="4" t="36" w="101" /><ent r="4" t="36" w="101" /><ent r="4" t="37" w="504" /><ent r="4" t="37" w="504" /><ent r="4" t="39" w="50" /><ent r="4" t="39" w="50" /><ent r="3" t="43" w="44" /><ent r="3" t="43" w="44" /><ent r="3" t="45" w="182" /><ent r="3" t="45" w="182" /><ent r="3" t="45" w="257" /><ent r="3" t="45" w="257" /><ent r="4" t="45" w="371" /><ent r="4" t="45" w="371" /><ent r="4" t="46" w="107" /><ent r="4" t="46" w="107" /><ent r="65" t="51" w="71" /><ent r="65" t="51" w="71" /><ent r="3" t="52" w="42" /><ent r="3" t="52" w="42" /><ent r="3" t="52" w="126" /><ent r="3" t="52" w="126" /><ent r="1000" t="53" w="2" /><ent r="1000" t="53" w="2" /><ent r="102" t="53" w="7" /><ent r="102" t="53" w="7" /><ent r="3" t="53" w="17" /><ent r="3" t="53" w="17" /><ent r="4" t="53" w="64" /><ent r="4" t="53" w="64" /><ent r="3" t="53" w="83" /><ent r="3" t="53" w="83" /><ent r="3" t="53" w="101" /><ent r="3" t="53" w="101" /><ent r="3" t="61" w="239" /><ent r="3" t="61" w="239" /><ent r="3" t="61" w="256" /><ent r="3" t="61" w="256" /><ent r="3" t="61" w="287" /><ent r="3" t="61" w="287" /><ent r="4" t="61" w="350" /><ent r="4" t="61" w="350" /><ent r="64" t="66" w="122" /><ent r="64" t="66" w="122" /><ent r="64" t="66" w="135" /><ent r="64" t="66" w="135" /><ent r="3" t="67" w="23" /><ent r="3" t="67" w="23" /><ent r="4" t="67" w="119" /><ent r="4" t="67" w="119" /><ent r="1000" t="68" w="3" /><ent r="1000" t="68" w="3" /><ent r="102" t="68" w="8" /><ent r="102" t="68" w="8" /><ent r="3" t="68" w="19" /><ent r="3" t="68" w="19" /><ent r="1000" t="69" w="3" /><ent r="1000" t="69" w="3" /><ent r="102" t="69" w="11" /><ent r="102" t="69" w="11" /><ent r="3" t="69" w="25" /><ent r="3" t="69" w="25" /><ent r="4" t="69" w="323" /><ent r="4" t="69" w="323" /></phr><phr n="customization"><ent r="3" t="8" w="23" /><ent r="3" t="8" w="23" /><ent r="67" t="18" w="226" /><ent r="67" t="18" w="226" /><ent r="1000" t="21" w="3" /><ent r="1000" t="21" w="3" /><ent r="102" t="21" w="7" /><ent r="102" t="21" w="7" /><ent r="3" t="66" w="61" /><ent r="3" t="66" w="61" /><ent r="92" t="66" w="131" /><ent r="92" t="66" w="131" /></phr><phr n="Customize"><ent r="7" t="17" w="6452" /><ent r="7" t="17" w="6452" /><ent r="4" t="36" w="104" /><ent r="4" t="36" w="104" /><ent r="65" t="51" w="86" /><ent r="65" t="51" w="86" /></phr><phr n="customized"><ent r="3" t="45" w="165" /><ent r="3" t="45" w="165" /><ent r="3" t="45" w="231" /><ent r="3" t="45" w="231" /></phr><phr n="Customizing"><ent r="1000" t="60" w="1" /><ent r="1000" t="60" w="1" /><ent r="102" t="60" w="8" /><ent r="102" t="60" w="8" /></phr><phr n="customizations"><ent r="92" t="66" w="111" /><ent r="92" t="66" w="111" /><ent r="4" t="82" w="137" /></phr></stem><stem n="applic"><phr n="application"><ent r="3" t="0" w="45" /><ent r="3" t="0" w="45" /><ent r="4" t="0" w="319" /><ent r="4" t="0" w="319" /><ent r="4" t="1" w="138" /><ent r="4" t="1" w="206" /><ent r="4" t="1" w="206" /><ent r="3" t="2" w="259" /><ent r="3" t="4" w="42" /><ent r="3" t="4" w="52" /><ent r="6" t="5" w="47" /><ent r="6" t="5" w="47" /><ent r="3" t="8" w="33" /><ent r="3" t="8" w="33" /><ent r="64" t="8" w="78" /><ent r="64" t="8" w="78" /><ent r="3" t="8" w="105" /><ent r="100" t="12" w="7" /><ent r="100" t="12" w="7" /><ent r="3" t="12" w="19" /><ent r="3" t="12" w="19" /><ent r="3" t="12" w="45" /><ent r="3" t="12" w="47" /><ent r="3" t="12" w="47" /><ent r="5" t="14" w="53" /><ent r="5" t="14" w="53" /><ent r="5" t="14" w="157" /><ent r="5" t="14" w="157" /><ent r="3" t="15" w="18" /><ent r="3" t="15" w="18" /><ent r="4" t="15" w="539" /><ent r="4" t="15" w="676" /><ent r="4" t="15" w="716" /><ent r="5" t="17" w="82" /><ent r="7" t="17" w="92" /><ent r="7" t="17" w="103" /><ent r="7" t="17" w="115" /><ent r="7" t="17" w="126" /><ent r="7" t="17" w="137" /><ent r="7" t="17" w="150" /><ent r="7" t="17" w="162" /><ent r="7" t="17" w="180" /><ent r="7" t="17" w="196" /><ent r="7" t="17" w="212" /><ent r="7" t="17" w="223" /><ent r="7" t="17" w="235" /><ent r="7" t="17" w="251" /><ent r="7" t="17" w="262" /><ent r="7" t="17" w="275" /><ent r="7" t="17" w="287" /><ent r="7" t="17" w="298" /><ent r="7" t="17" w="311" /><ent r="7" t="17" w="324" /><ent r="7" t="17" w="338" /><ent r="7" t="17" w="349" /><ent r="7" t="17" w="363" /><ent r="8" t="17" w="377" /><ent r="6" t="17" w="388" /><ent r="7" t="17" w="398" /><ent r="7" t="17" w="408" /><ent r="7" t="17" w="423" /><ent r="7" t="17" w="435" /><ent r="7" t="17" w="446" /><ent r="7" t="17" w="457" /><ent r="7" t="17" w="468" /><ent r="7" t="17" w="480" /><ent r="7" t="17" w="493" /><ent r="7" t="17" w="506" /><ent r="6" t="17" w="517" /><ent r="7" t="17" w="527" /><ent r="7" t="17" w="538" /><ent r="7" t="17" w="549" /><ent r="7" t="17" w="561" /><ent r="7" t="17" w="573" /><ent r="7" t="17" w="584" /><ent r="7" t="17" w="597" /><ent r="7" t="17" w="609" /><ent r="7" t="17" w="621" /><ent r="7" t="17" w="632" /><ent r="7" t="17" w="643" /><ent r="7" t="17" w="654" /><ent r="7" t="17" w="667" /><ent r="7" t="17" w="678" /><ent r="7" t="17" w="689" /><ent r="7" t="17" w="701" /><ent r="7" t="17" w="713" /><ent r="7" t="17" w="725" /><ent r="7" t="17" w="737" /><ent r="7" t="17" w="749" /><ent r="7" t="17" w="760" /><ent r="7" t="17" w="771" /><ent r="7" t="17" w="782" /><ent r="7" t="17" w="794" /><ent r="7" t="17" w="807" /><ent r="7" t="17" w="820" /><ent r="7" t="17" w="832" /><ent r="7" t="17" w="844" /><ent r="7" t="17" w="857" /><ent r="7" t="17" w="870" /><ent r="7" t="17" w="883" /><ent r="7" t="17" w="896" /><ent r="7" t="17" w="910" /><ent r="7" t="17" w="923" /><ent r="7" t="17" w="936" /><ent r="7" t="17" w="949" /><ent r="7" t="17" w="962" /><ent r="7" t="17" w="976" /><ent r="7" t="17" w="987" /><ent r="7" t="17" w="998" /><ent r="7" t="17" w="1010" /><ent r="6" t="17" w="1021" /><ent r="8" t="17" w="1031" /><ent r="8" t="17" w="1042" /><ent r="8" t="17" w="1054" /><ent r="8" t="17" w="1066" /><ent r="8" t="17" w="1078" /><ent r="8" t="17" w="1089" /><ent r="8" t="17" w="1101" /><ent r="8" t="17" w="1113" /><ent r="8" t="17" w="1124" /><ent r="8" t="17" w="1136" /><ent r="8" t="17" w="1147" /><ent r="8" t="17" w="1159" /><ent r="8" t="17" w="1171" /><ent r="8" t="17" w="1185" /><ent r="8" t="17" w="1197" /><ent r="8" t="17" w="1208" /><ent r="8" t="17" w="1220" /><ent r="8" t="17" w="1232" /><ent r="8" t="17" w="1245" /><ent r="8" t="17" w="1260" /><ent r="8" t="17" w="1273" /><ent r="8" t="17" w="1286" /><ent r="8" t="17" w="1300" /><ent r="8" t="17" w="1313" /><ent r="8" t="17" w="1325" /><ent r="8" t="17" w="1337" /><ent r="8" t="17" w="1350" /><ent r="8" t="17" w="1362" /><ent r="8" t="17" w="1374" /><ent r="8" t="17" w="1387" /><ent r="8" t="17" w="1400" /><ent r="8" t="17" w="1413" /><ent r="8" t="17" w="1428" /><ent r="8" t="17" w="1441" /><ent r="8" t="17" w="1454" /><ent r="8" t="17" w="1468" /><ent r="8" t="17" w="1481" /><ent r="8" t="17" w="1493" /><ent r="8" t="17" w="1505" /><ent r="8" t="17" w="1518" /><ent r="8" t="17" w="1530" /><ent r="8" t="17" w="1544" /><ent r="8" t="17" w="1556" /><ent r="8" t="17" w="1569" /><ent r="8" t="17" w="1582" /><ent r="8" t="17" w="1596" /><ent r="8" t="17" w="1608" /><ent r="8" t="17" w="1622" /><ent r="5" t="17" w="1635" /><ent r="7" t="17" w="1645" /><ent r="7" t="17" w="1656" /><ent r="7" t="17" w="1668" /><ent r="7" t="17" w="1681" /><ent r="7" t="17" w="1693" /><ent r="7" t="17" w="1705" /><ent r="7" t="17" w="1717" /><ent r="7" t="17" w="1729" /><ent r="7" t="17" w="1741" /><ent r="7" t="17" w="1752" /><ent r="7" t="17" w="1764" /><ent r="7" t="17" w="1776" /><ent r="7" t="17" w="1787" /><ent r="7" t="17" w="1799" /><ent r="7" t="17" w="1810" /><ent r="7" t="17" w="1822" /><ent r="7" t="17" w="1834" /><ent r="7" t="17" w="1848" /><ent r="7" t="17" w="1860" /><ent r="7" t="17" w="1873" /><ent r="7" t="17" w="1886" /><ent r="7" t="17" w="1900" /><ent r="7" t="17" w="1913" /><ent r="7" t="17" w="1925" /><ent r="7" t="17" w="1937" /><ent r="7" t="17" w="1950" /><ent r="7" t="17" w="1962" /><ent r="7" t="17" w="1974" /><ent r="7" t="17" w="1987" /><ent r="7" t="17" w="2000" /><ent r="7" t="17" w="2013" /><ent r="7" t="17" w="2028" /><ent r="7" t="17" w="2041" /><ent r="7" t="17" w="2054" /><ent r="7" t="17" w="2068" /><ent r="7" t="17" w="2081" /><ent r="7" t="17" w="2093" /><ent r="7" t="17" w="2105" /><ent r="7" t="17" w="2118" /><ent r="7" t="17" w="2130" /><ent r="7" t="17" w="2143" /><ent r="7" t="17" w="2155" /><ent r="7" t="17" w="2168" /><ent r="7" t="17" w="2181" /><ent r="7" t="17" w="2194" /><ent r="7" t="17" w="2206" /><ent r="7" t="17" w="2220" /><ent r="7" t="17" w="2235" /><ent r="5" t="17" w="2247" /><ent r="7" t="17" w="2257" /><ent r="7" t="17" w="2268" /><ent r="7" t="17" w="2280" /><ent r="7" t="17" w="2293" /><ent r="7" t="17" w="2305" /><ent r="7" t="17" w="2317" /><ent r="7" t="17" w="2330" /><ent r="7" t="17" w="2343" /><ent r="7" t="17" w="2356" /><ent r="7" t="17" w="2368" /><ent r="7" t="17" w="2380" /><ent r="7" t="17" w="2392" /><ent r="7" t="17" w="2404" /><ent r="7" t="17" w="2416" /><ent r="7" t="17" w="2427" /><ent r="7" t="17" w="2439" /><ent r="7" t="17" w="2451" /><ent r="7" t="17" w="2462" /><ent r="7" t="17" w="2474" /><ent r="7" t="17" w="2485" /><ent r="7" t="17" w="2497" /><ent r="7" t="17" w="2509" /><ent r="7" t="17" w="2523" /><ent r="7" t="17" w="2535" /><ent r="7" t="17" w="2548" /><ent r="7" t="17" w="2561" /><ent r="7" t="17" w="2575" /><ent r="7" t="17" w="2587" /><ent r="7" t="17" w="2599" /><ent r="7" t="17" w="2611" /><ent r="7" t="17" w="2624" /><ent r="7" t="17" w="2639" /><ent r="7" t="17" w="2652" /><ent r="7" t="17" w="2665" /><ent r="7" t="17" w="2679" /><ent r="7" t="17" w="2692" /><ent r="7" t="17" w="2704" /><ent r="7" t="17" w="2716" /><ent r="7" t="17" w="2729" /><ent r="7" t="17" w="2741" /><ent r="7" t="17" w="2754" /><ent r="7" t="17" w="2766" /><ent r="7" t="17" w="2779" /><ent r="7" t="17" w="2792" /><ent r="7" t="17" w="2805" /><ent r="7" t="17" w="2817" /><ent r="7" t="17" w="2831" /><ent r="7" t="17" w="2846" /><ent r="5" t="17" w="2858" /><ent r="7" t="17" w="2868" /><ent r="7" t="17" w="2879" /><ent r="7" t="17" w="2891" /><ent r="7" t="17" w="2904" /><ent r="7" t="17" w="2916" /><ent r="7" t="17" w="2929" /><ent r="7" t="17" w="2941" /><ent r="7" t="17" w="2954" /><ent r="7" t="17" w="2967" /><ent r="7" t="17" w="2979" /><ent r="7" t="17" w="2991" /><ent r="7" t="17" w="3003" /><ent r="7" t="17" w="3015" /><ent r="7" t="17" w="3027" /><ent r="7" t="17" w="3038" /><ent r="7" t="17" w="3050" /><ent r="7" t="17" w="3062" /><ent r="7" t="17" w="3073" /><ent r="7" t="17" w="3085" /><ent r="7" t="17" w="3096" /><ent r="7" t="17" w="3108" /><ent r="7" t="17" w="3120" /><ent r="7" t="17" w="3134" /><ent r="7" t="17" w="3146" /><ent r="7" t="17" w="3159" /><ent r="7" t="17" w="3172" /><ent r="7" t="17" w="3186" /><ent r="7" t="17" w="3198" /><ent r="7" t="17" w="3210" /><ent r="7" t="17" w="3222" /><ent r="7" t="17" w="3235" /><ent r="7" t="17" w="3250" /><ent r="7" t="17" w="3263" /><ent r="7" t="17" w="3276" /><ent r="7" t="17" w="3290" /><ent r="7" t="17" w="3303" /><ent r="7" t="17" w="3315" /><ent r="7" t="17" w="3327" /><ent r="7" t="17" w="3340" /><ent r="7" t="17" w="3352" /><ent r="7" t="17" w="3364" /><ent r="7" t="17" w="3377" /><ent r="7" t="17" w="3390" /><ent r="7" t="17" w="3403" /><ent r="7" t="17" w="3418" /><ent r="7" t="17" w="3431" /><ent r="7" t="17" w="3444" /><ent r="7" t="17" w="3458" /><ent r="5" t="17" w="3470" /><ent r="7" t="17" w="3480" /><ent r="7" t="17" w="3491" /><ent r="7" t="17" w="3504" /><ent r="7" t="17" w="3516" /><ent r="7" t="17" w="3528" /><ent r="7" t="17" w="3542" /><ent r="7" t="17" w="3557" /><ent r="7" t="17" w="3570" /><ent r="7" t="17" w="3583" /><ent r="7" t="17" w="3597" /><ent r="7" t="17" w="3611" /><ent r="7" t="17" w="3625" /><ent r="7" t="17" w="3640" /><ent r="7" t="17" w="3654" /><ent r="7" t="17" w="3681" /><ent r="7" t="17" w="3692" /><ent r="8" t="17" w="3703" /><ent r="8" t="17" w="3715" /><ent r="8" t="17" w="3729" /><ent r="7" t="17" w="3741" /><ent r="7" t="17" w="3754" /><ent r="7" t="17" w="3766" /><ent r="7" t="17" w="3780" /><ent r="7" t="17" w="3795" /><ent r="6" t="17" w="3807" /><ent r="8" t="17" w="3817" /><ent r="8" t="17" w="3829" /><ent r="8" t="17" w="3841" /><ent r="8" t="17" w="3853" /><ent r="8" t="17" w="3864" /><ent r="8" t="17" w="3877" /><ent r="8" t="17" w="3890" /><ent r="8" t="17" w="3904" /><ent r="8" t="17" w="3918" /><ent r="8" t="17" w="3931" /><ent r="8" t="17" w="3958" /><ent r="8" t="17" w="3969" /><ent r="8" t="17" w="3980" /><ent r="8" t="17" w="3992" /><ent r="8" t="17" w="4006" /><ent r="8" t="17" w="4019" /><ent r="8" t="17" w="4030" /><ent r="8" t="17" w="4042" /><ent r="8" t="17" w="4054" /><ent r="8" t="17" w="4066" /><ent r="8" t="17" w="4077" /><ent r="8" t="17" w="4090" /><ent r="8" t="17" w="4103" /><ent r="8" t="17" w="4117" /><ent r="8" t="17" w="4131" /><ent r="8" t="17" w="4144" /><ent r="8" t="17" w="4171" /><ent r="5" t="17" w="4182" /><ent r="7" t="17" w="4193" /><ent r="7" t="17" w="4206" /><ent r="7" t="17" w="4220" /><ent r="7" t="17" w="4234" /><ent r="7" t="17" w="4246" /><ent r="7" t="17" w="4260" /><ent r="7" t="17" w="4273" /><ent r="7" t="17" w="4287" /><ent r="7" t="17" w="4301" /><ent r="7" t="17" w="4314" /><ent r="7" t="17" w="4328" /><ent r="7" t="17" w="4343" /><ent r="7" t="17" w="4355" /><ent r="7" t="17" w="4367" /><ent r="7" t="17" w="4379" /><ent r="8" t="17" w="4393" /><ent r="8" t="17" w="4408" /><ent r="7" t="17" w="4424" /><ent r="7" t="17" w="4438" /><ent r="7" t="17" w="4452" /><ent r="7" t="17" w="4464" /><ent r="7" t="17" w="4477" /><ent r="7" t="17" w="4491" /><ent r="7" t="17" w="4505" /><ent r="7" t="17" w="4517" /><ent r="7" t="17" w="4531" /><ent r="7" t="17" w="4544" /><ent r="7" t="17" w="4558" /><ent r="7" t="17" w="4572" /><ent r="7" t="17" w="4585" /><ent r="7" t="17" w="4599" /><ent r="5" t="17" w="4611" /><ent r="7" t="17" w="4622" /><ent r="7" t="17" w="4634" /><ent r="7" t="17" w="4648" /><ent r="7" t="17" w="4660" /><ent r="7" t="17" w="4674" /><ent r="7" t="17" w="4687" /><ent r="7" t="17" w="4701" /><ent r="8" t="17" w="4715" /><ent r="8" t="17" w="4729" /><ent r="8" t="17" w="4744" /><ent r="8" t="17" w="4758" /><ent r="8" t="17" w="4785" /><ent r="8" t="17" w="4796" /><ent r="8" t="17" w="4807" /><ent r="8" t="17" w="4820" /><ent r="8" t="17" w="4836" /><ent r="8" t="17" w="4849" /><ent r="8" t="17" w="4861" /><ent r="8" t="17" w="4875" /><ent r="8" t="17" w="4887" /><ent r="7" t="17" w="4900" /><ent r="7" t="17" w="4914" /><ent r="7" t="17" w="4929" /><ent r="7" t="17" w="4941" /><ent r="7" t="17" w="4953" /><ent r="7" t="17" w="4967" /><ent r="7" t="17" w="4979" /><ent r="7" t="17" w="4993" /><ent r="7" t="17" w="5006" /><ent r="5" t="17" w="5018" /><ent r="7" t="17" w="5028" /><ent r="7" t="17" w="5038" /><ent r="7" t="17" w="5049" /><ent r="7" t="17" w="5061" /><ent r="7" t="17" w="5072" /><ent r="7" t="17" w="5088" /><ent r="7" t="17" w="5102" /><ent r="7" t="17" w="5115" /><ent r="7" t="17" w="5129" /><ent r="7" t="17" w="5143" /><ent r="7" t="17" w="5154" /><ent r="7" t="17" w="5168" /><ent r="7" t="17" w="5181" /><ent r="7" t="17" w="5195" /><ent r="7" t="17" w="5207" /><ent r="7" t="17" w="5220" /><ent r="7" t="17" w="5232" /><ent r="7" t="17" w="5245" /><ent r="7" t="17" w="5258" /><ent r="5" t="17" w="5271" /><ent r="7" t="17" w="5283" /><ent r="7" t="17" w="5295" /><ent r="7" t="17" w="5311" /><ent r="7" t="17" w="5322" /><ent r="7" t="17" w="5334" /><ent r="7" t="17" w="5347" /><ent r="7" t="17" w="5361" /><ent r="7" t="17" w="5373" /><ent r="7" t="17" w="5390" /><ent r="7" t="17" w="5404" /><ent r="5" t="17" w="5415" /><ent r="7" t="17" w="5425" /><ent r="7" t="17" w="5436" /><ent r="7" t="17" w="5448" /><ent r="7" t="17" w="5460" /><ent r="7" t="17" w="5471" /><ent r="7" t="17" w="5483" /><ent r="7" t="17" w="5495" /><ent r="7" t="17" w="5509" /><ent r="7" t="17" w="5523" /><ent r="7" t="17" w="5535" /><ent r="7" t="17" w="5549" /><ent r="7" t="17" w="5562" /><ent r="7" t="17" w="5574" /><ent r="7" t="17" w="5586" /><ent r="7" t="17" w="5599" /><ent r="7" t="17" w="5612" /><ent r="7" t="17" w="5625" /><ent r="7" t="17" w="5639" /><ent r="7" t="17" w="5654" /><ent r="7" t="17" w="5666" /><ent r="7" t="17" w="5679" /><ent r="7" t="17" w="5692" /><ent r="7" t="17" w="5706" /><ent r="7" t="17" w="5719" /><ent r="7" t="17" w="5733" /><ent r="7" t="17" w="5747" /><ent r="7" t="17" w="5762" /><ent r="7" t="17" w="5776" /><ent r="7" t="17" w="5792" /><ent r="7" t="17" w="5807" /><ent r="7" t="17" w="5823" /><ent r="7" t="17" w="5838" /><ent r="7" t="17" w="5852" /><ent r="7" t="17" w="5865" /><ent r="7" t="17" w="5879" /><ent r="7" t="17" w="5894" /><ent r="7" t="17" w="5906" /><ent r="5" t="17" w="5917" /><ent r="7" t="17" w="5927" /><ent r="7" t="17" w="5938" /><ent r="7" t="17" w="5950" /><ent r="7" t="17" w="5962" /><ent r="7" t="17" w="5973" /><ent r="7" t="17" w="5985" /><ent r="7" t="17" w="5998" /><ent r="7" t="17" w="6010" /><ent r="7" t="17" w="6024" /><ent r="7" t="17" w="6036" /><ent r="7" t="17" w="6050" /><ent r="7" t="17" w="6065" /><ent r="7" t="17" w="6078" /><ent r="7" t="17" w="6093" /><ent r="7" t="17" w="6108" /><ent r="7" t="17" w="6122" /><ent r="7" t="17" w="6136" /><ent r="7" t="17" w="6156" /><ent r="7" t="17" w="6170" /><ent r="7" t="17" w="6186" /><ent r="7" t="17" w="6200" /><ent r="7" t="17" w="6213" /><ent r="7" t="17" w="6226" /><ent r="7" t="17" w="6239" /><ent r="7" t="17" w="6253" /><ent r="7" t="17" w="6265" /><ent r="7" t="17" w="6278" /><ent r="7" t="17" w="6292" /><ent r="7" t="17" w="6307" /><ent r="7" t="17" w="6323" /><ent r="7" t="17" w="6337" /><ent r="7" t="17" w="6351" /><ent r="7" t="17" w="6365" /><ent r="7" t="17" w="6381" /><ent r="7" t="17" w="6394" /><ent r="7" t="17" w="6408" /><ent r="7" t="17" w="6424" /><ent r="7" t="17" w="6436" /><ent r="7" t="17" w="6447" /><ent r="7" t="17" w="6458" /><ent r="7" t="17" w="6469" /><ent r="7" t="17" w="6483" /><ent r="7" t="17" w="6498" /><ent r="7" t="17" w="6513" /><ent r="7" t="17" w="6529" /><ent r="7" t="17" w="6543" /><ent r="7" t="17" w="6556" /><ent r="7" t="17" w="6569" /><ent r="5" t="17" w="6582" /><ent r="7" t="17" w="6592" /><ent r="7" t="17" w="6602" /><ent r="7" t="17" w="6614" /><ent r="7" t="17" w="6626" /><ent r="7" t="17" w="6638" /><ent r="7" t="17" w="6650" /><ent r="5" t="17" w="6661" /><ent r="6" t="17" w="6672" /><ent r="6" t="17" w="6685" /><ent r="6" t="17" w="6699" /><ent r="6" t="17" w="6713" /><ent r="6" t="17" w="6726" /><ent r="6" t="17" w="6738" /><ent r="6" t="17" w="6751" /><ent r="6" t="17" w="6763" /><ent r="6" t="17" w="6776" /><ent r="6" t="17" w="6788" /><ent r="6" t="17" w="6802" /><ent r="6" t="17" w="6815" /><ent r="5" t="17" w="6826" /><ent r="7" t="17" w="6837" /><ent r="7" t="17" w="6848" /><ent r="7" t="17" w="6861" /><ent r="7" t="17" w="6873" /><ent r="7" t="17" w="6890" /><ent r="7" t="17" w="6903" /><ent r="7" t="17" w="6918" /><ent r="7" t="17" w="6933" /><ent r="7" t="17" w="6947" /><ent r="7" t="17" w="6961" /><ent r="7" t="17" w="6985" /><ent r="7" t="17" w="7001" /><ent r="7" t="17" w="7016" /><ent r="7" t="17" w="7030" /><ent r="7" t="17" w="7043" /><ent r="7" t="17" w="7055" /><ent r="7" t="17" w="7067" /><ent r="7" t="17" w="7080" /><ent r="3" t="24" w="180" /><ent r="3" t="31" w="141" /><ent r="3" t="31" w="141" /><ent r="3" t="38" w="431" /><ent r="3" t="38" w="431" /><ent r="3" t="40" w="133" /><ent r="3" t="42" w="24" /><ent r="3" t="42" w="24" /><ent r="3" t="60" w="26" /><ent r="3" t="60" w="26" /><ent r="3" t="62" w="126" /><ent r="3" t="62" w="126" /><ent r="3" t="67" w="17" /><ent r="3" t="67" w="17" /><ent r="3" t="67" w="64" /><ent r="3" t="68" w="13" /><ent r="3" t="68" w="13" /><ent r="3" t="68" w="82" /><ent r="3" t="68" w="82" /><ent r="3" t="69" w="19" /><ent r="3" t="69" w="19" /><ent r="4" t="82" w="40" /><ent r="4" t="82" w="40" /><ent r="4" t="82" w="110" /><ent r="4" t="82" w="110" /><ent r="4" t="82" w="127" /><ent r="5" t="82" w="210" /><ent r="5" t="82" w="210" /></phr><phr n="applications"><ent r="3" t="0" w="134" /><ent r="3" t="0" w="134" /><ent r="4" t="0" w="209" /><ent r="3" t="1" w="36" /><ent r="3" t="1" w="36" /><ent r="3" t="1" w="60" /><ent r="3" t="1" w="60" /><ent r="3" t="2" w="41" /><ent r="3" t="2" w="41" /><ent r="3" t="4" w="45" /><ent r="3" t="4" w="45" /><ent r="3" t="66" w="83" /><ent r="3" t="66" w="83" /></phr><phr n="Application"><ent r="3" t="2" w="380" /><ent r="1000" t="12" w="1" /><ent r="1000" t="12" w="1" /><ent r="102" t="12" w="11" /><ent r="102" t="12" w="11" /></phr><phr n="applicable"><ent r="3" t="39" w="264" /><ent r="3" t="39" w="264" /></phr></stem></index>