<?xml version="1.0" encoding="utf-8"?><index><stem n="cookbook"><phr n="Cookbook"><ent r="65" t="0" w="205" /><ent r="65" t="0" w="205" /><ent r="5" t="19" w="157" /><ent r="5" t="19" w="157" /><ent r="5" t="20" w="120" /><ent r="5" t="20" w="120" /><ent r="5" t="21" w="87" /><ent r="5" t="21" w="87" /><ent r="1000" t="66" w="3" /><ent r="1000" t="66" w="3" /><ent r="102" t="66" w="7" /><ent r="102" t="66" w="7" /><ent r="3" t="66" w="11" /><ent r="3" t="66" w="11" /><ent r="3" t="66" w="38" /><ent r="3" t="66" w="38" /><ent r="3" t="66" w="73" /><ent r="3" t="66" w="73" /></phr></stem><stem n="includ"><phr n="includes"><ent r="4" t="0" w="207" /><ent r="4" t="0" w="207" /><ent r="4" t="1" w="220" /><ent r="4" t="1" w="220" /><ent r="3" t="13" w="53" /><ent r="3" t="13" w="53" /><ent r="3" t="14" w="31" /><ent r="3" t="14" w="31" /><ent r="3" t="15" w="19" /><ent r="3" t="15" w="19" /><ent r="3" t="23" w="61" /><ent r="3" t="23" w="61" /><ent r="3" t="27" w="254" /><ent r="3" t="27" w="254" /><ent r="3" t="44" w="34" /><ent r="3" t="44" w="34" /><ent r="3" t="66" w="62" /><ent r="3" t="66" w="62" /></phr><phr n="including"><ent r="4" t="0" w="254" /><ent r="4" t="0" w="254" /><ent r="3" t="2" w="292" /><ent r="3" t="2" w="292" /><ent r="6" t="5" w="70" /><ent r="6" t="5" w="70" /><ent r="6" t="5" w="125" /><ent r="6" t="5" w="125" /><ent r="4" t="15" w="642" /><ent r="4" t="15" w="642" /><ent r="4" t="23" w="103" /><ent r="4" t="23" w="103" /><ent r="3" t="24" w="391" /><ent r="3" t="24" w="391" /><ent r="4" t="37" w="464" /><ent r="4" t="37" w="464" /></phr><phr n="included"><ent r="3" t="1" w="106" /><ent r="3" t="1" w="106" /><ent r="3" t="6" w="48" /><ent r="3" t="6" w="48" /><ent r="3" t="24" w="190" /><ent r="3" t="24" w="190" /><ent r="3" t="24" w="327" /><ent r="3" t="24" w="327" /><ent r="3" t="43" w="77" /><ent r="3" t="43" w="77" /><ent r="3" t="74" w="48" /><ent r="3" t="74" w="48" /></phr><phr n="Includes"><ent r="3" t="65" w="88" /><ent r="3" t="65" w="88" /></phr></stem><stem n="sampl"><phr n="sample"><ent r="4" t="0" w="208" /><ent r="4" t="0" w="208" /><ent r="4" t="19" w="161" /><ent r="4" t="19" w="161" /><ent r="4" t="20" w="124" /><ent r="4" t="20" w="124" /><ent r="4" t="21" w="91" /><ent r="4" t="21" w="91" /><ent r="3" t="45" w="273" /><ent r="3" t="45" w="273" /><ent r="3" t="52" w="12" /><ent r="3" t="52" w="12" /><ent r="3" t="52" w="49" /><ent r="3" t="52" w="49" /><ent r="3" t="53" w="12" /><ent r="3" t="53" w="12" /><ent r="3" t="53" w="28" /><ent r="3" t="53" w="28" /><ent r="3" t="54" w="12" /><ent r="3" t="54" w="12" /><ent r="3" t="54" w="26" /><ent r="3" t="54" w="26" /><ent r="3" t="55" w="12" /><ent r="3" t="55" w="12" /><ent r="3" t="55" w="26" /><ent r="3" t="55" w="26" /><ent r="3" t="57" w="16" /><ent r="3" t="57" w="16" /><ent r="3" t="57" w="25" /><ent r="3" t="57" w="25" /><ent r="3" t="58" w="14" /><ent r="3" t="58" w="14" /><ent r="3" t="59" w="22" /><ent r="3" t="59" w="22" /><ent r="3" t="63" w="191" /><ent r="3" t="63" w="191" /><ent r="3" t="67" w="16" /><ent r="3" t="67" w="16" /><ent r="3" t="68" w="12" /><ent r="3" t="68" w="12" /><ent r="3" t="69" w="18" /><ent r="3" t="69" w="18" /><ent r="4" t="69" w="185" /><ent r="4" t="69" w="185" /><ent r="3" t="69" w="282" /><ent r="3" t="69" w="282" /></phr><phr n="Samples"><ent r="65" t="0" w="263" /><ent r="65" t="0" w="263" /><ent r="5" t="19" w="147" /><ent r="5" t="19" w="147" /><ent r="5" t="20" w="110" /><ent r="5" t="20" w="110" /><ent r="5" t="21" w="77" /><ent r="5" t="21" w="77" /><ent r="5" t="22" w="65" /><ent r="5" t="22" w="65" /><ent r="1000" t="51" w="2" /><ent r="1000" t="51" w="2" /><ent r="102" t="51" w="6" /><ent r="102" t="51" w="6" /><ent r="4" t="67" w="84" /><ent r="4" t="67" w="84" /><ent r="4" t="68" w="123" /><ent r="4" t="68" w="123" /><ent r="4" t="69" w="98" /><ent r="4" t="69" w="98" /></phr><phr n="samples"><ent r="3" t="1" w="30" /><ent r="3" t="1" w="30" /><ent r="3" t="4" w="194" /><ent r="3" t="22" w="23" /><ent r="3" t="22" w="23" /><ent r="3" t="22" w="39" /><ent r="3" t="22" w="39" /><ent r="3" t="25" w="429" /><ent r="3" t="25" w="429" /><ent r="3" t="51" w="16" /><ent r="3" t="51" w="16" /><ent r="3" t="51" w="27" /><ent r="3" t="51" w="27" /><ent r="3" t="51" w="99" /><ent r="3" t="51" w="99" /></phr></stem><stem n="describ"><phr n="describes"><ent r="4" t="0" w="214" /><ent r="4" t="0" w="214" /><ent r="4" t="0" w="279" /><ent r="4" t="0" w="279" /><ent r="4" t="1" w="198" /><ent r="4" t="1" w="198" /><ent r="3" t="15" w="206" /><ent r="3" t="15" w="206" /><ent r="3" t="73" w="16" /><ent r="3" t="73" w="16" /><ent r="3" t="81" w="55" /><ent r="3" t="81" w="55" /></phr><phr n="describing"><ent r="3" t="25" w="195" /><ent r="3" t="25" w="195" /></phr><phr n="describe"><ent r="3" t="25" w="294" /><ent r="3" t="25" w="294" /><ent r="3" t="25" w="305" /><ent r="3" t="25" w="305" /><ent r="4" t="25" w="370" /><ent r="4" t="25" w="370" /><ent r="3" t="45" w="18" /><ent r="3" t="45" w="18" /></phr></stem><stem n="class"><phr n="classes"><ent r="4" t="0" w="217" /><ent r="4" t="0" w="217" /><ent r="6" t="5" w="72" /><ent r="3" t="34" w="275" /><ent r="3" t="34" w="275" /><ent r="3" t="34" w="309" /><ent r="3" t="34" w="437" /><ent r="3" t="41" w="44" /><ent r="3" t="41" w="53" /><ent r="3" t="41" w="141" /><ent r="3" t="46" w="20" /><ent r="3" t="46" w="20" /><ent r="4" t="46" w="134" /><ent r="4" t="46" w="134" /><ent r="3" t="60" w="80" /><ent r="3" t="60" w="80" /><ent r="5" t="82" w="165" /><ent r="5" t="82" w="168" /></phr><phr n="Class"><ent r="6" t="5" w="61" /><ent r="6" t="5" w="61" /><ent r="6" t="7" w="151" /><ent r="6" t="7" w="151" /></phr><phr n="class"><ent r="6" t="5" w="139" /><ent r="6" t="5" w="139" /><ent r="3" t="7" w="36" /><ent r="3" t="7" w="36" /><ent r="3" t="7" w="61" /><ent r="3" t="7" w="66" /><ent r="3" t="7" w="66" /><ent r="3" t="7" w="132" /><ent r="3" t="7" w="132" /><ent r="3" t="27" w="709" /><ent r="3" t="27" w="709" /><ent r="3" t="28" w="249" /><ent r="3" t="28" w="249" /><ent r="3" t="28" w="295" /><ent r="3" t="28" w="295" /><ent r="3" t="28" w="338" /><ent r="3" t="28" w="338" /><ent r="3" t="28" w="352" /><ent r="3" t="28" w="352" /><ent r="3" t="28" w="356" /><ent r="3" t="28" w="356" /><ent r="3" t="28" w="369" /><ent r="3" t="28" w="369" /><ent r="3" t="34" w="39" /><ent r="3" t="34" w="39" /><ent r="3" t="34" w="296" /><ent r="3" t="34" w="296" /><ent r="3" t="35" w="26" /><ent r="3" t="35" w="26" /><ent r="3" t="35" w="35" /><ent r="3" t="35" w="35" /><ent r="3" t="35" w="72" /><ent r="3" t="35" w="258" /><ent r="3" t="35" w="338" /><ent r="3" t="35" w="373" /><ent r="3" t="35" w="373" /><ent r="3" t="35" w="592" /><ent r="3" t="35" w="592" /><ent r="3" t="37" w="203" /><ent r="3" t="37" w="203" /><ent r="3" t="39" w="303" /><ent r="3" t="39" w="303" /><ent r="3" t="42" w="49" /><ent r="3" t="42" w="49" /><ent r="3" t="48" w="228" /><ent r="3" t="48" w="228" /><ent r="3" t="48" w="246" /><ent r="3" t="48" w="246" /><ent r="3" t="48" w="311" /><ent r="3" t="48" w="311" /><ent r="3" t="48" w="331" /><ent r="3" t="48" w="381" /><ent r="3" t="48" w="381" /><ent r="3" t="48" w="395" /><ent r="3" t="50" w="126" /><ent r="3" t="50" w="126" /><ent r="3" t="50" w="248" /><ent r="3" t="50" w="248" /><ent r="3" t="61" w="31" /><ent r="3" t="61" w="31" /><ent r="3" t="61" w="273" /><ent r="3" t="61" w="273" /><ent r="3" t="62" w="31" /><ent r="3" t="62" w="31" /><ent r="4" t="62" w="49" /><ent r="4" t="62" w="49" /><ent r="4" t="62" w="69" /><ent r="4" t="62" w="69" /><ent r="3" t="62" w="107" /><ent r="3" t="62" w="115" /><ent r="3" t="62" w="115" /><ent r="3" t="63" w="25" /><ent r="3" t="63" w="25" /><ent r="5" t="82" w="161" /><ent r="5" t="82" w="161" /></phr></stem><stem n="method"><phr n="methods"><ent r="4" t="0" w="219" /><ent r="3" t="2" w="368" /><ent r="3" t="2" w="368" /><ent r="6" t="5" w="76" /><ent r="3" t="15" w="174" /><ent r="3" t="15" w="174" /><ent r="6" t="18" w="207" /><ent r="6" t="18" w="207" /><ent r="4" t="19" w="177" /><ent r="4" t="20" w="140" /><ent r="3" t="21" w="24" /><ent r="3" t="21" w="24" /><ent r="4" t="21" w="107" /><ent r="4" t="22" w="58" /><ent r="4" t="23" w="111" /><ent r="4" t="23" w="111" /><ent r="3" t="24" w="101" /><ent r="3" t="24" w="101" /><ent r="3" t="28" w="24" /><ent r="3" t="28" w="24" /><ent r="3" t="28" w="35" /><ent r="3" t="28" w="35" /><ent r="3" t="28" w="541" /><ent r="3" t="28" w="541" /><ent r="3" t="29" w="15" /><ent r="3" t="29" w="15" /><ent r="3" t="29" w="72" /><ent r="3" t="29" w="72" /><ent r="3" t="30" w="38" /><ent r="3" t="30" w="38" /><ent r="3" t="31" w="56" /><ent r="3" t="31" w="56" /><ent r="3" t="31" w="226" /><ent r="3" t="31" w="226" /><ent r="3" t="31" w="596" /><ent r="3" t="31" w="596" /><ent r="3" t="31" w="616" /><ent r="3" t="31" w="616" /><ent r="3" t="31" w="640" /><ent r="3" t="31" w="640" /><ent r="3" t="31" w="655" /><ent r="3" t="31" w="655" /><ent r="3" t="32" w="76" /><ent r="3" t="32" w="76" /><ent r="3" t="34" w="18" /><ent r="3" t="34" w="18" /><ent r="3" t="34" w="28" /><ent r="3" t="34" w="28" /><ent r="3" t="34" w="65" /><ent r="3" t="34" w="65" /><ent r="4" t="41" w="148" /><ent r="4" t="41" w="148" /><ent r="3" t="42" w="56" /><ent r="3" t="42" w="56" /><ent r="4" t="46" w="132" /><ent r="4" t="46" w="132" /><ent r="4" t="46" w="150" /><ent r="4" t="46" w="150" /><ent r="3" t="50" w="79" /><ent r="3" t="50" w="79" /><ent r="3" t="56" w="45" /><ent r="3" t="56" w="45" /><ent r="4" t="57" w="43" /><ent r="4" t="57" w="43" /><ent r="3" t="60" w="33" /><ent r="3" t="60" w="33" /><ent r="3" t="60" w="82" /><ent r="3" t="61" w="424" /><ent r="3" t="63" w="287" /><ent r="3" t="66" w="24" /><ent r="3" t="66" w="24" /></phr><phr n="method"><ent r="3" t="2" w="327" /><ent r="3" t="2" w="327" /><ent r="6" t="5" w="143" /><ent r="6" t="5" w="143" /><ent r="6" t="5" w="151" /><ent r="6" t="5" w="151" /><ent r="3" t="24" w="164" /><ent r="3" t="24" w="164" /><ent r="3" t="25" w="167" /><ent r="3" t="25" w="167" /><ent r="3" t="25" w="172" /><ent r="3" t="25" w="172" /><ent r="3" t="25" w="190" /><ent r="3" t="25" w="190" /><ent r="3" t="25" w="215" /><ent r="3" t="25" w="215" /><ent r="3" t="25" w="260" /><ent r="3" t="25" w="260" /><ent r="3" t="25" w="315" /><ent r="4" t="25" w="362" /><ent r="4" t="25" w="362" /><ent r="4" t="25" w="381" /><ent r="4" t="25" w="381" /><ent r="3" t="27" w="76" /><ent r="3" t="27" w="76" /><ent r="3" t="28" w="77" /><ent r="3" t="28" w="77" /><ent r="3" t="28" w="143" /><ent r="3" t="28" w="143" /><ent r="3" t="28" w="213" /><ent r="3" t="28" w="213" /><ent r="3" t="28" w="217" /><ent r="3" t="28" w="217" /><ent r="3" t="28" w="221" /><ent r="3" t="29" w="304" /><ent r="3" t="29" w="304" /><ent r="3" t="30" w="16" /><ent r="3" t="30" w="16" /><ent r="3" t="30" w="54" /><ent r="3" t="30" w="58" /><ent r="3" t="30" w="58" /><ent r="3" t="31" w="69" /><ent r="3" t="31" w="69" /><ent r="3" t="31" w="94" /><ent r="3" t="31" w="94" /><ent r="3" t="31" w="184" /><ent r="3" t="31" w="289" /><ent r="3" t="31" w="297" /><ent r="3" t="31" w="297" /><ent r="3" t="31" w="316" /><ent r="3" t="31" w="316" /><ent r="3" t="31" w="403" /><ent r="3" t="31" w="403" /><ent r="3" t="31" w="687" /><ent r="3" t="31" w="687" /><ent r="3" t="32" w="58" /><ent r="3" t="32" w="58" /><ent r="3" t="32" w="110" /><ent r="3" t="33" w="18" /><ent r="3" t="33" w="18" /><ent r="3" t="33" w="25" /><ent r="3" t="33" w="25" /><ent r="3" t="33" w="30" /><ent r="3" t="33" w="30" /><ent r="3" t="34" w="106" /><ent r="3" t="34" w="106" /><ent r="3" t="34" w="189" /><ent r="3" t="34" w="189" /><ent r="3" t="34" w="241" /><ent r="3" t="34" w="241" /><ent r="3" t="38" w="323" /><ent r="3" t="38" w="323" /><ent r="3" t="38" w="332" /><ent r="3" t="38" w="332" /><ent r="4" t="42" w="69" /><ent r="4" t="42" w="69" /><ent r="4" t="42" w="98" /><ent r="4" t="42" w="98" /><ent r="4" t="42" w="111" /><ent r="4" t="42" w="111" /><ent r="3" t="49" w="157" /><ent r="3" t="49" w="157" /><ent r="3" t="56" w="20" /><ent r="3" t="56" w="20" /><ent r="3" t="56" w="25" /><ent r="3" t="56" w="25" /><ent r="3" t="61" w="84" /><ent r="4" t="61" w="98" /><ent r="4" t="61" w="98" /><ent r="4" t="61" w="379" /><ent r="4" t="61" w="448" /><ent r="4" t="61" w="448" /><ent r="4" t="62" w="83" /><ent r="3" t="62" w="86" /><ent r="3" t="62" w="86" /><ent r="3" t="62" w="137" /><ent r="3" t="63" w="48" /><ent r="5" t="63" w="61" /><ent r="5" t="63" w="61" /><ent r="4" t="63" w="238" /><ent r="3" t="67" w="32" /><ent r="4" t="67" w="124" /><ent r="4" t="67" w="124" /><ent r="4" t="67" w="139" /><ent r="4" t="67" w="139" /><ent r="3" t="68" w="232" /><ent r="3" t="68" w="232" /><ent r="3" t="69" w="298" /><ent r="3" t="69" w="298" /><ent r="3" t="79" w="72" /><ent r="3" t="79" w="78" /><ent r="7" t="79" w="96" /><ent r="7" t="79" w="96" /><ent r="7" t="79" w="105" /><ent r="3" t="81" w="61" /></phr><phr n="Method"><ent r="5" t="25" w="359" /><ent r="5" t="25" w="359" /><ent r="5" t="25" w="378" /><ent r="5" t="25" w="378" /></phr><phr n="Methods"><ent r="3" t="64" w="109" /><ent r="3" t="64" w="109" /><ent r="4" t="65" w="81" /><ent r="4" t="65" w="81" /><ent r="4" t="65" w="197" /><ent r="4" t="65" w="197" /></phr></stem><stem n="explain"><phr n="explains"><ent r="4" t="0" w="247" /><ent r="4" t="0" w="247" /><ent r="3" t="23" w="27" /><ent r="3" t="23" w="27" /><ent r="3" t="37" w="214" /><ent r="3" t="37" w="214" /><ent r="3" t="46" w="11" /><ent r="3" t="46" w="11" /></phr><phr n="explain"><ent r="3" t="3" w="64" /><ent r="3" t="3" w="64" /><ent r="3" t="80" w="64" /><ent r="3" t="80" w="64" /></phr></stem><stem n="implement"><phr n="implementation"><ent r="4" t="0" w="250" /><ent r="4" t="0" w="250" /><ent r="6" t="5" w="168" /><ent r="6" t="5" w="168" /><ent r="64" t="36" w="211" /><ent r="64" t="36" w="211" /><ent r="1000" t="39" w="3" /><ent r="1000" t="39" w="3" /><ent r="102" t="39" w="7" /><ent r="102" t="39" w="7" /><ent r="3" t="39" w="19" /><ent r="3" t="39" w="19" /><ent r="64" t="45" w="393" /><ent r="64" t="45" w="393" /><ent r="1000" t="48" w="4" /><ent r="1000" t="48" w="4" /><ent r="102" t="48" w="9" /><ent r="102" t="48" w="9" /><ent r="3" t="48" w="21" /><ent r="3" t="48" w="21" /><ent r="4" t="54" w="51" /><ent r="4" t="54" w="51" /><ent r="4" t="55" w="95" /><ent r="4" t="55" w="95" /><ent r="3" t="64" w="161" /><ent r="3" t="64" w="161" /><ent r="3" t="66" w="51" /><ent r="3" t="66" w="51" /><ent r="3" t="66" w="65" /><ent r="3" t="66" w="65" /><ent r="4" t="82" w="41" /><ent r="4" t="82" w="41" /><ent r="4" t="82" w="104" /><ent r="4" t="82" w="104" /><ent r="5" t="82" w="211" /><ent r="5" t="82" w="211" /></phr><phr n="implement"><ent r="3" t="28" w="308" /><ent r="3" t="28" w="308" /><ent r="3" t="39" w="472" /><ent r="3" t="39" w="472" /><ent r="3" t="48" w="431" /><ent r="3" t="48" w="431" /><ent r="3" t="67" w="67" /><ent r="3" t="67" w="67" /><ent r="3" t="68" w="104" /><ent r="3" t="68" w="104" /><ent r="3" t="69" w="55" /><ent r="3" t="69" w="55" /><ent r="3" t="69" w="78" /><ent r="3" t="69" w="78" /></phr><phr n="implements"><ent r="3" t="37" w="55" /><ent r="3" t="37" w="55" /><ent r="3" t="37" w="61" /><ent r="3" t="37" w="61" /><ent r="3" t="37" w="114" /><ent r="3" t="37" w="114" /><ent r="3" t="37" w="247" /><ent r="3" t="37" w="247" /><ent r="3" t="39" w="401" /><ent r="3" t="39" w="401" /><ent r="4" t="48" w="58" /><ent r="4" t="48" w="58" /><ent r="3" t="62" w="33" /><ent r="3" t="62" w="33" /></phr><phr n="implementing"><ent r="3" t="39" w="31" /><ent r="3" t="39" w="31" /><ent r="3" t="48" w="33" /><ent r="3" t="48" w="33" /></phr><phr n="Implement"><ent r="4" t="39" w="38" /><ent r="4" t="39" w="38" /><ent r="4" t="61" w="131" /><ent r="4" t="61" w="131" /><ent r="4" t="62" w="80" /><ent r="4" t="62" w="80" /><ent r="4" t="63" w="105" /><ent r="4" t="63" w="105" /></phr><phr n="implemented"><ent r="3" t="39" w="299" /><ent r="3" t="39" w="299" /><ent r="3" t="39" w="311" /><ent r="3" t="39" w="311" /><ent r="3" t="39" w="388" /><ent r="3" t="39" w="388" /></phr><phr n="implementations"><ent r="3" t="66" w="22" /><ent r="3" t="66" w="22" /></phr></stem><stem n="variou"><phr n="various"><ent r="4" t="0" w="252" /><ent r="4" t="0" w="252" /><ent r="3" t="15" w="208" /><ent r="3" t="15" w="208" /><ent r="3" t="36" w="18" /><ent r="3" t="36" w="18" /><ent r="3" t="60" w="32" /><ent r="3" t="60" w="32" /></phr></stem><stem n="tabl"><phr n="Tables"><ent r="4" t="0" w="256" /><ent r="4" t="0" w="256" /><ent r="4" t="10" w="42" /><ent r="4" t="10" w="42" /><ent r="92" t="50" w="299" /><ent r="92" t="50" w="299" /><ent r="3" t="50" w="303" /><ent r="3" t="50" w="303" /></phr><phr n="tables"><ent r="3" t="1" w="74" /><ent r="3" t="4" w="62" /><ent r="6" t="7" w="604" /><ent r="3" t="13" w="51" /><ent r="64" t="23" w="133" /><ent r="64" t="23" w="133" /><ent r="1000" t="26" w="2" /><ent r="1000" t="26" w="2" /><ent r="102" t="26" w="6" /><ent r="102" t="26" w="6" /><ent r="3" t="26" w="21" /><ent r="3" t="26" w="21" /><ent r="3" t="50" w="306" /><ent r="3" t="50" w="306" /><ent r="3" t="50" w="364" /><ent r="3" t="50" w="412" /><ent r="3" t="52" w="47" /><ent r="3" t="52" w="131" /><ent r="3" t="52" w="131" /></phr><phr n="table"><ent r="3" t="3" w="41" /><ent r="3" t="3" w="41" /><ent r="6" t="3" w="72" /><ent r="6" t="3" w="72" /><ent r="6" t="3" w="77" /><ent r="6" t="3" w="77" /><ent r="7" t="3" w="94" /><ent r="7" t="3" w="94" /><ent r="3" t="16" w="120" /><ent r="3" t="16" w="120" /><ent r="3" t="17" w="31" /><ent r="3" t="17" w="31" /><ent r="3" t="24" w="404" /><ent r="3" t="36" w="196" /><ent r="3" t="36" w="196" /><ent r="3" t="37" w="116" /><ent r="3" t="37" w="116" /><ent r="3" t="39" w="557" /><ent r="3" t="39" w="557" /><ent r="3" t="40" w="152" /><ent r="3" t="40" w="152" /><ent r="3" t="42" w="43" /><ent r="3" t="42" w="43" /><ent r="3" t="45" w="131" /><ent r="3" t="45" w="131" /><ent r="3" t="50" w="349" /><ent r="65" t="51" w="67" /><ent r="65" t="51" w="67" /><ent r="1000" t="52" w="3" /><ent r="1000" t="52" w="3" /><ent r="102" t="52" w="8" /><ent r="102" t="52" w="8" /><ent r="3" t="52" w="19" /><ent r="3" t="52" w="19" /><ent r="3" t="52" w="117" /><ent r="3" t="52" w="117" /><ent r="4" t="53" w="45" /><ent r="4" t="53" w="45" /><ent r="4" t="53" w="62" /><ent r="4" t="53" w="62" /><ent r="3" t="79" w="46" /><ent r="3" t="79" w="46" /><ent r="3" t="80" w="41" /><ent r="3" t="80" w="41" /><ent r="6" t="80" w="72" /><ent r="6" t="80" w="72" /><ent r="6" t="80" w="77" /><ent r="6" t="80" w="77" /><ent r="7" t="80" w="94" /><ent r="7" t="80" w="94" /><ent r="3" t="81" w="54" /><ent r="3" t="81" w="54" /></phr><phr n="Table"><ent r="8" t="3" w="878" /><ent r="8" t="3" w="878" /><ent r="4" t="52" w="100" /><ent r="4" t="52" w="100" /><ent r="4" t="53" w="158" /><ent r="4" t="53" w="158" /><ent r="4" t="53" w="184" /></phr></stem><stem n="dashboard"><phr n="Dashboard"><ent r="4" t="0" w="258" /><ent r="6" t="7" w="620" /><ent r="6" t="7" w="620" /><ent r="7" t="17" w="765" /><ent r="7" t="17" w="765" /><ent r="64" t="23" w="135" /><ent r="64" t="23" w="135" /><ent r="1000" t="36" w="1" /><ent r="1000" t="36" w="1" /><ent r="102" t="36" w="4" /><ent r="102" t="36" w="4" /><ent r="3" t="36" w="51" /><ent r="3" t="36" w="51" /><ent r="4" t="36" w="106" /><ent r="4" t="36" w="106" /><ent r="4" t="36" w="111" /><ent r="4" t="36" w="111" /><ent r="4" t="36" w="124" /><ent r="4" t="36" w="124" /><ent r="3" t="36" w="157" /><ent r="3" t="36" w="157" /><ent r="64" t="36" w="203" /><ent r="64" t="36" w="203" /><ent r="64" t="36" w="206" /><ent r="64" t="36" w="206" /><ent r="64" t="36" w="209" /><ent r="64" t="36" w="209" /><ent r="1000" t="37" w="1" /><ent r="1000" t="37" w="1" /><ent r="102" t="37" w="4" /><ent r="102" t="37" w="4" /><ent r="3" t="37" w="73" /><ent r="3" t="37" w="73" /><ent r="3" t="37" w="85" /><ent r="3" t="37" w="85" /><ent r="3" t="37" w="101" /><ent r="3" t="37" w="101" /><ent r="3" t="37" w="161" /><ent r="5" t="37" w="168" /><ent r="4" t="37" w="177" /><ent r="5" t="37" w="185" /><ent r="4" t="37" w="193" /><ent r="3" t="37" w="207" /><ent r="3" t="37" w="207" /><ent r="3" t="37" w="219" /><ent r="3" t="37" w="219" /><ent r="3" t="37" w="230" /><ent r="3" t="37" w="230" /><ent r="3" t="37" w="256" /><ent r="3" t="37" w="256" /><ent r="3" t="37" w="374" /><ent r="3" t="37" w="374" /><ent r="3" t="37" w="437" /><ent r="1000" t="38" w="1" /><ent r="1000" t="38" w="1" /><ent r="102" t="38" w="4" /><ent r="102" t="38" w="4" /><ent r="3" t="38" w="8" /><ent r="3" t="38" w="8" /><ent r="4" t="38" w="22" /><ent r="4" t="38" w="22" /><ent r="4" t="38" w="30" /><ent r="4" t="38" w="30" /><ent r="4" t="38" w="35" /><ent r="4" t="38" w="35" /><ent r="4" t="38" w="40" /><ent r="4" t="38" w="40" /><ent r="4" t="38" w="54" /><ent r="4" t="38" w="54" /><ent r="4" t="38" w="58" /><ent r="4" t="38" w="58" /><ent r="4" t="38" w="63" /><ent r="4" t="38" w="63" /><ent r="4" t="38" w="69" /><ent r="4" t="38" w="69" /><ent r="4" t="38" w="73" /><ent r="4" t="38" w="73" /><ent r="5" t="38" w="109" /><ent r="5" t="38" w="109" /><ent r="4" t="38" w="119" /><ent r="4" t="38" w="119" /><ent r="4" t="38" w="158" /><ent r="4" t="38" w="158" /><ent r="3" t="38" w="178" /><ent r="3" t="38" w="178" /><ent r="3" t="38" w="243" /><ent r="3" t="38" w="243" /><ent r="3" t="38" w="258" /><ent r="3" t="38" w="258" /><ent r="3" t="38" w="272" /><ent r="3" t="38" w="272" /><ent r="3" t="38" w="279" /><ent r="3" t="38" w="279" /><ent r="3" t="38" w="311" /><ent r="3" t="38" w="311" /><ent r="3" t="38" w="314" /><ent r="3" t="38" w="314" /><ent r="3" t="38" w="348" /><ent r="3" t="38" w="348" /><ent r="3" t="38" w="353" /><ent r="3" t="38" w="353" /><ent r="3" t="38" w="361" /><ent r="3" t="38" w="361" /><ent r="3" t="38" w="391" /><ent r="3" t="38" w="391" /><ent r="3" t="38" w="453" /><ent r="3" t="38" w="453" /><ent r="3" t="38" w="482" /><ent r="3" t="38" w="482" /><ent r="3" t="38" w="497" /><ent r="3" t="38" w="497" /><ent r="3" t="38" w="502" /><ent r="3" t="38" w="502" /><ent r="3" t="38" w="522" /><ent r="3" t="38" w="522" /><ent r="3" t="38" w="539" /><ent r="3" t="38" w="539" /><ent r="3" t="38" w="550" /><ent r="3" t="38" w="550" /><ent r="1000" t="39" w="1" /><ent r="1000" t="39" w="1" /><ent r="102" t="39" w="5" /><ent r="102" t="39" w="5" /><ent r="3" t="39" w="33" /><ent r="3" t="39" w="33" /><ent r="4" t="39" w="51" /><ent r="4" t="39" w="51" /><ent r="3" t="39" w="75" /><ent r="3" t="39" w="75" /><ent r="3" t="39" w="87" /><ent r="3" t="39" w="87" /><ent r="3" t="39" w="115" /><ent r="3" t="39" w="115" /><ent r="3" t="39" w="128" /><ent r="3" t="39" w="128" /><ent r="3" t="39" w="175" /><ent r="3" t="39" w="175" /><ent r="3" t="39" w="219" /><ent r="3" t="39" w="219" /><ent r="3" t="39" w="227" /><ent r="3" t="39" w="227" /><ent r="92" t="39" w="428" /><ent r="92" t="39" w="428" /><ent r="3" t="39" w="478" /><ent r="3" t="39" w="478" /><ent r="3" t="39" w="486" /><ent r="3" t="39" w="486" /><ent r="3" t="39" w="523" /><ent r="3" t="39" w="523" /><ent r="3" t="39" w="545" /><ent r="3" t="39" w="545" /></phr><phr n="dashboards"><ent r="6" t="7" w="612" /></phr><phr n="dashboard"><ent r="7" t="17" w="774" /><ent r="7" t="17" w="774" /><ent r="3" t="36" w="11" /><ent r="3" t="36" w="11" /><ent r="3" t="36" w="47" /><ent r="3" t="36" w="47" /><ent r="3" t="36" w="94" /><ent r="3" t="36" w="94" /><ent r="3" t="37" w="19" /><ent r="3" t="37" w="19" /><ent r="4" t="37" w="34" /><ent r="4" t="37" w="34" /><ent r="4" t="37" w="106" /><ent r="4" t="37" w="106" /><ent r="3" t="37" w="123" /><ent r="3" t="37" w="123" /><ent r="3" t="37" w="129" /><ent r="3" t="37" w="129" /><ent r="4" t="37" w="138" /><ent r="4" t="37" w="138" /><ent r="3" t="37" w="147" /><ent r="3" t="37" w="147" /><ent r="4" t="37" w="275" /><ent r="4" t="37" w="275" /><ent r="3" t="37" w="281" /><ent r="3" t="37" w="281" /><ent r="3" t="37" w="307" /><ent r="3" t="37" w="307" /><ent r="3" t="37" w="323" /><ent r="3" t="37" w="323" /><ent r="4" t="37" w="347" /><ent r="4" t="37" w="347" /><ent r="3" t="37" w="360" /><ent r="3" t="37" w="360" /><ent r="4" t="37" w="450" /><ent r="4" t="37" w="450" /><ent r="4" t="37" w="505" /><ent r="4" t="37" w="505" /><ent r="5" t="38" w="115" /><ent r="5" t="38" w="115" /><ent r="3" t="38" w="294" /><ent r="3" t="38" w="294" /><ent r="3" t="38" w="336" /><ent r="3" t="38" w="336" /></phr><phr n="Dashboards"><ent r="7" t="17" w="6018" /><ent r="3" t="36" w="23" /><ent r="3" t="36" w="23" /><ent r="3" t="36" w="53" /><ent r="3" t="36" w="53" /><ent r="4" t="36" w="102" /></phr></stem><stem n="show"><phr n="show"><ent r="4" t="0" w="265" /><ent r="4" t="0" w="265" /><ent r="3" t="29" w="329" /><ent r="3" t="29" w="329" /><ent r="3" t="29" w="366" /><ent r="3" t="29" w="366" /><ent r="3" t="29" w="448" /><ent r="3" t="29" w="448" /><ent r="3" t="34" w="378" /><ent r="3" t="34" w="378" /><ent r="3" t="39" w="504" /><ent r="3" t="39" w="504" /><ent r="4" t="41" w="111" /><ent r="4" t="41" w="111" /></phr><phr n="Show"><ent r="8" t="17" w="5133" /><ent r="8" t="17" w="5133" /><ent r="7" t="17" w="6490" /><ent r="7" t="17" w="6490" /><ent r="7" t="17" w="6505" /><ent r="7" t="17" w="6505" /><ent r="3" t="48" w="164" /><ent r="3" t="48" w="164" /></phr><phr n="shows"><ent r="3" t="37" w="402" /><ent r="3" t="37" w="402" /><ent r="3" t="37" w="415" /><ent r="3" t="37" w="415" /><ent r="3" t="37" w="424" /><ent r="3" t="37" w="424" /><ent r="3" t="52" w="50" /><ent r="3" t="52" w="50" /><ent r="3" t="53" w="29" /><ent r="3" t="53" w="29" /><ent r="3" t="54" w="27" /><ent r="3" t="54" w="27" /><ent r="3" t="55" w="27" /><ent r="3" t="55" w="27" /><ent r="3" t="57" w="26" /><ent r="3" t="57" w="26" /><ent r="3" t="79" w="47" /><ent r="3" t="79" w="47" /></phr></stem><stem n="exampl"><phr n="examples"><ent r="4" t="0" w="267" /><ent r="4" t="0" w="267" /><ent r="6" t="5" w="41" /><ent r="4" t="19" w="151" /><ent r="4" t="19" w="151" /><ent r="4" t="20" w="114" /><ent r="4" t="20" w="114" /><ent r="4" t="21" w="81" /><ent r="4" t="21" w="81" /><ent r="4" t="22" w="69" /><ent r="4" t="22" w="69" /><ent r="3" t="66" w="14" /><ent r="3" t="66" w="14" /><ent r="3" t="72" w="285" /><ent r="3" t="72" w="285" /></phr><phr n="example"><ent r="8" t="3" w="503" /><ent r="6" t="3" w="580" /><ent r="3" t="3" w="1066" /><ent r="3" t="7" w="79" /><ent r="3" t="14" w="256" /><ent r="7" t="17" w="915" /><ent r="3" t="26" w="207" /><ent r="3" t="28" w="303" /><ent r="3" t="31" w="482" /><ent r="3" t="31" w="497" /><ent r="3" t="31" w="497" /><ent r="3" t="34" w="55" /><ent r="3" t="34" w="283" /><ent r="3" t="34" w="418" /><ent r="3" t="39" w="489" /><ent r="3" t="40" w="61" /><ent r="3" t="43" w="52" /><ent r="3" t="45" w="53" /><ent r="3" t="48" w="443" /><ent r="5" t="63" w="81" /><ent r="4" t="63" w="171" /><ent r="3" t="66" w="48" /><ent r="3" t="66" w="48" /><ent r="4" t="67" w="135" /><ent r="3" t="68" w="247" /><ent r="3" t="69" w="314" /><ent r="4" t="77" w="44" /><ent r="3" t="79" w="68" /><ent r="8" t="80" w="507" /><ent r="6" t="80" w="584" /></phr><phr n="Example"><ent r="5" t="5" w="33" /><ent r="5" t="5" w="33" /><ent r="3" t="28" w="365" /><ent r="3" t="35" w="400" /><ent r="3" t="35" w="550" /><ent r="5" t="79" w="83" /><ent r="5" t="79" w="83" /><ent r="5" t="81" w="66" /><ent r="5" t="81" w="66" /></phr><phr n="Examples"><ent r="3" t="56" w="41" /><ent r="3" t="56" w="41" /></phr><phr n="EXAMPLES"><ent r="3" t="72" w="169" /><ent r="3" t="72" w="169" /></phr></stem></index>