<?xml version="1.0" encoding="utf-8"?><index><stem n="interop"><phr n="interop"><ent r="3" t="2" w="459" /><ent r="3" t="2" w="459" /></phr></stem><stem n="wrapper"><phr n="wrapper"><ent r="3" t="2" w="460" /><ent r="3" t="2" w="460" /></phr></stem><stem n="prevent"><phr n="prevents"><ent r="3" t="2" w="473" /><ent r="3" t="2" w="473" /></phr></stem><stem n="conflict"><phr n="conflict"><ent r="3" t="2" w="474" /><ent r="3" t="2" w="474" /></phr></stem><stem n="vendor"><phr n="vendors"><ent r="3" t="2" w="484" /></phr></stem><stem n="final"><phr n="final"><ent r="3" t="2" w="506" /><ent r="3" t="2" w="506" /></phr></stem><stem n="gold"><phr n="gold"><ent r="3" t="2" w="508" /></phr></stem><stem n="built"><phr n="built"><ent r="3" t="2" w="514" /><ent r="3" t="2" w="514" /><ent r="3" t="19" w="63" /><ent r="4" t="19" w="113" /><ent r="4" t="19" w="113" /><ent r="3" t="45" w="212" /><ent r="3" t="45" w="212" /></phr></stem><stem n="prereleas"><phr n="prerelease"><ent r="3" t="2" w="517" /><ent r="3" t="2" w="517" /></phr></stem><stem n="alpha"><phr n="Alpha"><ent r="3" t="2" w="518" /></phr></stem><stem n="beta"><phr n="Beta"><ent r="3" t="2" w="519" /></phr></stem><stem n="etc"><phr n="etc"><ent r="3" t="2" w="520" /><ent r="3" t="27" w="220" /></phr></stem><stem n="boolean"><phr n="Boolean"><ent r="100" t="3" w="4" /><ent r="100" t="3" w="4" /><ent r="100" t="6" w="261" /><ent r="100" t="6" w="261" /><ent r="6" t="6" w="264" /><ent r="6" t="6" w="264" /><ent r="100" t="74" w="261" /><ent r="100" t="74" w="261" /><ent r="6" t="74" w="264" /><ent r="6" t="74" w="264" /><ent r="6" t="75" w="26" /><ent r="6" t="75" w="26" /><ent r="6" t="75" w="36" /><ent r="6" t="75" w="36" /><ent r="1000" t="79" w="1" /><ent r="1000" t="79" w="1" /><ent r="100" t="79" w="14" /><ent r="100" t="79" w="14" /><ent r="102" t="79" w="17" /><ent r="102" t="79" w="17" /><ent r="3" t="79" w="188" /><ent r="3" t="79" w="188" /><ent r="100" t="80" w="4" /><ent r="100" t="80" w="4" /></phr><phr n="boolean"><ent r="64" t="3" w="664" /><ent r="64" t="3" w="664" /><ent r="3" t="27" w="280" /><ent r="3" t="27" w="280" /><ent r="3" t="27" w="330" /><ent r="3" t="27" w="330" /><ent r="3" t="35" w="442" /><ent r="3" t="35" w="442" /><ent r="100" t="79" w="11" /><ent r="100" t="79" w="11" /></phr></stem><stem n="oper"><phr n="operator"><ent r="100" t="3" w="5" /><ent r="100" t="3" w="5" /><ent r="6" t="3" w="570" /><ent r="100" t="79" w="12" /><ent r="100" t="79" w="12" /><ent r="100" t="79" w="15" /><ent r="100" t="79" w="15" /><ent r="3" t="79" w="61" /><ent r="3" t="79" w="61" /><ent r="100" t="80" w="5" /><ent r="100" t="80" w="5" /><ent r="6" t="80" w="574" /></phr><phr n="operators"><ent r="64" t="3" w="665" /><ent r="64" t="3" w="665" /><ent r="6" t="5" w="85" /><ent r="1000" t="79" w="2" /><ent r="1000" t="79" w="2" /><ent r="102" t="79" w="18" /><ent r="102" t="79" w="18" /><ent r="3" t="79" w="43" /><ent r="3" t="79" w="55" /><ent r="3" t="79" w="189" /><ent r="3" t="79" w="189" /></phr><phr n="operation"><ent r="3" t="27" w="393" /><ent r="3" t="27" w="393" /><ent r="3" t="38" w="532" /><ent r="3" t="49" w="178" /><ent r="3" t="49" w="178" /></phr><phr n="operations"><ent r="3" t="31" w="134" /><ent r="3" t="50" w="289" /><ent r="3" t="50" w="289" /></phr></stem><stem n="wildcard"><phr n="Wildcard"><ent r="100" t="3" w="7" /><ent r="100" t="3" w="7" /><ent r="100" t="80" w="7" /><ent r="100" t="80" w="7" /><ent r="1000" t="81" w="1" /><ent r="1000" t="81" w="1" /><ent r="100" t="81" w="14" /><ent r="100" t="81" w="14" /><ent r="102" t="81" w="17" /><ent r="102" t="81" w="17" /><ent r="3" t="81" w="35" /><ent r="3" t="81" w="35" /><ent r="7" t="81" w="103" /><ent r="7" t="81" w="103" /></phr><phr n="wildcard"><ent r="64" t="3" w="659" /><ent r="64" t="3" w="659" /><ent r="100" t="81" w="11" /><ent r="100" t="81" w="11" /><ent r="3" t="81" w="33" /><ent r="3" t="81" w="33" /></phr></stem><stem n="express"><phr n="expression"><ent r="100" t="3" w="8" /><ent r="100" t="3" w="8" /><ent r="100" t="80" w="8" /><ent r="100" t="80" w="8" /><ent r="100" t="81" w="12" /><ent r="100" t="81" w="12" /><ent r="100" t="81" w="15" /><ent r="100" t="81" w="15" /></phr><phr n="expressions"><ent r="64" t="3" w="660" /><ent r="64" t="3" w="660" /><ent r="1000" t="81" w="2" /><ent r="1000" t="81" w="2" /><ent r="102" t="81" w="18" /><ent r="102" t="81" w="18" /><ent r="3" t="81" w="34" /><ent r="3" t="81" w="36" /><ent r="3" t="81" w="36" /><ent r="7" t="81" w="104" /><ent r="7" t="81" w="104" /></phr><phr n="expresses"><ent r="6" t="75" w="38" /><ent r="6" t="75" w="38" /></phr></stem><stem n="text"><phr n="text"><ent r="100" t="3" w="12" /><ent r="100" t="3" w="12" /><ent r="3" t="3" w="47" /><ent r="7" t="3" w="176" /><ent r="6" t="3" w="340" /><ent r="6" t="3" w="345" /><ent r="7" t="3" w="381" /><ent r="3" t="3" w="649" /><ent r="6" t="5" w="53" /><ent r="3" t="35" w="420" /><ent r="3" t="35" w="420" /><ent r="4" t="61" w="153" /><ent r="4" t="61" w="153" /><ent r="4" t="63" w="112" /><ent r="4" t="63" w="112" /><ent r="3" t="65" w="292" /><ent r="3" t="65" w="292" /><ent r="4" t="65" w="569" /><ent r="4" t="65" w="569" /><ent r="100" t="79" w="7" /><ent r="100" t="79" w="7" /><ent r="7" t="79" w="161" /><ent r="7" t="79" w="161" /><ent r="7" t="79" w="169" /><ent r="100" t="80" w="12" /><ent r="100" t="80" w="12" /><ent r="3" t="80" w="47" /><ent r="7" t="80" w="177" /><ent r="6" t="80" w="357" /><ent r="6" t="80" w="362" /><ent r="7" t="80" w="398" /><ent r="100" t="81" w="7" /><ent r="100" t="81" w="7" /></phr><phr n="Text"><ent r="3" t="35" w="431" /></phr></stem><stem n="search"><phr n="search"><ent r="100" t="3" w="13" /><ent r="100" t="3" w="13" /><ent r="3" t="3" w="48" /><ent r="3" t="3" w="48" /><ent r="7" t="3" w="177" /><ent r="7" t="3" w="177" /><ent r="6" t="3" w="258" /><ent r="6" t="3" w="258" /><ent r="6" t="3" w="341" /><ent r="6" t="3" w="341" /><ent r="6" t="3" w="346" /><ent r="6" t="3" w="346" /><ent r="6" t="3" w="368" /><ent r="6" t="3" w="368" /><ent r="7" t="3" w="382" /><ent r="7" t="3" w="382" /><ent r="7" t="3" w="441" /><ent r="8" t="3" w="478" /><ent r="8" t="3" w="478" /><ent r="8" t="3" w="493" /><ent r="8" t="3" w="493" /><ent r="8" t="3" w="500" /><ent r="8" t="3" w="500" /><ent r="8" t="3" w="514" /><ent r="8" t="3" w="514" /><ent r="6" t="3" w="556" /><ent r="6" t="3" w="556" /><ent r="6" t="3" w="582" /><ent r="6" t="3" w="586" /><ent r="7" t="3" w="590" /><ent r="7" t="3" w="590" /><ent r="3" t="3" w="650" /><ent r="3" t="3" w="650" /><ent r="7" t="17" w="785" /><ent r="7" t="17" w="785" /><ent r="100" t="79" w="8" /><ent r="100" t="79" w="8" /><ent r="3" t="79" w="28" /><ent r="3" t="79" w="28" /><ent r="3" t="79" w="34" /><ent r="3" t="79" w="34" /><ent r="100" t="80" w="13" /><ent r="100" t="80" w="13" /><ent r="3" t="80" w="48" /><ent r="3" t="80" w="48" /><ent r="7" t="80" w="178" /><ent r="7" t="80" w="178" /><ent r="6" t="80" w="259" /><ent r="6" t="80" w="259" /><ent r="6" t="80" w="358" /><ent r="6" t="80" w="358" /><ent r="6" t="80" w="363" /><ent r="6" t="80" w="363" /><ent r="6" t="80" w="385" /><ent r="6" t="80" w="385" /><ent r="7" t="80" w="399" /><ent r="7" t="80" w="399" /><ent r="7" t="80" w="459" /><ent r="8" t="80" w="482" /><ent r="8" t="80" w="482" /><ent r="8" t="80" w="497" /><ent r="8" t="80" w="497" /><ent r="8" t="80" w="504" /><ent r="8" t="80" w="504" /><ent r="8" t="80" w="518" /><ent r="8" t="80" w="518" /><ent r="6" t="80" w="560" /><ent r="6" t="80" w="560" /><ent r="6" t="80" w="586" /><ent r="6" t="80" w="590" /><ent r="7" t="80" w="594" /><ent r="7" t="80" w="594" /><ent r="100" t="81" w="8" /><ent r="100" t="81" w="8" /><ent r="3" t="81" w="24" /><ent r="3" t="81" w="24" /><ent r="3" t="81" w="40" /><ent r="3" t="81" w="40" /><ent r="3" t="81" w="60" /><ent r="3" t="81" w="60" /></phr><phr n="Search"><ent r="8" t="3" w="387" /><ent r="8" t="3" w="387" /><ent r="7" t="3" w="422" /><ent r="7" t="3" w="422" /><ent r="9" t="3" w="464" /><ent r="9" t="3" w="464" /><ent r="9" t="3" w="522" /><ent r="9" t="3" w="522" /><ent r="7" t="17" w="776" /><ent r="7" t="17" w="776" /><ent r="8" t="17" w="1292" /><ent r="8" t="17" w="1292" /><ent r="8" t="17" w="1460" /><ent r="8" t="17" w="1460" /><ent r="8" t="17" w="1614" /><ent r="8" t="17" w="1614" /><ent r="7" t="17" w="1892" /><ent r="7" t="17" w="1892" /><ent r="7" t="17" w="2060" /><ent r="7" t="17" w="2060" /><ent r="7" t="17" w="2212" /><ent r="7" t="17" w="2212" /><ent r="7" t="17" w="2567" /><ent r="7" t="17" w="2567" /><ent r="7" t="17" w="2671" /><ent r="7" t="17" w="2671" /><ent r="7" t="17" w="2823" /><ent r="7" t="17" w="2823" /><ent r="7" t="17" w="3178" /><ent r="7" t="17" w="3178" /><ent r="7" t="17" w="3282" /><ent r="7" t="17" w="3282" /><ent r="7" t="17" w="3450" /><ent r="7" t="17" w="3450" /><ent r="5" t="79" w="80" /><ent r="5" t="79" w="80" /><ent r="8" t="80" w="404" /><ent r="8" t="80" w="404" /><ent r="7" t="80" w="439" /><ent r="7" t="80" w="439" /><ent r="9" t="80" w="468" /><ent r="9" t="80" w="468" /><ent r="9" t="80" w="526" /><ent r="9" t="80" w="526" /><ent r="5" t="81" w="63" /><ent r="5" t="81" w="63" /></phr><phr n="Searches"><ent r="8" t="3" w="468" /><ent r="8" t="3" w="468" /><ent r="8" t="80" w="472" /><ent r="8" t="80" w="472" /></phr><phr n="searched"><ent r="8" t="3" w="533" /><ent r="8" t="3" w="533" /><ent r="8" t="80" w="537" /><ent r="8" t="80" w="537" /></phr><phr n="searches"><ent r="3" t="3" w="672" /><ent r="3" t="3" w="672" /></phr></stem><stem n="print"><phr n="printing"><ent r="100" t="3" w="21" /><ent r="100" t="3" w="21" /><ent r="4" t="15" w="281" /><ent r="4" t="15" w="281" /><ent r="4" t="15" w="596" /><ent r="4" t="15" w="596" /><ent r="4" t="15" w="771" /><ent r="4" t="15" w="771" /><ent r="100" t="80" w="21" /><ent r="100" t="80" w="21" /></phr><phr n="print"><ent r="3" t="3" w="695" /><ent r="3" t="3" w="695" /><ent r="8" t="3" w="824" /><ent r="8" t="3" w="824" /><ent r="8" t="3" w="835" /><ent r="8" t="3" w="855" /><ent r="8" t="3" w="855" /><ent r="7" t="3" w="866" /><ent r="7" t="3" w="866" /><ent r="8" t="3" w="885" /><ent r="8" t="3" w="913" /><ent r="8" t="3" w="925" /><ent r="8" t="3" w="925" /><ent r="7" t="17" w="352" /><ent r="7" t="17" w="352" /></phr><phr n="Printing"><ent r="6" t="3" w="819" /><ent r="6" t="3" w="819" /></phr><phr n="Print"><ent r="8" t="3" w="841" /><ent r="8" t="3" w="841" /><ent r="8" t="3" w="848" /><ent r="8" t="3" w="848" /><ent r="8" t="3" w="862" /><ent r="8" t="3" w="862" /><ent r="8" t="3" w="891" /><ent r="8" t="3" w="891" /><ent r="8" t="3" w="898" /><ent r="8" t="3" w="898" /><ent r="8" t="3" w="918" /><ent r="8" t="3" w="918" /><ent r="8" t="3" w="932" /><ent r="8" t="3" w="932" /><ent r="4" t="15" w="270" /><ent r="4" t="15" w="270" /><ent r="4" t="15" w="274" /><ent r="4" t="15" w="274" /><ent r="7" t="17" w="343" /><ent r="7" t="17" w="355" /><ent r="7" t="17" w="355" /><ent r="7" t="17" w="369" /><ent r="7" t="17" w="369" /></phr></stem><stem n="displai"><phr n="displays"><ent r="3" t="3" w="36" /><ent r="3" t="3" w="36" /><ent r="7" t="3" w="225" /><ent r="7" t="3" w="225" /><ent r="7" t="3" w="813" /><ent r="7" t="3" w="813" /><ent r="3" t="36" w="17" /><ent r="3" t="36" w="17" /><ent r="3" t="38" w="564" /><ent r="3" t="38" w="564" /><ent r="3" t="68" w="36" /><ent r="3" t="68" w="36" /><ent r="3" t="68" w="237" /><ent r="3" t="68" w="237" /><ent r="3" t="69" w="304" /><ent r="3" t="69" w="304" /><ent r="4" t="77" w="53" /><ent r="4" t="77" w="53" /><ent r="3" t="80" w="36" /><ent r="3" t="80" w="36" /><ent r="7" t="80" w="226" /><ent r="7" t="80" w="226" /></phr><phr n="display"><ent r="7" t="3" w="162" /><ent r="7" t="3" w="296" /><ent r="7" t="3" w="404" /><ent r="7" t="3" w="430" /><ent r="7" t="3" w="430" /><ent r="8" t="3" w="629" /><ent r="8" t="3" w="629" /><ent r="3" t="3" w="691" /><ent r="3" t="3" w="691" /><ent r="3" t="15" w="156" /><ent r="3" t="15" w="156" /><ent r="3" t="17" w="21" /><ent r="3" t="17" w="21" /><ent r="3" t="27" w="190" /><ent r="3" t="27" w="190" /><ent r="3" t="27" w="198" /><ent r="3" t="27" w="198" /><ent r="3" t="27" w="699" /><ent r="3" t="27" w="699" /><ent r="3" t="29" w="52" /><ent r="3" t="29" w="52" /><ent r="3" t="29" w="60" /><ent r="3" t="29" w="60" /><ent r="3" t="31" w="247" /><ent r="3" t="31" w="377" /><ent r="3" t="31" w="377" /><ent r="3" t="36" w="65" /><ent r="3" t="36" w="65" /><ent r="4" t="38" w="153" /><ent r="4" t="38" w="153" /><ent r="3" t="38" w="505" /><ent r="3" t="38" w="505" /><ent r="4" t="39" w="290" /><ent r="4" t="39" w="290" /><ent r="3" t="39" w="334" /><ent r="3" t="39" w="334" /><ent r="3" t="64" w="291" /><ent r="3" t="64" w="291" /><ent r="4" t="68" w="261" /><ent r="4" t="68" w="261" /><ent r="7" t="80" w="162" /><ent r="7" t="80" w="313" /><ent r="7" t="80" w="421" /><ent r="7" t="80" w="448" /><ent r="7" t="80" w="448" /><ent r="8" t="80" w="633" /><ent r="8" t="80" w="633" /><ent r="7" t="81" w="74" /><ent r="7" t="81" w="74" /><ent r="7" t="81" w="81" /><ent r="7" t="81" w="86" /><ent r="7" t="81" w="86" /><ent r="7" t="81" w="95" /><ent r="7" t="81" w="95" /></phr><phr n="Display"><ent r="8" t="3" w="312" /><ent r="8" t="3" w="312" /><ent r="8" t="3" w="642" /><ent r="8" t="3" w="642" /><ent r="7" t="17" w="3734" /><ent r="7" t="17" w="3734" /><ent r="8" t="80" w="329" /><ent r="8" t="80" w="329" /><ent r="8" t="80" w="646" /><ent r="8" t="80" w="646" /></phr><phr n="displayed"><ent r="4" t="15" w="561" /><ent r="3" t="27" w="204" /><ent r="3" t="27" w="204" /><ent r="3" t="34" w="348" /><ent r="3" t="34" w="348" /><ent r="3" t="37" w="385" /><ent r="3" t="37" w="385" /><ent r="4" t="61" w="154" /><ent r="4" t="61" w="154" /><ent r="4" t="63" w="113" /><ent r="4" t="63" w="113" /><ent r="3" t="65" w="295" /><ent r="4" t="65" w="570" /><ent r="4" t="65" w="570" /></phr><phr n="displaying"><ent r="3" t="37" w="317" /><ent r="3" t="37" w="317" /><ent r="3" t="39" w="197" /><ent r="3" t="39" w="197" /></phr></stem><stem n="content"><phr n="contents"><ent r="3" t="3" w="43" /><ent r="6" t="3" w="74" /><ent r="6" t="3" w="74" /><ent r="6" t="3" w="79" /><ent r="6" t="3" w="79" /><ent r="7" t="3" w="96" /><ent r="7" t="3" w="96" /><ent r="7" t="3" w="136" /><ent r="3" t="36" w="198" /><ent r="3" t="40" w="154" /><ent r="3" t="42" w="45" /><ent r="3" t="45" w="133" /><ent r="3" t="49" w="59" /><ent r="3" t="49" w="59" /><ent r="3" t="49" w="67" /><ent r="3" t="49" w="67" /><ent r="3" t="80" w="43" /><ent r="6" t="80" w="74" /><ent r="6" t="80" w="74" /><ent r="6" t="80" w="79" /><ent r="6" t="80" w="79" /><ent r="7" t="80" w="96" /><ent r="7" t="80" w="96" /><ent r="7" t="80" w="136" /></phr><phr n="Contents"><ent r="8" t="3" w="101" /><ent r="8" t="3" w="101" /><ent r="7" t="3" w="221" /><ent r="7" t="3" w="221" /><ent r="8" t="3" w="880" /><ent r="8" t="3" w="880" /><ent r="8" t="80" w="101" /><ent r="8" t="80" w="101" /><ent r="7" t="80" w="222" /><ent r="7" t="80" w="222" /></phr><phr n="content"><ent r="3" t="4" w="184" /><ent r="3" t="63" w="199" /><ent r="64" t="66" w="139" /><ent r="64" t="66" w="139" /><ent r="1000" t="69" w="7" /><ent r="1000" t="69" w="7" /><ent r="102" t="69" w="15" /><ent r="102" t="69" w="15" /><ent r="3" t="69" w="47" /><ent r="3" t="69" w="47" /><ent r="4" t="69" w="328" /><ent r="4" t="69" w="328" /></phr><phr n="Content"><ent r="3" t="61" w="267" /><ent r="3" t="61" w="297" /><ent r="4" t="69" w="200" /><ent r="4" t="69" w="200" /><ent r="3" t="69" w="222" /><ent r="3" t="69" w="222" /><ent r="3" t="69" w="236" /><ent r="3" t="69" w="236" /></phr></stem><stem n="index"><phr n="index"><ent r="3" t="3" w="44" /><ent r="7" t="3" w="173" /><ent r="7" t="3" w="173" /><ent r="6" t="3" w="237" /><ent r="6" t="3" w="237" /><ent r="6" t="3" w="240" /><ent r="6" t="3" w="240" /><ent r="6" t="3" w="255" /><ent r="3" t="7" w="54" /><ent r="3" t="7" w="54" /><ent r="3" t="64" w="231" /><ent r="3" t="64" w="231" /><ent r="4" t="65" w="158" /><ent r="3" t="65" w="168" /><ent r="3" t="65" w="168" /><ent r="3" t="65" w="174" /><ent r="3" t="65" w="174" /><ent r="4" t="65" w="377" /><ent r="3" t="65" w="402" /><ent r="3" t="65" w="402" /><ent r="3" t="65" w="413" /><ent r="3" t="65" w="413" /><ent r="4" t="65" w="476" /><ent r="3" t="65" w="485" /><ent r="3" t="65" w="485" /><ent r="3" t="65" w="491" /><ent r="3" t="65" w="491" /><ent r="3" t="79" w="27" /><ent r="3" t="79" w="27" /><ent r="3" t="80" w="44" /><ent r="7" t="80" w="174" /><ent r="7" t="80" w="174" /><ent r="6" t="80" w="238" /><ent r="6" t="80" w="238" /><ent r="6" t="80" w="241" /><ent r="6" t="80" w="241" /><ent r="6" t="80" w="256" /><ent r="6" t="80" w="283" /><ent r="6" t="80" w="283" /><ent r="3" t="81" w="31" /><ent r="3" t="81" w="31" /></phr><phr n="Index"><ent r="7" t="3" w="274" /><ent r="7" t="3" w="274" /><ent r="8" t="3" w="279" /><ent r="8" t="3" w="279" /><ent r="7" t="80" w="291" /><ent r="7" t="80" w="291" /><ent r="8" t="80" w="296" /><ent r="8" t="80" w="296" /></phr><phr n="indexer"><ent r="3" t="31" w="213" /><ent r="3" t="31" w="213" /><ent r="3" t="31" w="461" /><ent r="3" t="31" w="461" /><ent r="3" t="32" w="63" /><ent r="3" t="32" w="63" /><ent r="3" t="34" w="396" /><ent r="3" t="34" w="396" /><ent r="3" t="34" w="409" /><ent r="3" t="34" w="409" /><ent r="3" t="34" w="426" /><ent r="3" t="34" w="426" /></phr><phr n="indexed"><ent r="6" t="80" w="274" /><ent r="6" t="80" w="274" /></phr></stem><stem n="full-text"><phr n="full-text"><ent r="3" t="3" w="46" /><ent r="3" t="3" w="46" /><ent r="7" t="3" w="175" /><ent r="7" t="3" w="175" /><ent r="6" t="3" w="339" /><ent r="6" t="3" w="339" /><ent r="6" t="3" w="344" /><ent r="6" t="3" w="344" /><ent r="7" t="3" w="380" /><ent r="7" t="3" w="380" /><ent r="3" t="3" w="648" /><ent r="3" t="3" w="648" /><ent r="3" t="80" w="46" /><ent r="3" t="80" w="46" /><ent r="7" t="80" w="176" /><ent r="7" t="80" w="176" /><ent r="6" t="80" w="356" /><ent r="6" t="80" w="356" /><ent r="6" t="80" w="361" /><ent r="6" t="80" w="361" /><ent r="7" t="80" w="397" /><ent r="7" t="80" w="397" /></phr></stem><stem n="so"><phr n="so"><ent r="3" t="3" w="49" /><ent r="3" t="3" w="49" /><ent r="3" t="15" w="161" /><ent r="3" t="15" w="161" /><ent r="4" t="19" w="180" /><ent r="4" t="19" w="180" /><ent r="4" t="20" w="143" /><ent r="4" t="20" w="143" /><ent r="4" t="21" w="110" /><ent r="4" t="21" w="110" /><ent r="4" t="22" w="61" /><ent r="4" t="22" w="61" /><ent r="3" t="26" w="192" /><ent r="3" t="26" w="192" /><ent r="3" t="27" w="778" /><ent r="3" t="27" w="778" /><ent r="3" t="28" w="585" /><ent r="3" t="28" w="585" /><ent r="3" t="28" w="607" /><ent r="3" t="28" w="607" /><ent r="3" t="34" w="297" /><ent r="3" t="34" w="297" /><ent r="3" t="34" w="445" /><ent r="3" t="34" w="445" /><ent r="3" t="35" w="508" /><ent r="3" t="35" w="508" /><ent r="4" t="41" w="82" /><ent r="4" t="41" w="82" /><ent r="3" t="50" w="62" /><ent r="3" t="50" w="62" /><ent r="3" t="50" w="184" /><ent r="3" t="50" w="184" /><ent r="3" t="50" w="235" /><ent r="3" t="50" w="235" /><ent r="3" t="56" w="29" /><ent r="3" t="56" w="29" /><ent r="4" t="78" w="97" /><ent r="4" t="78" w="97" /><ent r="3" t="80" w="49" /><ent r="3" t="80" w="49" /><ent r="7" t="81" w="119" /><ent r="7" t="81" w="119" /><ent r="7" t="81" w="144" /><ent r="7" t="81" w="144" /><ent r="4" t="82" w="76" /><ent r="4" t="82" w="76" /><ent r="5" t="82" w="246" /><ent r="5" t="82" w="246" /></phr></stem><stem n="find"><phr n="find"><ent r="3" t="3" w="53" /><ent r="3" t="3" w="53" /><ent r="6" t="3" w="251" /><ent r="6" t="3" w="251" /><ent r="7" t="3" w="305" /><ent r="7" t="3" w="413" /><ent r="3" t="7" w="101" /><ent r="3" t="7" w="101" /><ent r="3" t="15" w="166" /><ent r="3" t="15" w="166" /><ent r="3" t="28" w="486" /><ent r="3" t="28" w="486" /><ent r="3" t="34" w="329" /><ent r="3" t="34" w="329" /><ent r="3" t="40" w="70" /><ent r="3" t="40" w="70" /><ent r="3" t="51" w="25" /><ent r="3" t="51" w="25" /><ent r="4" t="52" w="81" /><ent r="4" t="52" w="81" /><ent r="4" t="55" w="72" /><ent r="4" t="55" w="72" /><ent r="3" t="80" w="53" /><ent r="3" t="80" w="53" /><ent r="6" t="80" w="252" /><ent r="6" t="80" w="252" /><ent r="7" t="80" w="322" /><ent r="7" t="80" w="430" /></phr></stem><stem n="relev"><phr n="relevant"><ent r="3" t="3" w="55" /><ent r="3" t="3" w="55" /><ent r="4" t="23" w="110" /><ent r="4" t="23" w="110" /><ent r="3" t="80" w="55" /><ent r="3" t="80" w="55" /></phr></stem><stem n="interest"><phr n="interests"><ent r="3" t="3" w="59" /><ent r="3" t="80" w="59" /></phr></stem><stem n="link"><phr n="links"><ent r="3" t="3" w="63" /><ent r="3" t="3" w="63" /><ent r="3" t="4" w="149" /><ent r="3" t="4" w="149" /><ent r="4" t="15" w="347" /><ent r="4" t="15" w="347" /><ent r="3" t="42" w="61" /><ent r="3" t="80" w="63" /><ent r="3" t="80" w="63" /></phr><phr n="link"><ent r="4" t="3" w="1005" /><ent r="6" t="5" w="225" /><ent r="6" t="5" w="225" /><ent r="3" t="42" w="10" /><ent r="3" t="42" w="10" /><ent r="4" t="42" w="72" /><ent r="4" t="42" w="72" /><ent r="4" t="42" w="92" /><ent r="4" t="42" w="101" /><ent r="4" t="42" w="101" /><ent r="3" t="60" w="73" /><ent r="3" t="60" w="73" /><ent r="6" t="73" w="360" /><ent r="6" t="73" w="360" /></phr><phr n="linking"><ent r="6" t="7" w="443" /><ent r="6" t="7" w="443" /><ent r="64" t="40" w="165" /><ent r="64" t="40" w="165" /><ent r="1000" t="42" w="2" /><ent r="1000" t="42" w="2" /><ent r="102" t="42" w="5" /><ent r="102" t="42" w="5" /></phr><phr n="Links"><ent r="7" t="17" w="943" /><ent r="7" t="17" w="943" /><ent r="7" t="17" w="956" /><ent r="7" t="17" w="956" /></phr><phr n="Linked"><ent r="7" t="17" w="4386" /><ent r="7" t="17" w="4386" /></phr></stem><stem n="toc"><phr n="TOC"><ent r="6" t="3" w="80" /><ent r="7" t="3" w="188" /><ent r="7" t="3" w="188" /><ent r="7" t="3" w="192" /><ent r="7" t="3" w="192" /><ent r="7" t="3" w="201" /><ent r="7" t="3" w="201" /><ent r="7" t="3" w="232" /><ent r="6" t="80" w="80" /><ent r="7" t="80" w="189" /><ent r="7" t="80" w="189" /><ent r="7" t="80" w="193" /><ent r="7" t="80" w="193" /><ent r="7" t="80" w="202" /><ent r="7" t="80" w="202" /><ent r="7" t="80" w="233" /></phr></stem><stem n="expand"><phr n="expandable"><ent r="6" t="3" w="83" /><ent r="6" t="3" w="83" /><ent r="6" t="80" w="83" /><ent r="6" t="80" w="83" /></phr><phr n="Expand"><ent r="7" t="3" w="110" /><ent r="7" t="3" w="110" /><ent r="7" t="80" w="110" /><ent r="7" t="80" w="110" /></phr><phr n="expanded"><ent r="3" t="25" w="47" /><ent r="3" t="25" w="47" /></phr></stem><stem n="collaps"><phr n="collapsible"><ent r="6" t="3" w="85" /><ent r="6" t="3" w="85" /><ent r="6" t="80" w="85" /><ent r="6" t="80" w="85" /></phr><phr n="Collapse"><ent r="7" t="3" w="138" /><ent r="7" t="3" w="138" /><ent r="7" t="80" w="138" /><ent r="7" t="80" w="138" /></phr></stem><stem n="tab"><phr n="tab"><ent r="7" t="3" w="103" /><ent r="7" t="3" w="103" /><ent r="7" t="3" w="281" /><ent r="7" t="3" w="281" /><ent r="7" t="3" w="389" /><ent r="7" t="3" w="389" /><ent r="7" t="3" w="423" /><ent r="6" t="3" w="704" /><ent r="6" t="3" w="704" /><ent r="100" t="3" w="708" /><ent r="100" t="3" w="708" /><ent r="6" t="3" w="721" /><ent r="7" t="3" w="729" /><ent r="7" t="3" w="729" /><ent r="8" t="3" w="747" /><ent r="8" t="3" w="747" /><ent r="7" t="3" w="781" /><ent r="7" t="3" w="781" /><ent r="7" t="3" w="798" /><ent r="7" t="3" w="798" /><ent r="4" t="61" w="157" /><ent r="4" t="61" w="157" /><ent r="4" t="61" w="163" /><ent r="4" t="61" w="163" /><ent r="4" t="61" w="177" /><ent r="4" t="61" w="177" /><ent r="64" t="61" w="498" /><ent r="64" t="61" w="498" /><ent r="64" t="62" w="145" /><ent r="64" t="62" w="145" /><ent r="1000" t="63" w="3" /><ent r="1000" t="63" w="3" /><ent r="102" t="63" w="7" /><ent r="102" t="63" w="7" /><ent r="3" t="63" w="53" /><ent r="3" t="63" w="53" /><ent r="5" t="63" w="79" /><ent r="4" t="63" w="107" /><ent r="4" t="63" w="107" /><ent r="4" t="63" w="116" /><ent r="4" t="63" w="116" /><ent r="4" t="63" w="122" /><ent r="4" t="63" w="122" /><ent r="4" t="63" w="136" /><ent r="4" t="63" w="136" /><ent r="64" t="64" w="356" /><ent r="64" t="64" w="356" /><ent r="64" t="65" w="594" /><ent r="64" t="65" w="594" /><ent r="64" t="66" w="136" /><ent r="64" t="66" w="136" /><ent r="1000" t="69" w="4" /><ent r="1000" t="69" w="4" /><ent r="102" t="69" w="12" /><ent r="102" t="69" w="12" /><ent r="3" t="69" w="26" /><ent r="3" t="69" w="26" /><ent r="3" t="69" w="43" /><ent r="3" t="69" w="43" /><ent r="4" t="69" w="324" /><ent r="4" t="69" w="331" /><ent r="4" t="69" w="331" /><ent r="3" t="69" w="346" /><ent r="7" t="80" w="103" /><ent r="7" t="80" w="103" /><ent r="7" t="80" w="298" /><ent r="7" t="80" w="298" /><ent r="7" t="80" w="406" /><ent r="7" t="80" w="406" /><ent r="7" t="80" w="440" /></phr><phr n="tabs"><ent r="6" t="7" w="1334" /><ent r="65" t="60" w="50" /><ent r="65" t="60" w="50" /><ent r="3" t="63" w="13" /><ent r="3" t="63" w="13" /><ent r="3" t="63" w="36" /><ent r="3" t="63" w="36" /><ent r="3" t="63" w="276" /><ent r="3" t="63" w="276" /></phr><phr n="Tab"><ent r="7" t="17" w="814" /><ent r="7" t="17" w="814" /><ent r="7" t="17" w="826" /><ent r="7" t="17" w="826" /><ent r="7" t="17" w="838" /><ent r="7" t="17" w="838" /><ent r="7" t="17" w="851" /><ent r="7" t="17" w="851" /><ent r="7" t="17" w="864" /><ent r="7" t="17" w="864" /><ent r="7" t="17" w="877" /><ent r="7" t="17" w="877" /><ent r="7" t="17" w="890" /><ent r="7" t="17" w="890" /><ent r="3" t="63" w="256" /><ent r="3" t="63" w="256" /></phr></stem><stem n="navig"><phr n="navigation"><ent r="7" t="3" w="107" /><ent r="7" t="3" w="107" /><ent r="7" t="3" w="285" /><ent r="7" t="3" w="285" /><ent r="7" t="3" w="393" /><ent r="7" t="3" w="393" /><ent r="8" t="3" w="751" /><ent r="8" t="3" w="751" /><ent r="7" t="3" w="802" /><ent r="7" t="3" w="802" /><ent r="65" t="60" w="59" /><ent r="65" t="60" w="59" /><ent r="1000" t="61" w="3" /><ent r="1000" t="61" w="3" /><ent r="102" t="61" w="9" /><ent r="102" t="61" w="9" /><ent r="3" t="61" w="17" /><ent r="3" t="61" w="17" /><ent r="3" t="61" w="42" /><ent r="3" t="61" w="42" /><ent r="3" t="61" w="59" /><ent r="3" t="61" w="59" /><ent r="3" t="61" w="89" /><ent r="3" t="61" w="89" /><ent r="4" t="61" w="116" /><ent r="4" t="61" w="116" /><ent r="4" t="61" w="133" /><ent r="4" t="61" w="133" /><ent r="4" t="61" w="150" /><ent r="4" t="61" w="150" /><ent r="3" t="61" w="240" /><ent r="3" t="61" w="240" /><ent r="3" t="61" w="257" /><ent r="3" t="61" w="257" /><ent r="3" t="61" w="288" /><ent r="3" t="61" w="288" /><ent r="4" t="61" w="351" /><ent r="4" t="61" w="351" /><ent r="64" t="62" w="149" /><ent r="64" t="62" w="149" /><ent r="64" t="63" w="295" /><ent r="64" t="63" w="295" /><ent r="64" t="64" w="365" /><ent r="64" t="64" w="365" /><ent r="64" t="65" w="603" /><ent r="64" t="65" w="603" /><ent r="7" t="80" w="107" /><ent r="7" t="80" w="107" /><ent r="7" t="80" w="302" /><ent r="7" t="80" w="302" /><ent r="7" t="80" w="410" /><ent r="7" t="80" w="410" /></phr><phr n="Navigation"><ent r="3" t="76" w="45" /><ent r="3" t="76" w="45" /><ent r="3" t="76" w="66" /><ent r="3" t="76" w="66" /></phr></stem></index>