<?xml version="1.0" encoding="utf-8"?><index><stem n="supplementfil"><phr n="SupplementFiles"><ent r="6" t="7" w="308" /><ent r="6" t="7" w="318" /></phr></stem><stem n="supplementalfilemanag"><phr n="SupplementalFileManager"><ent r="6" t="7" w="309" /><ent r="6" t="7" w="309" /><ent r="6" t="7" w="319" /><ent r="6" t="7" w="319" /></phr></stem><stem n="calendar"><phr n="calendars"><ent r="6" t="7" w="321" /><ent r="5" t="14" w="184" /><ent r="5" t="14" w="184" /><ent r="4" t="15" w="285" /></phr><phr n="Calendar"><ent r="7" t="17" w="626" /><ent r="7" t="17" w="626" /><ent r="7" t="17" w="917" /><ent r="7" t="17" w="917" /><ent r="7" t="17" w="5078" /><ent r="7" t="17" w="5078" /><ent r="4" t="64" w="98" /><ent r="4" t="64" w="99" /><ent r="4" t="64" w="99" /></phr><phr n="calendar"><ent r="7" t="17" w="635" /><ent r="7" t="17" w="635" /></phr></stem><stem n="grant"><phr n="granting"><ent r="6" t="7" w="322" /><ent r="6" t="7" w="322" /></phr><phr n="granted"><ent r="5" t="14" w="164" /><ent r="5" t="14" w="164" /><ent r="3" t="14" w="287" /><ent r="3" t="14" w="287" /></phr></stem><stem n="calendardeleg"><phr n="CalendarDelegates"><ent r="6" t="7" w="330" /></phr></stem><stem n="calendardelegatesmanag"><phr n="CalendarDelegatesManager"><ent r="6" t="7" w="331" /><ent r="6" t="7" w="331" /></phr></stem><stem n="column"><phr n="columns"><ent r="6" t="7" w="333" /><ent r="6" t="7" w="341" /><ent r="6" t="7" w="349" /><ent r="6" t="7" w="357" /><ent r="7" t="17" w="940" /><ent r="7" t="17" w="940" /><ent r="7" t="17" w="6473" /><ent r="7" t="17" w="6473" /><ent r="3" t="35" w="48" /><ent r="3" t="35" w="215" /><ent r="3" t="35" w="215" /><ent r="3" t="39" w="408" /><ent r="3" t="39" w="408" /><ent r="3" t="39" w="420" /><ent r="3" t="39" w="420" /></phr><phr n="Columns"><ent r="7" t="17" w="930" /><ent r="7" t="17" w="6463" /><ent r="3" t="39" w="534" /></phr><phr n="column"><ent r="3" t="32" w="35" /><ent r="3" t="32" w="35" /><ent r="3" t="35" w="56" /><ent r="3" t="35" w="56" /><ent r="4" t="52" w="89" /><ent r="4" t="52" w="89" /><ent r="4" t="53" w="59" /><ent r="4" t="53" w="59" /></phr><phr n="Column"><ent r="4" t="53" w="162" /><ent r="4" t="53" w="162" /><ent r="4" t="53" w="190" /></phr></stem><stem n="databasemanag"><phr n="DatabaseManager"><ent r="6" t="7" w="339" /><ent r="6" t="7" w="339" /><ent r="6" t="7" w="347" /><ent r="6" t="7" w="347" /><ent r="6" t="7" w="355" /><ent r="6" t="7" w="355" /><ent r="6" t="7" w="363" /><ent r="6" t="7" w="363" /><ent r="6" t="7" w="657" /><ent r="6" t="7" w="657" /><ent r="6" t="7" w="692" /><ent r="6" t="7" w="692" /></phr></stem><stem n="renam"><phr n="renaming"><ent r="6" t="7" w="401" /><ent r="6" t="7" w="401" /></phr></stem><stem n="contact"><phr n="contacts"><ent r="6" t="7" w="410" /><ent r="6" t="7" w="410" /><ent r="6" t="7" w="444" /><ent r="6" t="7" w="444" /><ent r="6" t="7" w="454" /><ent r="6" t="7" w="454" /><ent r="6" t="7" w="462" /><ent r="6" t="7" w="470" /><ent r="6" t="7" w="479" /><ent r="6" t="7" w="489" /><ent r="6" t="7" w="499" /><ent r="6" t="7" w="513" /><ent r="6" t="7" w="524" /><ent r="6" t="7" w="532" /><ent r="6" t="7" w="540" /><ent r="6" t="7" w="552" /><ent r="6" t="7" w="561" /><ent r="6" t="7" w="570" /><ent r="6" t="7" w="579" /><ent r="6" t="7" w="589" /><ent r="6" t="7" w="852" /><ent r="6" t="7" w="852" /><ent r="6" t="7" w="897" /><ent r="6" t="7" w="897" /><ent r="6" t="7" w="1197" /><ent r="6" t="7" w="1206" /><ent r="6" t="7" w="1215" /><ent r="6" t="7" w="1408" /><ent r="6" t="7" w="1408" /><ent r="4" t="15" w="681" /><ent r="4" t="15" w="681" /><ent r="3" t="24" w="200" /><ent r="3" t="24" w="200" /><ent r="3" t="24" w="216" /><ent r="3" t="24" w="216" /><ent r="3" t="24" w="324" /><ent r="3" t="24" w="324" /><ent r="3" t="24" w="338" /><ent r="3" t="24" w="338" /><ent r="3" t="24" w="451" /><ent r="3" t="24" w="451" /><ent r="3" t="25" w="18" /><ent r="3" t="25" w="26" /><ent r="3" t="25" w="26" /><ent r="3" t="25" w="58" /><ent r="3" t="29" w="268" /><ent r="3" t="29" w="397" /><ent r="3" t="36" w="61" /><ent r="3" t="36" w="61" /><ent r="3" t="38" w="195" /><ent r="3" t="40" w="74" /><ent r="3" t="40" w="74" /><ent r="4" t="54" w="45" /><ent r="4" t="54" w="45" /><ent r="4" t="55" w="45" /><ent r="4" t="55" w="45" /><ent r="3" t="57" w="23" /><ent r="4" t="57" w="67" /><ent r="4" t="57" w="67" /><ent r="4" t="59" w="57" /><ent r="4" t="59" w="57" /></phr><phr n="Contacts"><ent r="6" t="7" w="467" /><ent r="6" t="7" w="476" /><ent r="6" t="7" w="510" /><ent r="6" t="7" w="529" /><ent r="6" t="7" w="537" /><ent r="6" t="7" w="549" /><ent r="6" t="7" w="558" /><ent r="6" t="7" w="567" /><ent r="6" t="7" w="600" /><ent r="6" t="7" w="1202" /><ent r="6" t="7" w="1211" /><ent r="6" t="7" w="1220" /><ent r="6" t="7" w="1412" /><ent r="6" t="7" w="1446" /><ent r="3" t="14" w="276" /><ent r="8" t="17" w="1048" /><ent r="8" t="17" w="1048" /><ent r="7" t="17" w="1687" /><ent r="7" t="17" w="1687" /><ent r="7" t="17" w="1711" /><ent r="7" t="17" w="1711" /><ent r="7" t="17" w="2362" /><ent r="7" t="17" w="2362" /><ent r="7" t="17" w="2386" /><ent r="7" t="17" w="2386" /><ent r="7" t="17" w="2973" /><ent r="7" t="17" w="2973" /><ent r="7" t="17" w="2997" /><ent r="7" t="17" w="2997" /><ent r="6" t="17" w="3464" /><ent r="6" t="17" w="3464" /><ent r="7" t="17" w="3474" /><ent r="7" t="17" w="3474" /><ent r="7" t="17" w="3534" /><ent r="7" t="17" w="3534" /><ent r="7" t="17" w="3549" /><ent r="7" t="17" w="3549" /><ent r="8" t="17" w="4013" /><ent r="7" t="17" w="4402" /><ent r="7" t="17" w="4402" /><ent r="7" t="17" w="4446" /><ent r="8" t="17" w="4814" /><ent r="7" t="17" w="6357" /><ent r="7" t="17" w="6357" /><ent r="3" t="24" w="219" /><ent r="3" t="24" w="219" /><ent r="3" t="24" w="245" /><ent r="3" t="24" w="245" /><ent r="3" t="26" w="51" /><ent r="3" t="27" w="255" /><ent r="3" t="27" w="266" /><ent r="3" t="27" w="269" /><ent r="3" t="27" w="269" /><ent r="3" t="27" w="455" /><ent r="3" t="27" w="475" /><ent r="3" t="27" w="516" /><ent r="3" t="27" w="551" /><ent r="3" t="27" w="551" /><ent r="3" t="28" w="521" /><ent r="3" t="29" w="121" /><ent r="3" t="31" w="31" /><ent r="3" t="31" w="271" /><ent r="3" t="31" w="565" /><ent r="3" t="31" w="565" /><ent r="3" t="31" w="599" /><ent r="3" t="31" w="674" /><ent r="3" t="34" w="167" /><ent r="3" t="40" w="54" /><ent r="3" t="40" w="54" /><ent r="3" t="44" w="15" /><ent r="3" t="51" w="58" /><ent r="3" t="51" w="58" /><ent r="4" t="52" w="196" /><ent r="4" t="53" w="152" /><ent r="4" t="54" w="126" /><ent r="4" t="54" w="132" /><ent r="4" t="55" w="162" /><ent r="4" t="55" w="168" /><ent r="3" t="59" w="48" /><ent r="3" t="63" w="94" /><ent r="4" t="82" w="71" /><ent r="5" t="82" w="241" /></phr><phr n="Contact"><ent r="6" t="7" w="538" /><ent r="6" t="7" w="538" /><ent r="6" t="16" w="199" /><ent r="6" t="16" w="199" /><ent r="7" t="17" w="417" /><ent r="7" t="17" w="417" /><ent r="7" t="17" w="566" /><ent r="7" t="17" w="566" /><ent r="7" t="17" w="3485" /><ent r="7" t="17" w="3485" /><ent r="7" t="17" w="3498" /><ent r="7" t="17" w="3510" /><ent r="7" t="17" w="3522" /><ent r="7" t="17" w="3522" /><ent r="7" t="17" w="3563" /><ent r="7" t="17" w="3563" /><ent r="7" t="17" w="3576" /><ent r="7" t="17" w="3576" /><ent r="7" t="17" w="3590" /><ent r="7" t="17" w="3590" /><ent r="7" t="17" w="3723" /><ent r="7" t="17" w="3723" /><ent r="7" t="17" w="3748" /><ent r="7" t="17" w="3748" /><ent r="7" t="17" w="3760" /><ent r="7" t="17" w="5429" /><ent r="7" t="17" w="5429" /><ent r="7" t="17" w="5441" /><ent r="7" t="17" w="5441" /><ent r="7" t="17" w="5528" /><ent r="7" t="17" w="5528" /><ent r="7" t="17" w="5555" /><ent r="7" t="17" w="5555" /><ent r="7" t="17" w="5832" /><ent r="7" t="17" w="5832" /><ent r="7" t="17" w="5967" /><ent r="7" t="17" w="5967" /><ent r="7" t="17" w="7060" /><ent r="7" t="17" w="7060" /><ent r="4" t="25" w="416" /><ent r="4" t="25" w="416" /><ent r="4" t="25" w="448" /><ent r="4" t="25" w="448" /><ent r="3" t="27" w="785" /><ent r="3" t="28" w="201" /><ent r="3" t="34" w="260" /><ent r="3" t="40" w="18" /><ent r="3" t="40" w="18" /><ent r="4" t="41" w="155" /><ent r="3" t="42" w="48" /><ent r="3" t="42" w="48" /><ent r="4" t="42" w="75" /><ent r="4" t="42" w="104" /><ent r="4" t="42" w="117" /><ent r="4" t="45" w="310" /><ent r="4" t="45" w="310" /><ent r="3" t="48" w="308" /><ent r="3" t="48" w="308" /><ent r="3" t="48" w="316" /><ent r="3" t="48" w="316" /><ent r="3" t="52" w="18" /><ent r="3" t="52" w="18" /><ent r="3" t="52" w="46" /><ent r="3" t="52" w="46" /><ent r="4" t="52" w="60" /><ent r="4" t="52" w="60" /><ent r="3" t="52" w="116" /><ent r="3" t="52" w="116" /><ent r="3" t="52" w="130" /><ent r="3" t="52" w="130" /><ent r="4" t="53" w="39" /><ent r="4" t="53" w="39" /><ent r="4" t="54" w="123" /><ent r="4" t="54" w="123" /><ent r="4" t="54" w="137" /><ent r="4" t="54" w="137" /><ent r="4" t="54" w="139" /><ent r="4" t="54" w="173" /><ent r="4" t="55" w="159" /><ent r="4" t="55" w="159" /><ent r="4" t="55" w="173" /><ent r="4" t="55" w="173" /><ent r="3" t="56" w="111" /><ent r="3" t="56" w="111" /><ent r="3" t="56" w="168" /><ent r="4" t="57" w="37" /><ent r="4" t="57" w="37" /><ent r="4" t="57" w="39" /><ent r="4" t="57" w="39" /><ent r="4" t="57" w="75" /><ent r="4" t="57" w="75" /><ent r="4" t="57" w="77" /><ent r="4" t="57" w="77" /><ent r="3" t="58" w="37" /><ent r="3" t="58" w="38" /><ent r="3" t="58" w="57" /><ent r="3" t="58" w="57" /><ent r="4" t="59" w="76" /><ent r="4" t="59" w="76" /><ent r="4" t="64" w="70" /><ent r="4" t="64" w="70" /><ent r="4" t="64" w="75" /><ent r="4" t="64" w="75" /><ent r="3" t="65" w="279" /><ent r="3" t="65" w="279" /><ent r="3" t="68" w="26" /><ent r="3" t="68" w="26" /><ent r="3" t="69" w="29" /><ent r="3" t="69" w="29" /></phr><phr n="contact"><ent r="3" t="13" w="122" /><ent r="3" t="13" w="122" /><ent r="3" t="14" w="234" /><ent r="3" t="14" w="270" /><ent r="3" t="14" w="270" /><ent r="3" t="14" w="293" /><ent r="3" t="14" w="293" /><ent r="4" t="15" w="333" /><ent r="4" t="15" w="333" /><ent r="8" t="17" w="1081" /><ent r="8" t="17" w="1081" /><ent r="7" t="17" w="1696" /><ent r="7" t="17" w="1696" /><ent r="7" t="17" w="1744" /><ent r="7" t="17" w="1744" /><ent r="7" t="17" w="1877" /><ent r="7" t="17" w="1877" /><ent r="7" t="17" w="1890" /><ent r="7" t="17" w="1890" /><ent r="7" t="17" w="1904" /><ent r="7" t="17" w="1904" /><ent r="7" t="17" w="2371" /><ent r="7" t="17" w="2371" /><ent r="7" t="17" w="2419" /><ent r="7" t="17" w="2419" /><ent r="7" t="17" w="2552" /><ent r="7" t="17" w="2552" /><ent r="7" t="17" w="2565" /><ent r="7" t="17" w="2565" /><ent r="7" t="17" w="2579" /><ent r="7" t="17" w="2579" /><ent r="7" t="17" w="2982" /><ent r="7" t="17" w="2982" /><ent r="7" t="17" w="3030" /><ent r="7" t="17" w="3030" /><ent r="7" t="17" w="3163" /><ent r="7" t="17" w="3163" /><ent r="7" t="17" w="3176" /><ent r="7" t="17" w="3176" /><ent r="7" t="17" w="3190" /><ent r="7" t="17" w="3190" /><ent r="5" t="17" w="3472" /><ent r="5" t="17" w="3472" /><ent r="7" t="17" w="3482" /><ent r="7" t="17" w="3482" /><ent r="7" t="17" w="3493" /><ent r="7" t="17" w="3506" /><ent r="7" t="17" w="3518" /><ent r="7" t="17" w="3530" /><ent r="7" t="17" w="3544" /><ent r="7" t="17" w="3559" /><ent r="7" t="17" w="3572" /><ent r="7" t="17" w="3585" /><ent r="7" t="17" w="3599" /><ent r="7" t="17" w="3613" /><ent r="7" t="17" w="3627" /><ent r="7" t="17" w="3642" /><ent r="7" t="17" w="3656" /><ent r="7" t="17" w="3683" /><ent r="7" t="17" w="3694" /><ent r="8" t="17" w="3705" /><ent r="8" t="17" w="3717" /><ent r="8" t="17" w="3731" /><ent r="7" t="17" w="3743" /><ent r="7" t="17" w="3756" /><ent r="7" t="17" w="3768" /><ent r="5" t="17" w="4613" /><ent r="7" t="17" w="4624" /><ent r="7" t="17" w="4636" /><ent r="7" t="17" w="4662" /><ent r="8" t="17" w="4863" /><ent r="8" t="17" w="4889" /><ent r="7" t="17" w="4902" /><ent r="7" t="17" w="4916" /><ent r="7" t="17" w="4931" /><ent r="7" t="17" w="4943" /><ent r="7" t="17" w="4955" /><ent r="7" t="17" w="4981" /><ent r="7" t="17" w="5977" /><ent r="7" t="17" w="5977" /><ent r="7" t="17" w="6188" /><ent r="3" t="24" w="188" /><ent r="3" t="24" w="188" /><ent r="3" t="24" w="261" /><ent r="3" t="24" w="261" /><ent r="3" t="24" w="298" /><ent r="3" t="24" w="298" /><ent r="3" t="24" w="429" /><ent r="3" t="24" w="429" /><ent r="3" t="31" w="574" /><ent r="3" t="31" w="574" /><ent r="3" t="42" w="12" /><ent r="3" t="42" w="12" /><ent r="65" t="51" w="37" /><ent r="65" t="51" w="37" /><ent r="65" t="51" w="63" /><ent r="65" t="51" w="63" /><ent r="65" t="51" w="72" /><ent r="65" t="51" w="72" /><ent r="65" t="51" w="78" /><ent r="65" t="51" w="78" /><ent r="4" t="52" w="69" /><ent r="4" t="52" w="69" /><ent r="4" t="52" w="83" /><ent r="4" t="52" w="83" /><ent r="1000" t="53" w="3" /><ent r="1000" t="53" w="3" /><ent r="102" t="53" w="8" /><ent r="102" t="53" w="8" /><ent r="3" t="53" w="18" /><ent r="3" t="53" w="18" /><ent r="4" t="53" w="48" /><ent r="4" t="53" w="48" /><ent r="3" t="53" w="82" /><ent r="3" t="53" w="82" /><ent r="1000" t="54" w="4" /><ent r="1000" t="54" w="4" /><ent r="102" t="54" w="9" /><ent r="102" t="54" w="9" /><ent r="3" t="54" w="16" /><ent r="3" t="54" w="16" /><ent r="4" t="54" w="60" /><ent r="4" t="54" w="60" /><ent r="4" t="54" w="74" /><ent r="4" t="54" w="74" /><ent r="3" t="54" w="86" /><ent r="3" t="54" w="86" /><ent r="5" t="54" w="184" /><ent r="1000" t="55" w="4" /><ent r="1000" t="55" w="4" /><ent r="102" t="55" w="9" /><ent r="102" t="55" w="9" /><ent r="3" t="55" w="16" /><ent r="3" t="55" w="16" /><ent r="4" t="55" w="55" /><ent r="4" t="55" w="55" /><ent r="4" t="55" w="64" /><ent r="4" t="55" w="64" /><ent r="4" t="55" w="75" /><ent r="4" t="55" w="75" /><ent r="4" t="55" w="89" /><ent r="4" t="55" w="89" /><ent r="3" t="55" w="104" /><ent r="3" t="55" w="104" /><ent r="3" t="55" w="118" /><ent r="3" t="55" w="118" /><ent r="3" t="56" w="112" /><ent r="4" t="56" w="147" /><ent r="3" t="58" w="43" /><ent r="3" t="58" w="43" /><ent r="3" t="58" w="58" /><ent r="4" t="58" w="113" /><ent r="4" t="58" w="119" /><ent r="4" t="59" w="62" /><ent r="4" t="59" w="62" /><ent r="4" t="59" w="77" /><ent r="5" t="59" w="138" /><ent r="4" t="67" w="146" /><ent r="4" t="67" w="146" /><ent r="4" t="77" w="180" /><ent r="4" t="77" w="180" /><ent r="4" t="78" w="192" /><ent r="4" t="78" w="192" /></phr></stem><stem n="companymanag"><phr n="CompanyManager"><ent r="6" t="7" w="416" /><ent r="6" t="7" w="416" /><ent r="6" t="7" w="424" /><ent r="6" t="7" w="424" /><ent r="6" t="7" w="432" /><ent r="6" t="7" w="432" /><ent r="6" t="7" w="440" /><ent r="6" t="7" w="440" /><ent r="6" t="7" w="450" /><ent r="6" t="7" w="450" /><ent r="6" t="7" w="460" /><ent r="6" t="7" w="460" /><ent r="6" t="7" w="487" /><ent r="6" t="7" w="487" /><ent r="6" t="7" w="522" /><ent r="6" t="7" w="522" /><ent r="6" t="7" w="577" /><ent r="6" t="7" w="577" /><ent r="6" t="7" w="707" /><ent r="6" t="7" w="707" /><ent r="5" t="41" w="161" /><ent r="5" t="41" w="161" /></phr></stem><stem n="duplic"><phr n="duplicating"><ent r="6" t="7" w="435" /><ent r="6" t="7" w="435" /><ent r="6" t="7" w="888" /><ent r="6" t="7" w="888" /><ent r="4" t="41" w="91" /><ent r="4" t="41" w="91" /></phr><phr n="duplicate"><ent r="7" t="17" w="3507" /><ent r="7" t="17" w="3507" /><ent r="8" t="17" w="3856" /><ent r="8" t="17" w="3856" /><ent r="8" t="17" w="4069" /><ent r="8" t="17" w="4069" /><ent r="7" t="17" w="4238" /><ent r="7" t="17" w="4238" /><ent r="7" t="17" w="4509" /><ent r="7" t="17" w="4509" /><ent r="7" t="17" w="4651" /><ent r="7" t="17" w="4651" /><ent r="7" t="17" w="4970" /><ent r="7" t="17" w="4970" /></phr><phr n="Duplicates"><ent r="7" t="17" w="6164" /></phr></stem><stem n="contactmanag"><phr n="ContactManager"><ent r="6" t="7" w="468" /><ent r="6" t="7" w="468" /><ent r="6" t="7" w="477" /><ent r="6" t="7" w="477" /><ent r="6" t="7" w="511" /><ent r="6" t="7" w="511" /><ent r="6" t="7" w="530" /><ent r="6" t="7" w="530" /><ent r="6" t="7" w="550" /><ent r="6" t="7" w="550" /><ent r="6" t="7" w="559" /><ent r="6" t="7" w="559" /><ent r="6" t="7" w="568" /><ent r="6" t="7" w="568" /><ent r="6" t="7" w="601" /><ent r="6" t="7" w="601" /><ent r="6" t="7" w="1203" /><ent r="6" t="7" w="1203" /><ent r="6" t="7" w="1212" /><ent r="6" t="7" w="1212" /><ent r="6" t="7" w="1221" /><ent r="6" t="7" w="1221" /><ent r="6" t="7" w="1413" /><ent r="6" t="7" w="1413" /><ent r="6" t="7" w="1447" /><ent r="6" t="7" w="1447" /><ent r="3" t="28" w="510" /><ent r="3" t="28" w="510" /><ent r="3" t="28" w="514" /><ent r="3" t="28" w="514" /></phr></stem><stem n="secondari"><phr n="secondary"><ent r="6" t="7" w="472" /><ent r="6" t="7" w="472" /><ent r="6" t="7" w="1196" /><ent r="6" t="7" w="1196" /><ent r="6" t="7" w="1205" /><ent r="6" t="7" w="1205" /><ent r="6" t="7" w="1214" /><ent r="6" t="7" w="1214" /><ent r="65" t="51" w="62" /><ent r="65" t="51" w="62" /><ent r="65" t="51" w="77" /><ent r="65" t="51" w="77" /><ent r="1000" t="54" w="3" /><ent r="1000" t="54" w="3" /><ent r="102" t="54" w="8" /><ent r="102" t="54" w="8" /><ent r="3" t="54" w="15" /><ent r="3" t="54" w="15" /><ent r="4" t="54" w="44" /><ent r="4" t="54" w="44" /><ent r="4" t="54" w="59" /><ent r="4" t="54" w="59" /><ent r="4" t="54" w="73" /><ent r="4" t="54" w="73" /><ent r="5" t="54" w="183" /><ent r="5" t="54" w="183" /><ent r="1000" t="55" w="3" /><ent r="1000" t="55" w="3" /><ent r="102" t="55" w="8" /><ent r="102" t="55" w="8" /><ent r="3" t="55" w="15" /><ent r="3" t="55" w="15" /><ent r="4" t="55" w="44" /><ent r="4" t="55" w="44" /><ent r="4" t="55" w="54" /><ent r="4" t="55" w="54" /><ent r="4" t="55" w="74" /><ent r="4" t="55" w="74" /><ent r="4" t="55" w="88" /><ent r="4" t="55" w="88" /><ent r="3" t="55" w="103" /><ent r="3" t="55" w="103" /><ent r="3" t="55" w="117" /><ent r="3" t="55" w="117" /></phr><phr n="Secondary"><ent r="7" t="17" w="3747" /><ent r="7" t="17" w="3747" /><ent r="3" t="54" w="85" /><ent r="3" t="54" w="85" /></phr></stem><stem n="groupmanag"><phr n="GroupManager"><ent r="6" t="7" w="497" /><ent r="6" t="7" w="497" /><ent r="6" t="7" w="587" /><ent r="6" t="7" w="587" /><ent r="6" t="7" w="858" /><ent r="6" t="7" w="858" /><ent r="6" t="7" w="869" /><ent r="6" t="7" w="869" /><ent r="6" t="7" w="877" /><ent r="6" t="7" w="877" /><ent r="6" t="7" w="885" /><ent r="6" t="7" w="885" /><ent r="6" t="7" w="893" /><ent r="6" t="7" w="893" /><ent r="6" t="7" w="903" /><ent r="6" t="7" w="903" /><ent r="6" t="7" w="1297" /><ent r="6" t="7" w="1297" /><ent r="6" t="7" w="1305" /><ent r="6" t="7" w="1305" /><ent r="5" t="41" w="160" /></phr></stem><stem n="team"><phr n="teams"><ent r="6" t="7" w="502" /><ent r="6" t="7" w="502" /><ent r="6" t="7" w="592" /><ent r="6" t="7" w="592" /><ent r="6" t="7" w="1345" /><ent r="6" t="7" w="1353" /><ent r="6" t="7" w="1361" /></phr><phr n="Teams"><ent r="6" t="7" w="1350" /><ent r="6" t="7" w="1358" /><ent r="7" t="17" w="3605" /><ent r="7" t="17" w="3619" /><ent r="7" t="17" w="4709" /><ent r="7" t="17" w="4723" /></phr><phr n="Team"><ent r="6" t="7" w="1366" /><ent r="6" t="7" w="1366" /></phr></stem><stem n="privat"><phr n="private"><ent r="6" t="7" w="554" /><ent r="6" t="7" w="554" /><ent r="3" t="13" w="127" /><ent r="3" t="31" w="753" /><ent r="3" t="31" w="821" /><ent r="3" t="31" w="821" /><ent r="3" t="34" w="160" /><ent r="3" t="34" w="160" /><ent r="3" t="35" w="408" /><ent r="3" t="35" w="408" /><ent r="3" t="52" w="161" /><ent r="3" t="52" w="161" /><ent r="3" t="54" w="93" /><ent r="3" t="54" w="93" /><ent r="3" t="55" w="127" /><ent r="3" t="55" w="127" /><ent r="3" t="56" w="108" /><ent r="3" t="56" w="108" /><ent r="3" t="56" w="175" /><ent r="3" t="56" w="175" /><ent r="4" t="57" w="72" /><ent r="4" t="57" w="72" /><ent r="3" t="58" w="54" /><ent r="3" t="58" w="54" /><ent r="4" t="59" w="73" /><ent r="4" t="59" w="73" /><ent r="3" t="61" w="206" /><ent r="3" t="61" w="206" /><ent r="3" t="63" w="173" /><ent r="3" t="63" w="173" /><ent r="4" t="67" w="109" /><ent r="4" t="67" w="109" /></phr><phr n="Private"><ent r="7" t="17" w="3577" /><ent r="7" t="17" w="3577" /><ent r="8" t="17" w="3884" /><ent r="8" t="17" w="3884" /><ent r="8" t="17" w="4097" /><ent r="8" t="17" w="4097" /><ent r="7" t="17" w="4267" /><ent r="7" t="17" w="4267" /><ent r="7" t="17" w="4538" /><ent r="7" t="17" w="4538" /><ent r="7" t="17" w="4681" /><ent r="7" t="17" w="4681" /><ent r="7" t="17" w="5000" /><ent r="7" t="17" w="5000" /></phr><phr n="PRIVATE"><ent r="3" t="35" w="416" /><ent r="3" t="35" w="466" /><ent r="3" t="35" w="466" /></phr></stem><stem n="customent"><phr n="CustomEntities"><ent r="6" t="7" w="610" /><ent r="6" t="7" w="610" /><ent r="3" t="26" w="82" /><ent r="3" t="27" w="27" /><ent r="3" t="27" w="27" /><ent r="3" t="28" w="399" /></phr></stem><stem n="back"><phr n="backing"><ent r="6" t="7" w="623" /><ent r="6" t="7" w="623" /></phr><phr n="Back"><ent r="7" t="17" w="241" /><ent r="7" t="17" w="241" /><ent r="7" t="17" w="992" /><ent r="7" t="17" w="992" /></phr><phr n="back"><ent r="7" t="17" w="1001" /><ent r="7" t="17" w="1001" /><ent r="3" t="26" w="123" /><ent r="3" t="26" w="123" /><ent r="3" t="28" w="271" /><ent r="3" t="28" w="271" /><ent r="3" t="28" w="472" /><ent r="3" t="28" w="472" /><ent r="3" t="28" w="592" /><ent r="3" t="28" w="592" /><ent r="3" t="34" w="135" /><ent r="3" t="34" w="135" /><ent r="3" t="35" w="518" /><ent r="3" t="35" w="518" /><ent r="3" t="35" w="543" /><ent r="3" t="35" w="543" /></phr><phr n="backed"><ent r="4" t="77" w="101" /><ent r="4" t="77" w="101" /><ent r="4" t="78" w="102" /><ent r="4" t="78" w="102" /><ent r="4" t="78" w="119" /><ent r="4" t="78" w="119" /></phr></stem><stem n="actframework"><phr n="ActFramework"><ent r="6" t="7" w="628" /><ent r="6" t="7" w="628" /><ent r="6" t="7" w="635" /><ent r="6" t="7" w="635" /><ent r="6" t="7" w="642" /><ent r="6" t="7" w="642" /><ent r="6" t="7" w="649" /><ent r="6" t="7" w="649" /><ent r="6" t="7" w="699" /><ent r="6" t="7" w="699" /><ent r="3" t="25" w="122" /><ent r="3" t="25" w="122" /><ent r="3" t="26" w="77" /><ent r="3" t="26" w="77" /><ent r="3" t="27" w="31" /><ent r="3" t="27" w="33" /><ent r="3" t="27" w="33" /><ent r="4" t="38" w="85" /><ent r="3" t="48" w="251" /><ent r="4" t="52" w="168" /><ent r="4" t="52" w="168" /><ent r="4" t="52" w="171" /><ent r="4" t="53" w="111" /><ent r="4" t="53" w="111" /><ent r="4" t="53" w="114" /><ent r="4" t="54" w="98" /><ent r="4" t="54" w="98" /><ent r="4" t="54" w="101" /><ent r="4" t="55" w="134" /><ent r="4" t="55" w="134" /><ent r="4" t="55" w="137" /><ent r="4" t="56" w="117" /><ent r="4" t="56" w="117" /><ent r="4" t="56" w="120" /><ent r="4" t="56" w="184" /><ent r="4" t="56" w="184" /><ent r="4" t="56" w="187" /><ent r="5" t="57" w="91" /><ent r="5" t="57" w="91" /><ent r="5" t="57" w="94" /><ent r="4" t="58" w="73" /><ent r="4" t="58" w="73" /><ent r="4" t="58" w="76" /><ent r="5" t="59" w="92" /><ent r="5" t="59" w="92" /><ent r="5" t="59" w="95" /><ent r="3" t="61" w="417" /><ent r="3" t="61" w="417" /><ent r="3" t="63" w="281" /><ent r="3" t="63" w="281" /></phr><phr n="ACTFramework"><ent r="3" t="25" w="120" /><ent r="3" t="25" w="240" /></phr><phr n="actFramework"><ent r="3" t="28" w="398" /></phr></stem><stem n="convert"><phr n="converting"><ent r="6" t="7" w="631" /><ent r="6" t="7" w="631" /><ent r="6" t="7" w="861" /><ent r="6" t="7" w="861" /></phr><phr n="convert"><ent r="8" t="17" w="4009" /><ent r="8" t="17" w="4009" /><ent r="7" t="17" w="6159" /><ent r="7" t="17" w="6159" /></phr></stem><stem n="lock"><phr n="locking"><ent r="6" t="7" w="652" /><ent r="6" t="7" w="652" /><ent r="3" t="49" w="219" /><ent r="3" t="49" w="219" /></phr><phr n="Lock"><ent r="7" t="17" w="6085" /><ent r="6" t="73" w="186" /><ent r="6" t="73" w="186" /><ent r="6" t="73" w="336" /><ent r="6" t="73" w="336" /></phr><phr n="lock"><ent r="7" t="17" w="6098" /><ent r="7" t="17" w="6098" /><ent r="3" t="27" w="58" /><ent r="3" t="27" w="58" /></phr><phr n="locked"><ent r="3" t="30" w="50" /><ent r="3" t="30" w="50" /></phr></stem><stem n="repair"><phr n="repairing"><ent r="6" t="7" w="660" /><ent r="6" t="7" w="660" /></phr><phr n="Repair"><ent r="7" t="17" w="6072" /></phr></stem><stem n="actdatabasemanag"><phr n="ActDatabaseManager"><ent r="6" t="7" w="666" /><ent r="6" t="7" w="666" /><ent r="6" t="7" w="675" /><ent r="6" t="7" w="675" /><ent r="6" t="7" w="684" /><ent r="6" t="7" w="684" /></phr></stem><stem n="restor"><phr n="restoring"><ent r="6" t="7" w="669" /><ent r="6" t="7" w="669" /></phr><phr n="restored"><ent r="3" t="9" w="146" /><ent r="3" t="9" w="146" /><ent r="4" t="15" w="501" /><ent r="4" t="15" w="501" /></phr><phr n="Restore"><ent r="7" t="17" w="281" /><ent r="7" t="17" w="281" /><ent r="7" t="17" w="317" /><ent r="7" t="17" w="317" /></phr><phr n="restore"><ent r="7" t="17" w="290" /><ent r="7" t="17" w="290" /><ent r="7" t="17" w="301" /><ent r="7" t="17" w="314" /><ent r="7" t="17" w="327" /></phr></stem><stem n="unlock"><phr n="unlocking"><ent r="6" t="7" w="687" /><ent r="6" t="7" w="687" /></phr><phr n="Unlock"><ent r="7" t="17" w="6086" /><ent r="7" t="17" w="6086" /></phr></stem><stem n="divis"><phr n="divisions"><ent r="6" t="7" w="701" /></phr><phr n="Divisions"><ent r="3" t="40" w="126" /></phr></stem><stem n="drop-down"><phr n="drop-down"><ent r="6" t="7" w="709" /><ent r="6" t="7" w="709" /><ent r="6" t="7" w="719" /><ent r="6" t="7" w="719" /><ent r="6" t="7" w="732" /><ent r="6" t="7" w="732" /><ent r="6" t="7" w="742" /><ent r="6" t="7" w="742" /><ent r="6" t="7" w="752" /><ent r="6" t="7" w="752" /><ent r="6" t="73" w="100" /><ent r="6" t="73" w="100" /><ent r="6" t="73" w="131" /><ent r="6" t="73" w="131" /><ent r="6" t="73" w="306" /><ent r="6" t="73" w="306" /></phr></stem><stem n="drop"><phr n="drop"><ent r="6" t="7" w="709" /><ent r="6" t="7" w="719" /><ent r="6" t="7" w="732" /><ent r="6" t="7" w="742" /><ent r="6" t="7" w="752" /><ent r="6" t="73" w="100" /><ent r="6" t="73" w="131" /><ent r="6" t="73" w="306" /></phr></stem><stem n="down"><phr n="down"><ent r="6" t="7" w="710" /><ent r="6" t="7" w="720" /><ent r="6" t="7" w="733" /><ent r="6" t="7" w="743" /><ent r="6" t="7" w="753" /><ent r="3" t="38" w="531" /><ent r="3" t="38" w="531" /><ent r="3" t="38" w="545" /><ent r="3" t="38" w="545" /><ent r="3" t="38" w="558" /><ent r="3" t="38" w="558" /><ent r="6" t="73" w="101" /><ent r="6" t="73" w="132" /><ent r="6" t="73" w="307" /></phr><phr n="Down"><ent r="92" t="38" w="519" /><ent r="92" t="38" w="519" /></phr></stem></index>