<?xml version="1.0" encoding="utf-8"?><index><stem n="delet"><phr n="deleting"><ent r="6" t="7" w="162" /><ent r="6" t="7" w="162" /><ent r="6" t="7" w="204" /><ent r="6" t="7" w="204" /><ent r="6" t="7" w="252" /><ent r="6" t="7" w="252" /><ent r="6" t="7" w="285" /><ent r="6" t="7" w="285" /><ent r="6" t="7" w="350" /><ent r="6" t="7" w="350" /><ent r="6" t="7" w="375" /><ent r="6" t="7" w="375" /><ent r="6" t="7" w="383" /><ent r="6" t="7" w="383" /><ent r="6" t="7" w="427" /><ent r="6" t="7" w="427" /><ent r="6" t="7" w="525" /><ent r="6" t="7" w="525" /><ent r="6" t="7" w="645" /><ent r="6" t="7" w="645" /><ent r="6" t="7" w="745" /><ent r="6" t="7" w="745" /><ent r="6" t="7" w="789" /><ent r="6" t="7" w="789" /><ent r="6" t="7" w="835" /><ent r="6" t="7" w="835" /><ent r="6" t="7" w="880" /><ent r="6" t="7" w="880" /><ent r="6" t="7" w="1002" /><ent r="6" t="7" w="1002" /><ent r="6" t="7" w="1022" /><ent r="6" t="7" w="1022" /><ent r="6" t="7" w="1107" /><ent r="6" t="7" w="1107" /><ent r="6" t="7" w="1181" /><ent r="6" t="7" w="1181" /><ent r="6" t="7" w="1207" /><ent r="6" t="7" w="1207" /><ent r="6" t="7" w="1234" /><ent r="6" t="7" w="1234" /><ent r="6" t="7" w="1300" /><ent r="6" t="7" w="1300" /><ent r="6" t="7" w="1318" /><ent r="6" t="7" w="1318" /><ent r="6" t="7" w="1354" /><ent r="6" t="7" w="1354" /><ent r="6" t="7" w="1432" /><ent r="6" t="7" w="1432" /><ent r="3" t="13" w="103" /><ent r="3" t="13" w="103" /><ent r="3" t="14" w="232" /><ent r="3" t="14" w="232" /><ent r="3" t="29" w="98" /><ent r="3" t="29" w="98" /><ent r="4" t="45" w="338" /></phr><phr n="delete"><ent r="6" t="7" w="1259" /><ent r="6" t="7" w="1259" /><ent r="3" t="14" w="268" /><ent r="3" t="14" w="268" /><ent r="3" t="15" w="124" /><ent r="3" t="15" w="124" /><ent r="7" t="17" w="3531" /><ent r="7" t="17" w="3531" /><ent r="8" t="17" w="3867" /><ent r="8" t="17" w="3867" /><ent r="8" t="17" w="4080" /><ent r="8" t="17" w="4080" /><ent r="7" t="17" w="4250" /><ent r="7" t="17" w="4250" /><ent r="7" t="17" w="4521" /><ent r="7" t="17" w="4521" /><ent r="7" t="17" w="6127" /><ent r="7" t="17" w="6127" /><ent r="3" t="24" w="396" /><ent r="3" t="24" w="396" /><ent r="3" t="25" w="97" /><ent r="3" t="25" w="97" /><ent r="3" t="31" w="63" /><ent r="3" t="31" w="63" /><ent r="3" t="31" w="656" /><ent r="3" t="31" w="656" /><ent r="3" t="33" w="20" /><ent r="3" t="33" w="20" /><ent r="4" t="36" w="100" /><ent r="4" t="36" w="100" /><ent r="3" t="40" w="50" /><ent r="3" t="40" w="50" /><ent r="3" t="40" w="102" /><ent r="3" t="40" w="102" /><ent r="3" t="42" w="60" /><ent r="3" t="42" w="60" /><ent r="4" t="45" w="363" /><ent r="4" t="46" w="138" /><ent r="4" t="46" w="138" /><ent r="4" t="55" w="68" /><ent r="4" t="77" w="123" /><ent r="4" t="77" w="123" /><ent r="4" t="78" w="132" /><ent r="4" t="78" w="132" /></phr><phr n="deleted"><ent r="3" t="15" w="88" /><ent r="3" t="15" w="88" /><ent r="3" t="33" w="53" /><ent r="3" t="33" w="53" /><ent r="3" t="55" w="123" /><ent r="3" t="55" w="123" /><ent r="4" t="77" w="119" /><ent r="4" t="77" w="133" /><ent r="4" t="78" w="129" /><ent r="4" t="78" w="129" /></phr><phr n="Delete"><ent r="7" t="17" w="3521" /><ent r="7" t="17" w="3521" /><ent r="8" t="17" w="3858" /><ent r="8" t="17" w="3858" /><ent r="8" t="17" w="4071" /><ent r="8" t="17" w="4071" /><ent r="7" t="17" w="4240" /><ent r="7" t="17" w="4240" /><ent r="7" t="17" w="4511" /><ent r="7" t="17" w="4511" /><ent r="7" t="17" w="4653" /><ent r="7" t="17" w="4653" /><ent r="7" t="17" w="4972" /><ent r="7" t="17" w="4972" /><ent r="7" t="17" w="6115" /><ent r="7" t="17" w="6115" /><ent r="64" t="26" w="254" /><ent r="64" t="26" w="254" /><ent r="64" t="26" w="267" /><ent r="64" t="26" w="267" /><ent r="65" t="51" w="60" /><ent r="65" t="51" w="60" /><ent r="3" t="55" w="102" /><ent r="3" t="55" w="102" /></phr><phr n="Deleting"><ent r="1000" t="30" w="1" /><ent r="1000" t="30" w="1" /><ent r="102" t="30" w="7" /><ent r="102" t="30" w="7" /><ent r="1000" t="33" w="1" /><ent r="1000" t="33" w="1" /><ent r="102" t="33" w="8" /><ent r="102" t="33" w="8" /><ent r="1000" t="55" w="1" /><ent r="1000" t="55" w="1" /><ent r="102" t="55" w="6" /><ent r="102" t="55" w="6" /></phr><phr n="deletion"><ent r="3" t="49" w="94" /></phr><phr n="deletes"><ent r="3" t="55" w="13" /><ent r="3" t="55" w="13" /></phr></stem><stem n="edit"><phr n="editing"><ent r="6" t="7" w="170" /><ent r="6" t="7" w="170" /><ent r="6" t="7" w="216" /><ent r="6" t="7" w="216" /><ent r="6" t="7" w="259" /><ent r="6" t="7" w="259" /><ent r="6" t="7" w="294" /><ent r="6" t="7" w="294" /><ent r="6" t="7" w="533" /><ent r="6" t="7" w="533" /><ent r="6" t="7" w="541" /><ent r="6" t="7" w="541" /><ent r="6" t="7" w="755" /><ent r="6" t="7" w="755" /><ent r="6" t="7" w="797" /><ent r="6" t="7" w="797" /><ent r="6" t="7" w="843" /><ent r="6" t="7" w="843" /><ent r="6" t="7" w="1030" /><ent r="6" t="7" w="1030" /><ent r="6" t="7" w="1063" /><ent r="6" t="7" w="1063" /><ent r="6" t="7" w="1118" /><ent r="6" t="7" w="1118" /><ent r="6" t="7" w="1189" /><ent r="6" t="7" w="1189" /><ent r="6" t="7" w="1327" /><ent r="6" t="7" w="1327" /><ent r="6" t="7" w="1362" /><ent r="6" t="7" w="1362" /><ent r="6" t="7" w="1424" /><ent r="6" t="7" w="1424" /><ent r="6" t="7" w="1440" /><ent r="6" t="7" w="1440" /><ent r="3" t="13" w="101" /><ent r="3" t="29" w="95" /><ent r="3" t="29" w="95" /><ent r="3" t="35" w="305" /><ent r="3" t="35" w="305" /><ent r="3" t="44" w="42" /><ent r="4" t="45" w="337" /><ent r="3" t="68" w="226" /><ent r="3" t="68" w="226" /></phr><phr n="edit"><ent r="6" t="7" w="1251" /><ent r="6" t="7" w="1251" /><ent r="3" t="14" w="266" /><ent r="3" t="14" w="292" /><ent r="3" t="14" w="292" /><ent r="6" t="17" w="390" /><ent r="6" t="17" w="390" /><ent r="7" t="17" w="400" /><ent r="7" t="17" w="400" /><ent r="7" t="17" w="410" /><ent r="7" t="17" w="425" /><ent r="7" t="17" w="437" /><ent r="7" t="17" w="448" /><ent r="7" t="17" w="459" /><ent r="7" t="17" w="470" /><ent r="7" t="17" w="482" /><ent r="7" t="17" w="495" /><ent r="7" t="17" w="508" /><ent r="4" t="25" w="398" /><ent r="4" t="25" w="398" /><ent r="3" t="29" w="86" /><ent r="3" t="29" w="86" /><ent r="4" t="36" w="98" /><ent r="4" t="45" w="362" /><ent r="4" t="46" w="137" /></phr><phr n="Edit"><ent r="7" t="17" w="382" /><ent r="7" t="17" w="382" /><ent r="7" t="17" w="392" /><ent r="7" t="17" w="392" /><ent r="7" t="17" w="3562" /><ent r="7" t="17" w="3562" /><ent r="7" t="17" w="3646" /><ent r="7" t="17" w="3646" /><ent r="8" t="17" w="3869" /><ent r="8" t="17" w="3869" /><ent r="8" t="17" w="3910" /><ent r="8" t="17" w="3910" /><ent r="8" t="17" w="4082" /><ent r="8" t="17" w="4082" /><ent r="8" t="17" w="4123" /><ent r="8" t="17" w="4123" /><ent r="7" t="17" w="4252" /><ent r="7" t="17" w="4252" /><ent r="7" t="17" w="4293" /><ent r="7" t="17" w="4293" /><ent r="7" t="17" w="4523" /><ent r="7" t="17" w="4523" /><ent r="7" t="17" w="4564" /><ent r="7" t="17" w="4564" /><ent r="7" t="17" w="4666" /><ent r="7" t="17" w="4666" /><ent r="8" t="17" w="4750" /><ent r="8" t="17" w="4750" /><ent r="7" t="17" w="4985" /><ent r="7" t="17" w="4985" /><ent r="7" t="17" w="5397" /><ent r="7" t="17" w="5397" /><ent r="7" t="17" w="5899" /><ent r="7" t="17" w="5899" /><ent r="64" t="26" w="248" /><ent r="64" t="26" w="248" /><ent r="64" t="26" w="281" /><ent r="64" t="26" w="281" /><ent r="64" t="61" w="505" /><ent r="64" t="61" w="505" /><ent r="64" t="61" w="509" /><ent r="64" t="61" w="509" /><ent r="64" t="62" w="153" /><ent r="64" t="62" w="153" /><ent r="64" t="62" w="157" /><ent r="64" t="62" w="157" /><ent r="64" t="63" w="304" /><ent r="64" t="63" w="304" /><ent r="64" t="63" w="308" /><ent r="64" t="63" w="308" /><ent r="64" t="64" w="369" /><ent r="64" t="64" w="369" /><ent r="64" t="65" w="607" /><ent r="64" t="65" w="607" /><ent r="4" t="67" w="103" /><ent r="4" t="67" w="103" /></phr><phr n="Editing"><ent r="1000" t="29" w="1" /><ent r="1000" t="29" w="1" /><ent r="102" t="29" w="7" /><ent r="102" t="29" w="7" /><ent r="1000" t="32" w="1" /><ent r="1000" t="32" w="1" /><ent r="102" t="32" w="8" /><ent r="102" t="32" w="8" /><ent r="65" t="60" w="63" /><ent r="65" t="60" w="63" /><ent r="65" t="60" w="67" /><ent r="65" t="60" w="67" /><ent r="1000" t="64" w="1" /><ent r="1000" t="64" w="1" /><ent r="102" t="64" w="5" /><ent r="102" t="64" w="5" /><ent r="1000" t="65" w="1" /><ent r="1000" t="65" w="1" /><ent r="102" t="65" w="5" /><ent r="102" t="65" w="5" /></phr><phr n="edited"><ent r="4" t="77" w="87" /><ent r="4" t="77" w="87" /></phr></stem><stem n="reschedul"><phr n="rescheduling"><ent r="6" t="7" w="178" /><ent r="6" t="7" w="178" /></phr></stem><stem n="roll"><phr n="rolling"><ent r="6" t="7" w="186" /><ent r="6" t="7" w="186" /></phr></stem><stem n="schedul"><phr n="scheduling"><ent r="6" t="7" w="195" /><ent r="6" t="7" w="195" /><ent r="6" t="7" w="225" /><ent r="6" t="7" w="225" /></phr><phr n="Schedule"><ent r="8" t="17" w="4867" /><ent r="8" t="17" w="4867" /><ent r="6" t="17" w="5012" /><ent r="6" t="17" w="5012" /><ent r="7" t="17" w="5022" /><ent r="7" t="17" w="5022" /><ent r="7" t="17" w="6429" /><ent r="4" t="39" w="443" /><ent r="4" t="39" w="443" /><ent r="4" t="48" w="423" /><ent r="4" t="48" w="423" /></phr><phr n="schedule"><ent r="5" t="17" w="5020" /><ent r="5" t="17" w="5020" /><ent r="7" t="17" w="5030" /><ent r="7" t="17" w="5030" /><ent r="7" t="17" w="5040" /><ent r="7" t="17" w="5051" /><ent r="7" t="17" w="5063" /><ent r="7" t="17" w="5074" /><ent r="7" t="17" w="5090" /><ent r="7" t="17" w="5156" /><ent r="7" t="17" w="5170" /><ent r="7" t="17" w="5183" /><ent r="7" t="17" w="5197" /><ent r="7" t="17" w="5209" /><ent r="7" t="17" w="5222" /><ent r="7" t="17" w="5234" /><ent r="7" t="17" w="5247" /><ent r="7" t="17" w="5260" /><ent r="4" t="45" w="85" /><ent r="4" t="45" w="85" /><ent r="3" t="49" w="167" /></phr><phr n="scheduler"><ent r="7" t="17" w="6439" /><ent r="7" t="17" w="6439" /></phr><phr n="scheduled"><ent r="3" t="49" w="211" /><ent r="3" t="49" w="211" /></phr></stem><stem n="activititytempl"><phr n="ActivitityTemplate"><ent r="6" t="7" w="200" /><ent r="6" t="7" w="200" /></phr></stem><stem n="seri"><phr n="series"><ent r="6" t="7" w="203" /><ent r="6" t="7" w="215" /><ent r="6" t="7" w="224" /><ent r="6" t="7" w="233" /></phr><phr n="Series"><ent r="7" t="17" w="5148" /><ent r="7" t="17" w="5148" /><ent r="7" t="17" w="5213" /><ent r="7" t="17" w="5213" /><ent r="4" t="45" w="331" /></phr></stem><stem n="trigger"><phr n="trigger"><ent r="6" t="7" w="236" /><ent r="6" t="7" w="236" /></phr><phr n="Trigger"><ent r="4" t="24" w="375" /><ent r="4" t="24" w="375" /></phr><phr n="Triggers"><ent r="92" t="50" w="331" /><ent r="92" t="50" w="331" /><ent r="3" t="50" w="334" /><ent r="3" t="50" w="334" /></phr><phr n="triggers"><ent r="3" t="50" w="337" /><ent r="3" t="50" w="337" /><ent r="3" t="50" w="351" /><ent r="3" t="50" w="351" /></phr></stem><stem n="associ"><phr n="associations"><ent r="6" t="7" w="244" /><ent r="6" t="7" w="251" /><ent r="6" t="7" w="258" /><ent r="1000" t="25" w="3" /><ent r="1000" t="25" w="3" /><ent r="102" t="25" w="7" /><ent r="102" t="25" w="7" /><ent r="3" t="25" w="12" /><ent r="3" t="25" w="72" /><ent r="3" t="25" w="72" /><ent r="3" t="25" w="98" /><ent r="3" t="25" w="107" /><ent r="3" t="25" w="107" /><ent r="92" t="25" w="324" /><ent r="92" t="25" w="324" /><ent r="3" t="25" w="334" /><ent r="4" t="25" w="372" /><ent r="4" t="25" w="372" /><ent r="3" t="25" w="431" /><ent r="3" t="25" w="431" /><ent r="65" t="51" w="51" /><ent r="65" t="51" w="51" /><ent r="1000" t="56" w="3" /><ent r="1000" t="56" w="3" /><ent r="102" t="56" w="8" /><ent r="102" t="56" w="8" /><ent r="3" t="56" w="12" /><ent r="3" t="56" w="12" /><ent r="3" t="56" w="97" /><ent r="3" t="56" w="97" /><ent r="1000" t="58" w="5" /><ent r="1000" t="58" w="5" /><ent r="102" t="58" w="11" /><ent r="102" t="58" w="11" /><ent r="3" t="58" w="39" /><ent r="3" t="58" w="39" /><ent r="4" t="58" w="108" /><ent r="4" t="58" w="108" /><ent r="4" t="58" w="116" /><ent r="4" t="58" w="116" /><ent r="4" t="58" w="125" /></phr><phr n="Associations"><ent r="6" t="7" w="249" /><ent r="6" t="7" w="249" /><ent r="6" t="7" w="256" /><ent r="6" t="7" w="256" /><ent r="6" t="7" w="263" /><ent r="6" t="7" w="263" /><ent r="3" t="25" w="89" /><ent r="3" t="25" w="116" /><ent r="3" t="25" w="116" /><ent r="3" t="25" w="236" /><ent r="3" t="25" w="236" /><ent r="3" t="51" w="30" /><ent r="3" t="51" w="30" /><ent r="4" t="56" w="145" /><ent r="4" t="56" w="212" /><ent r="5" t="57" w="119" /><ent r="4" t="58" w="101" /><ent r="5" t="59" w="120" /></phr><phr n="associating"><ent r="6" t="7" w="1010" /><ent r="6" t="7" w="1010" /><ent r="3" t="25" w="268" /></phr><phr n="associated"><ent r="3" t="9" w="91" /><ent r="3" t="9" w="91" /><ent r="4" t="15" w="331" /><ent r="4" t="15" w="331" /><ent r="4" t="15" w="446" /><ent r="4" t="15" w="446" /><ent r="4" t="15" w="725" /><ent r="4" t="15" w="725" /><ent r="4" t="15" w="752" /><ent r="4" t="15" w="752" /><ent r="3" t="16" w="39" /><ent r="3" t="16" w="39" /><ent r="4" t="25" w="390" /><ent r="4" t="25" w="390" /><ent r="65" t="51" w="44" /><ent r="65" t="51" w="44" /><ent r="3" t="58" w="24" /><ent r="3" t="58" w="24" /><ent r="1000" t="59" w="5" /><ent r="1000" t="59" w="5" /><ent r="102" t="59" w="13" /><ent r="102" t="59" w="13" /><ent r="4" t="59" w="58" /><ent r="4" t="59" w="58" /><ent r="4" t="77" w="76" /><ent r="4" t="77" w="76" /><ent r="4" t="78" w="190" /><ent r="4" t="78" w="190" /></phr><phr n="association"><ent r="3" t="25" w="138" /><ent r="3" t="25" w="138" /><ent r="92" t="25" w="222" /><ent r="92" t="25" w="222" /><ent r="3" t="25" w="230" /><ent r="3" t="25" w="254" /><ent r="3" t="25" w="254" /><ent r="3" t="25" w="296" /><ent r="3" t="25" w="296" /><ent r="3" t="25" w="307" /><ent r="3" t="25" w="347" /><ent r="3" t="25" w="347" /><ent r="4" t="25" w="401" /><ent r="4" t="25" w="401" /><ent r="65" t="51" w="34" /><ent r="65" t="51" w="34" /><ent r="65" t="51" w="55" /><ent r="65" t="51" w="55" /><ent r="3" t="56" w="54" /><ent r="3" t="56" w="54" /><ent r="3" t="56" w="158" /><ent r="3" t="56" w="158" /><ent r="1000" t="57" w="3" /><ent r="1000" t="57" w="3" /><ent r="102" t="57" w="10" /><ent r="102" t="57" w="10" /><ent r="3" t="57" w="20" /><ent r="3" t="57" w="20" /><ent r="4" t="57" w="40" /><ent r="4" t="57" w="40" /><ent r="4" t="57" w="54" /><ent r="4" t="57" w="54" /><ent r="4" t="57" w="64" /><ent r="4" t="57" w="64" /><ent r="5" t="57" w="129" /><ent r="5" t="57" w="129" /><ent r="5" t="57" w="139" /><ent r="5" t="57" w="139" /><ent r="5" t="57" w="142" /><ent r="5" t="57" w="153" /><ent r="5" t="57" w="153" /><ent r="5" t="57" w="165" /><ent r="5" t="57" w="175" /><ent r="5" t="57" w="175" /><ent r="3" t="58" w="48" /><ent r="3" t="58" w="48" /><ent r="4" t="58" w="123" /><ent r="4" t="58" w="123" /><ent r="5" t="58" w="132" /><ent r="5" t="58" w="138" /><ent r="102" t="59" w="18" /><ent r="102" t="59" w="18" /></phr><phr n="associate"><ent r="3" t="25" w="158" /><ent r="3" t="25" w="202" /><ent r="3" t="31" w="553" /><ent r="3" t="31" w="553" /></phr><phr n="Association"><ent r="3" t="25" w="289" /><ent r="3" t="25" w="301" /><ent r="4" t="25" w="367" /><ent r="4" t="25" w="367" /><ent r="4" t="57" w="50" /><ent r="4" t="57" w="50" /><ent r="4" t="57" w="73" /><ent r="4" t="57" w="73" /><ent r="5" t="57" w="128" /><ent r="5" t="57" w="128" /><ent r="5" t="57" w="146" /><ent r="5" t="57" w="146" /><ent r="4" t="58" w="115" /><ent r="4" t="58" w="122" /><ent r="4" t="58" w="122" /></phr></stem><stem n="advanc"><phr n="advanced"><ent r="6" t="7" w="265" /><ent r="6" t="7" w="265" /><ent r="6" t="7" w="1129" /><ent r="6" t="7" w="1129" /><ent r="3" t="19" w="89" /><ent r="3" t="19" w="89" /><ent r="3" t="20" w="66" /><ent r="3" t="20" w="66" /><ent r="3" t="24" w="318" /><ent r="3" t="24" w="318" /><ent r="4" t="69" w="383" /><ent r="4" t="69" w="383" /><ent r="100" t="79" w="5" /><ent r="100" t="79" w="5" /><ent r="100" t="81" w="5" /><ent r="100" t="81" w="5" /></phr><phr n="Advanced"><ent r="8" t="17" w="1279" /><ent r="8" t="17" w="1279" /><ent r="8" t="17" w="1447" /><ent r="8" t="17" w="1447" /><ent r="8" t="17" w="1601" /><ent r="8" t="17" w="1601" /><ent r="7" t="17" w="1879" /><ent r="7" t="17" w="1879" /><ent r="7" t="17" w="2047" /><ent r="7" t="17" w="2047" /><ent r="7" t="17" w="2199" /><ent r="7" t="17" w="2199" /><ent r="7" t="17" w="2554" /><ent r="7" t="17" w="2554" /><ent r="7" t="17" w="2658" /><ent r="7" t="17" w="2658" /><ent r="7" t="17" w="2810" /><ent r="7" t="17" w="2810" /><ent r="7" t="17" w="3165" /><ent r="7" t="17" w="3165" /><ent r="7" t="17" w="3269" /><ent r="7" t="17" w="3269" /><ent r="7" t="17" w="3437" /><ent r="7" t="17" w="3437" /></phr></stem><stem n="lookup"><phr n="Lookups"><ent r="6" t="7" w="271" /><ent r="6" t="7" w="1133" /><ent r="6" t="7" w="1141" /></phr><phr n="lookups"><ent r="6" t="7" w="969" /><ent r="6" t="7" w="976" /><ent r="3" t="27" w="219" /></phr><phr n="Lookup"><ent r="7" t="17" w="1015" /><ent r="7" t="17" w="1015" /><ent r="8" t="17" w="1025" /><ent r="8" t="17" w="1025" /><ent r="8" t="17" w="1252" /><ent r="8" t="17" w="1252" /><ent r="8" t="17" w="1420" /><ent r="8" t="17" w="1420" /><ent r="6" t="17" w="1629" /><ent r="6" t="17" w="1629" /><ent r="7" t="17" w="1639" /><ent r="7" t="17" w="1639" /><ent r="7" t="17" w="2020" /><ent r="7" t="17" w="2020" /><ent r="7" t="17" w="2227" /><ent r="7" t="17" w="2227" /><ent r="6" t="17" w="2241" /><ent r="6" t="17" w="2241" /><ent r="7" t="17" w="2251" /><ent r="7" t="17" w="2251" /><ent r="7" t="17" w="2631" /><ent r="7" t="17" w="2631" /><ent r="7" t="17" w="2838" /><ent r="7" t="17" w="2838" /><ent r="6" t="17" w="2852" /><ent r="6" t="17" w="2852" /><ent r="7" t="17" w="2862" /><ent r="7" t="17" w="2862" /><ent r="7" t="17" w="3242" /><ent r="7" t="17" w="3242" /><ent r="7" t="17" w="3410" /><ent r="7" t="17" w="3410" /><ent r="8" t="17" w="3925" /><ent r="8" t="17" w="3925" /><ent r="8" t="17" w="4138" /><ent r="8" t="17" w="4138" /><ent r="7" t="17" w="4308" /><ent r="7" t="17" w="4308" /><ent r="7" t="17" w="4579" /><ent r="7" t="17" w="4579" /></phr><phr n="lookup"><ent r="6" t="17" w="1023" /><ent r="6" t="17" w="1023" /><ent r="8" t="17" w="1033" /><ent r="8" t="17" w="1033" /><ent r="8" t="17" w="1044" /><ent r="8" t="17" w="1056" /><ent r="8" t="17" w="1068" /><ent r="8" t="17" w="1080" /><ent r="8" t="17" w="1091" /><ent r="8" t="17" w="1103" /><ent r="8" t="17" w="1115" /><ent r="8" t="17" w="1126" /><ent r="8" t="17" w="1138" /><ent r="8" t="17" w="1149" /><ent r="8" t="17" w="1161" /><ent r="8" t="17" w="1173" /><ent r="8" t="17" w="1187" /><ent r="8" t="17" w="1199" /><ent r="8" t="17" w="1210" /><ent r="8" t="17" w="1222" /><ent r="8" t="17" w="1234" /><ent r="8" t="17" w="1247" /><ent r="8" t="17" w="1262" /><ent r="8" t="17" w="1275" /><ent r="8" t="17" w="1288" /><ent r="8" t="17" w="1302" /><ent r="8" t="17" w="1315" /><ent r="8" t="17" w="1327" /><ent r="8" t="17" w="1339" /><ent r="8" t="17" w="1352" /><ent r="8" t="17" w="1364" /><ent r="8" t="17" w="1376" /><ent r="8" t="17" w="1389" /><ent r="8" t="17" w="1402" /><ent r="8" t="17" w="1415" /><ent r="8" t="17" w="1430" /><ent r="8" t="17" w="1443" /><ent r="8" t="17" w="1456" /><ent r="8" t="17" w="1470" /><ent r="8" t="17" w="1483" /><ent r="8" t="17" w="1495" /><ent r="8" t="17" w="1507" /><ent r="8" t="17" w="1520" /><ent r="8" t="17" w="1532" /><ent r="8" t="17" w="1546" /><ent r="8" t="17" w="1558" /><ent r="8" t="17" w="1571" /><ent r="8" t="17" w="1584" /><ent r="8" t="17" w="1598" /><ent r="8" t="17" w="1610" /><ent r="8" t="17" w="1624" /><ent r="7" t="17" w="1658" /><ent r="7" t="17" w="1670" /><ent r="7" t="17" w="1683" /><ent r="7" t="17" w="1695" /><ent r="7" t="17" w="1707" /><ent r="7" t="17" w="1719" /><ent r="7" t="17" w="1731" /><ent r="7" t="17" w="1743" /><ent r="7" t="17" w="1754" /><ent r="7" t="17" w="1766" /><ent r="7" t="17" w="1778" /><ent r="7" t="17" w="1789" /><ent r="7" t="17" w="1801" /><ent r="7" t="17" w="1812" /><ent r="7" t="17" w="1824" /><ent r="7" t="17" w="1836" /><ent r="7" t="17" w="1850" /><ent r="7" t="17" w="1862" /><ent r="7" t="17" w="1875" /><ent r="7" t="17" w="1888" /><ent r="7" t="17" w="1902" /><ent r="7" t="17" w="1915" /><ent r="7" t="17" w="1927" /><ent r="7" t="17" w="1939" /><ent r="7" t="17" w="1952" /><ent r="7" t="17" w="1964" /><ent r="7" t="17" w="1976" /><ent r="7" t="17" w="1989" /><ent r="7" t="17" w="2002" /><ent r="7" t="17" w="2015" /><ent r="7" t="17" w="2030" /><ent r="7" t="17" w="2043" /><ent r="7" t="17" w="2056" /><ent r="7" t="17" w="2070" /><ent r="7" t="17" w="2083" /><ent r="7" t="17" w="2095" /><ent r="7" t="17" w="2107" /><ent r="7" t="17" w="2120" /><ent r="7" t="17" w="2132" /><ent r="7" t="17" w="2145" /><ent r="7" t="17" w="2157" /><ent r="7" t="17" w="2170" /><ent r="7" t="17" w="2183" /><ent r="7" t="17" w="2196" /><ent r="7" t="17" w="2208" /><ent r="7" t="17" w="2222" /><ent r="7" t="17" w="2237" /><ent r="7" t="17" w="2270" /><ent r="7" t="17" w="2282" /><ent r="7" t="17" w="2295" /><ent r="7" t="17" w="2307" /><ent r="7" t="17" w="2319" /><ent r="7" t="17" w="2332" /><ent r="7" t="17" w="2345" /><ent r="7" t="17" w="2358" /><ent r="7" t="17" w="2370" /><ent r="7" t="17" w="2382" /><ent r="7" t="17" w="2394" /><ent r="7" t="17" w="2406" /><ent r="7" t="17" w="2418" /><ent r="7" t="17" w="2429" /><ent r="7" t="17" w="2441" /><ent r="7" t="17" w="2453" /><ent r="7" t="17" w="2464" /><ent r="7" t="17" w="2476" /><ent r="7" t="17" w="2487" /><ent r="7" t="17" w="2499" /><ent r="7" t="17" w="2511" /><ent r="7" t="17" w="2525" /><ent r="7" t="17" w="2537" /><ent r="7" t="17" w="2550" /><ent r="7" t="17" w="2563" /><ent r="7" t="17" w="2577" /><ent r="7" t="17" w="2589" /><ent r="7" t="17" w="2601" /><ent r="7" t="17" w="2613" /><ent r="7" t="17" w="2626" /><ent r="7" t="17" w="2641" /><ent r="7" t="17" w="2654" /><ent r="7" t="17" w="2667" /><ent r="7" t="17" w="2681" /><ent r="7" t="17" w="2694" /><ent r="7" t="17" w="2706" /><ent r="7" t="17" w="2718" /><ent r="7" t="17" w="2731" /><ent r="7" t="17" w="2743" /><ent r="7" t="17" w="2756" /><ent r="7" t="17" w="2768" /><ent r="7" t="17" w="2781" /><ent r="7" t="17" w="2794" /><ent r="7" t="17" w="2807" /><ent r="7" t="17" w="2819" /><ent r="7" t="17" w="2833" /><ent r="7" t="17" w="2848" /><ent r="7" t="17" w="2881" /><ent r="7" t="17" w="2893" /><ent r="7" t="17" w="2906" /><ent r="7" t="17" w="2918" /><ent r="7" t="17" w="2931" /><ent r="7" t="17" w="2943" /><ent r="7" t="17" w="2956" /><ent r="7" t="17" w="2969" /><ent r="7" t="17" w="2981" /><ent r="7" t="17" w="2993" /><ent r="7" t="17" w="3005" /><ent r="7" t="17" w="3017" /><ent r="7" t="17" w="3029" /><ent r="7" t="17" w="3040" /><ent r="7" t="17" w="3052" /><ent r="7" t="17" w="3064" /><ent r="7" t="17" w="3075" /><ent r="7" t="17" w="3087" /><ent r="7" t="17" w="3098" /><ent r="7" t="17" w="3110" /><ent r="7" t="17" w="3122" /><ent r="7" t="17" w="3136" /><ent r="7" t="17" w="3148" /><ent r="7" t="17" w="3161" /><ent r="7" t="17" w="3174" /><ent r="7" t="17" w="3188" /><ent r="7" t="17" w="3200" /><ent r="7" t="17" w="3212" /><ent r="7" t="17" w="3224" /><ent r="7" t="17" w="3237" /><ent r="7" t="17" w="3252" /><ent r="7" t="17" w="3265" /><ent r="7" t="17" w="3278" /><ent r="7" t="17" w="3292" /><ent r="7" t="17" w="3305" /><ent r="7" t="17" w="3317" /><ent r="7" t="17" w="3329" /><ent r="7" t="17" w="3342" /><ent r="7" t="17" w="3354" /><ent r="7" t="17" w="3366" /><ent r="7" t="17" w="3379" /><ent r="7" t="17" w="3392" /><ent r="7" t="17" w="3405" /><ent r="7" t="17" w="3420" /><ent r="7" t="17" w="3433" /><ent r="7" t="17" w="3446" /><ent r="7" t="17" w="3460" /><ent r="6" t="17" w="6741" /><ent r="6" t="17" w="6741" /></phr></stem><stem n="lookupmanag"><phr n="LookupManager"><ent r="6" t="7" w="272" /><ent r="6" t="7" w="272" /><ent r="6" t="7" w="1134" /><ent r="6" t="7" w="1134" /><ent r="6" t="7" w="1142" /><ent r="6" t="7" w="1142" /></phr></stem><stem n="attach"><phr n="attachments"><ent r="6" t="7" w="301" /><ent r="6" t="7" w="311" /><ent r="4" t="77" w="170" /><ent r="4" t="77" w="170" /><ent r="4" t="78" w="186" /><ent r="4" t="78" w="186" /></phr><phr n="Attachments"><ent r="5" t="15" w="659" /><ent r="5" t="15" w="659" /><ent r="4" t="15" w="664" /><ent r="4" t="15" w="664" /></phr><phr n="attached"><ent r="4" t="15" w="679" /><ent r="4" t="15" w="679" /><ent r="4" t="77" w="178" /><ent r="4" t="77" w="178" /></phr><phr n="Attach"><ent r="7" t="17" w="3675" /><ent r="7" t="17" w="3675" /><ent r="8" t="17" w="3952" /><ent r="8" t="17" w="3952" /><ent r="8" t="17" w="4165" /><ent r="8" t="17" w="4165" /><ent r="7" t="17" w="4349" /><ent r="7" t="17" w="4349" /><ent r="8" t="17" w="4779" /><ent r="8" t="17" w="4779" /></phr><phr n="attach"><ent r="7" t="17" w="3684" /><ent r="7" t="17" w="3684" /><ent r="8" t="17" w="3961" /><ent r="8" t="17" w="3961" /><ent r="8" t="17" w="4174" /><ent r="8" t="17" w="4174" /><ent r="7" t="17" w="4359" /><ent r="7" t="17" w="4359" /><ent r="8" t="17" w="4788" /><ent r="8" t="17" w="4788" /></phr><phr n="attaching"><ent r="3" t="35" w="150" /><ent r="3" t="35" w="150" /></phr></stem><stem n="record"><phr n="records"><ent r="6" t="7" w="304" /><ent r="6" t="7" w="304" /><ent r="6" t="7" w="314" /><ent r="6" t="7" w="314" /><ent r="3" t="13" w="104" /><ent r="3" t="13" w="123" /><ent r="3" t="13" w="123" /><ent r="5" t="14" w="129" /><ent r="5" t="14" w="129" /><ent r="5" t="14" w="137" /><ent r="3" t="14" w="294" /><ent r="4" t="15" w="334" /><ent r="4" t="15" w="682" /><ent r="3" t="24" w="189" /><ent r="3" t="24" w="189" /><ent r="3" t="24" w="299" /><ent r="3" t="24" w="299" /><ent r="3" t="24" w="401" /><ent r="3" t="24" w="401" /><ent r="3" t="24" w="430" /><ent r="3" t="24" w="430" /><ent r="3" t="26" w="171" /><ent r="3" t="31" w="605" /><ent r="3" t="31" w="605" /><ent r="3" t="31" w="630" /><ent r="3" t="31" w="630" /><ent r="3" t="31" w="645" /><ent r="3" t="31" w="645" /><ent r="3" t="32" w="91" /><ent r="3" t="34" w="150" /><ent r="3" t="34" w="150" /><ent r="3" t="34" w="183" /><ent r="3" t="34" w="183" /><ent r="3" t="34" w="198" /><ent r="3" t="34" w="198" /><ent r="3" t="40" w="19" /><ent r="3" t="40" w="19" /><ent r="3" t="40" w="41" /><ent r="3" t="40" w="41" /><ent r="4" t="45" w="313" /><ent r="4" t="77" w="181" /><ent r="4" t="78" w="193" /></phr><phr n="recording"><ent r="6" t="7" w="906" /><ent r="6" t="7" w="906" /><ent r="6" t="7" w="916" /><ent r="6" t="7" w="916" /></phr><phr n="record"><ent r="3" t="13" w="59" /><ent r="3" t="13" w="116" /><ent r="3" t="13" w="116" /><ent r="3" t="13" w="118" /><ent r="3" t="13" w="118" /><ent r="3" t="14" w="271" /><ent r="3" t="14" w="271" /><ent r="3" t="24" w="262" /><ent r="3" t="24" w="262" /><ent r="3" t="28" w="180" /><ent r="3" t="28" w="180" /><ent r="3" t="28" w="183" /><ent r="3" t="28" w="183" /><ent r="3" t="28" w="199" /><ent r="3" t="28" w="199" /><ent r="3" t="29" w="190" /><ent r="3" t="29" w="190" /><ent r="3" t="29" w="263" /><ent r="3" t="29" w="278" /><ent r="3" t="29" w="347" /><ent r="3" t="29" w="347" /><ent r="3" t="29" w="403" /><ent r="3" t="29" w="403" /><ent r="3" t="29" w="414" /><ent r="3" t="29" w="414" /><ent r="3" t="31" w="171" /><ent r="3" t="31" w="521" /><ent r="3" t="31" w="521" /><ent r="3" t="31" w="551" /><ent r="3" t="31" w="551" /><ent r="3" t="31" w="555" /><ent r="3" t="31" w="555" /><ent r="3" t="31" w="722" /><ent r="3" t="34" w="254" /><ent r="4" t="42" w="90" /><ent r="4" t="42" w="90" /><ent r="3" t="48" w="309" /><ent r="3" t="48" w="317" /><ent r="3" t="48" w="317" /><ent r="3" t="48" w="379" /><ent r="3" t="48" w="387" /><ent r="3" t="48" w="387" /><ent r="4" t="67" w="147" /></phr><phr n="Record"><ent r="8" t="17" w="1036" /><ent r="8" t="17" w="1036" /><ent r="8" t="17" w="1562" /><ent r="8" t="17" w="1562" /><ent r="7" t="17" w="1699" /><ent r="7" t="17" w="1699" /><ent r="7" t="17" w="2161" /><ent r="7" t="17" w="2161" /><ent r="7" t="17" w="2374" /><ent r="7" t="17" w="2374" /><ent r="7" t="17" w="2772" /><ent r="7" t="17" w="2772" /><ent r="7" t="17" w="2947" /><ent r="7" t="17" w="2947" /><ent r="7" t="17" w="2985" /><ent r="7" t="17" w="2985" /><ent r="7" t="17" w="5755" /><ent r="7" t="17" w="5755" /><ent r="7" t="17" w="5816" /><ent r="7" t="17" w="5816" /><ent r="7" t="17" w="6387" /><ent r="7" t="17" w="6387" /><ent r="92" t="29" w="151" /><ent r="92" t="29" w="151" /><ent r="3" t="29" w="280" /><ent r="3" t="29" w="280" /><ent r="3" t="48" w="260" /><ent r="3" t="48" w="260" /></phr></stem></index>