<?xml version="1.0" encoding="utf-8"?><index><stem n="us"><phr n="using"><ent r="3" t="0" w="46" /><ent r="3" t="0" w="46" /><ent r="3" t="0" w="137" /><ent r="3" t="0" w="137" /><ent r="65" t="0" w="197" /><ent r="65" t="0" w="197" /><ent r="4" t="1" w="260" /><ent r="4" t="1" w="260" /><ent r="3" t="1" w="284" /><ent r="3" t="1" w="284" /><ent r="100" t="3" w="16" /><ent r="100" t="3" w="16" /><ent r="7" t="3" w="171" /><ent r="7" t="3" w="171" /><ent r="7" t="3" w="420" /><ent r="7" t="3" w="420" /><ent r="3" t="3" w="646" /><ent r="3" t="3" w="646" /><ent r="6" t="5" w="190" /><ent r="6" t="5" w="190" /><ent r="3" t="7" w="75" /><ent r="3" t="7" w="75" /><ent r="3" t="15" w="140" /><ent r="3" t="15" w="140" /><ent r="3" t="25" w="86" /><ent r="3" t="25" w="86" /><ent r="4" t="25" w="403" /><ent r="4" t="25" w="403" /><ent r="3" t="26" w="79" /><ent r="3" t="26" w="79" /><ent r="3" t="29" w="100" /><ent r="3" t="29" w="100" /><ent r="3" t="29" w="205" /><ent r="3" t="29" w="205" /><ent r="3" t="31" w="143" /><ent r="3" t="31" w="143" /><ent r="3" t="31" w="822" /><ent r="3" t="31" w="822" /><ent r="3" t="32" w="53" /><ent r="3" t="32" w="53" /><ent r="3" t="32" w="61" /><ent r="3" t="32" w="61" /><ent r="3" t="33" w="57" /><ent r="3" t="33" w="57" /><ent r="3" t="35" w="69" /><ent r="3" t="35" w="69" /><ent r="3" t="35" w="158" /><ent r="3" t="35" w="158" /><ent r="3" t="35" w="290" /><ent r="3" t="35" w="290" /><ent r="3" t="35" w="363" /><ent r="3" t="35" w="363" /><ent r="3" t="36" w="49" /><ent r="3" t="36" w="49" /><ent r="3" t="38" w="11" /><ent r="3" t="38" w="11" /><ent r="3" t="40" w="24" /><ent r="3" t="40" w="24" /><ent r="4" t="42" w="74" /><ent r="4" t="42" w="74" /><ent r="4" t="42" w="103" /><ent r="4" t="42" w="103" /><ent r="4" t="42" w="116" /><ent r="4" t="42" w="116" /><ent r="3" t="43" w="46" /><ent r="3" t="43" w="46" /><ent r="3" t="45" w="192" /><ent r="3" t="45" w="192" /><ent r="4" t="53" w="51" /><ent r="4" t="53" w="51" /><ent r="4" t="55" w="93" /><ent r="4" t="55" w="93" /><ent r="3" t="56" w="16" /><ent r="3" t="56" w="16" /><ent r="3" t="61" w="28" /><ent r="3" t="61" w="28" /><ent r="3" t="61" w="44" /><ent r="3" t="61" w="44" /><ent r="3" t="63" w="22" /><ent r="3" t="63" w="22" /><ent r="3" t="66" w="23" /><ent r="3" t="66" w="23" /><ent r="4" t="67" w="154" /><ent r="4" t="67" w="154" /><ent r="4" t="68" w="147" /><ent r="4" t="68" w="147" /><ent r="3" t="79" w="36" /><ent r="3" t="79" w="36" /><ent r="100" t="80" w="16" /><ent r="100" t="80" w="16" /><ent r="7" t="80" w="172" /><ent r="7" t="80" w="172" /><ent r="7" t="80" w="437" /><ent r="7" t="80" w="437" /><ent r="3" t="81" w="32" /><ent r="3" t="81" w="32" /><ent r="3" t="81" w="46" /><ent r="3" t="81" w="46" /></phr><phr n="Using"><ent r="102" t="1" w="8" /><ent r="102" t="1" w="8" /><ent r="3" t="2" w="212" /><ent r="3" t="2" w="212" /><ent r="1000" t="3" w="1" /><ent r="1000" t="3" w="1" /><ent r="102" t="3" w="26" /><ent r="102" t="3" w="26" /><ent r="6" t="3" w="70" /><ent r="6" t="3" w="70" /><ent r="6" t="3" w="234" /><ent r="6" t="3" w="234" /><ent r="6" t="3" w="337" /><ent r="6" t="3" w="337" /><ent r="6" t="3" w="784" /><ent r="6" t="3" w="784" /><ent r="3" t="4" w="29" /><ent r="3" t="4" w="29" /><ent r="3" t="7" w="96" /><ent r="3" t="7" w="96" /><ent r="3" t="25" w="287" /><ent r="3" t="25" w="287" /><ent r="3" t="28" w="385" /><ent r="3" t="28" w="385" /><ent r="1000" t="43" w="1" /><ent r="1000" t="43" w="1" /><ent r="102" t="43" w="6" /><ent r="102" t="43" w="6" /><ent r="4" t="52" w="55" /><ent r="4" t="52" w="55" /><ent r="4" t="53" w="34" /><ent r="4" t="53" w="34" /><ent r="4" t="54" w="35" /><ent r="4" t="54" w="35" /><ent r="4" t="54" w="49" /><ent r="4" t="54" w="49" /><ent r="4" t="55" w="35" /><ent r="4" t="55" w="35" /><ent r="3" t="60" w="31" /><ent r="3" t="60" w="31" /><ent r="1000" t="80" w="1" /><ent r="1000" t="80" w="1" /><ent r="102" t="80" w="26" /><ent r="102" t="80" w="26" /><ent r="6" t="80" w="70" /><ent r="6" t="80" w="70" /><ent r="6" t="80" w="235" /><ent r="6" t="80" w="235" /><ent r="6" t="80" w="354" /><ent r="6" t="80" w="354" /></phr><phr n="used"><ent r="4" t="1" w="172" /><ent r="4" t="1" w="172" /><ent r="6" t="3" w="349" /><ent r="6" t="3" w="349" /><ent r="3" t="6" w="26" /><ent r="3" t="6" w="26" /><ent r="3" t="7" w="37" /><ent r="3" t="7" w="37" /><ent r="4" t="15" w="248" /><ent r="4" t="15" w="248" /><ent r="4" t="15" w="293" /><ent r="4" t="15" w="293" /><ent r="4" t="15" w="348" /><ent r="4" t="15" w="348" /><ent r="3" t="24" w="161" /><ent r="3" t="24" w="161" /><ent r="3" t="24" w="321" /><ent r="3" t="24" w="321" /><ent r="3" t="25" w="144" /><ent r="3" t="25" w="144" /><ent r="3" t="25" w="179" /><ent r="3" t="25" w="179" /><ent r="3" t="25" w="277" /><ent r="3" t="25" w="277" /><ent r="3" t="27" w="367" /><ent r="3" t="27" w="367" /><ent r="3" t="27" w="380" /><ent r="3" t="27" w="380" /><ent r="3" t="27" w="590" /><ent r="3" t="27" w="605" /><ent r="3" t="27" w="605" /><ent r="3" t="28" w="232" /><ent r="3" t="28" w="232" /><ent r="3" t="29" w="351" /><ent r="3" t="29" w="351" /><ent r="3" t="29" w="380" /><ent r="3" t="29" w="380" /><ent r="3" t="31" w="265" /><ent r="3" t="31" w="265" /><ent r="3" t="31" w="366" /><ent r="3" t="31" w="366" /><ent r="3" t="34" w="214" /><ent r="3" t="34" w="214" /><ent r="3" t="34" w="322" /><ent r="3" t="34" w="322" /><ent r="3" t="34" w="449" /><ent r="3" t="34" w="449" /><ent r="3" t="35" w="113" /><ent r="3" t="35" w="232" /><ent r="3" t="35" w="232" /><ent r="3" t="35" w="468" /><ent r="3" t="37" w="96" /><ent r="3" t="37" w="96" /><ent r="3" t="37" w="301" /><ent r="3" t="37" w="301" /><ent r="4" t="38" w="49" /><ent r="4" t="38" w="49" /><ent r="4" t="41" w="63" /><ent r="4" t="41" w="63" /><ent r="4" t="41" w="101" /><ent r="4" t="41" w="101" /><ent r="3" t="45" w="16" /><ent r="3" t="45" w="16" /><ent r="4" t="45" w="328" /><ent r="4" t="45" w="328" /><ent r="4" t="46" w="70" /><ent r="4" t="46" w="70" /><ent r="3" t="50" w="66" /><ent r="3" t="50" w="66" /><ent r="3" t="56" w="90" /><ent r="3" t="56" w="90" /><ent r="4" t="61" w="112" /><ent r="4" t="61" w="112" /><ent r="5" t="63" w="75" /><ent r="5" t="63" w="75" /><ent r="3" t="64" w="46" /><ent r="3" t="64" w="46" /><ent r="3" t="64" w="275" /><ent r="3" t="64" w="275" /><ent r="3" t="65" w="55" /><ent r="3" t="65" w="55" /><ent r="3" t="65" w="105" /><ent r="3" t="65" w="105" /><ent r="3" t="65" w="235" /><ent r="3" t="65" w="235" /><ent r="3" t="74" w="26" /><ent r="3" t="74" w="26" /><ent r="3" t="75" w="19" /><ent r="6" t="75" w="64" /><ent r="6" t="75" w="64" /><ent r="4" t="77" w="42" /><ent r="3" t="79" w="66" /><ent r="6" t="80" w="366" /><ent r="6" t="80" w="366" /></phr><phr n="uses"><ent r="3" t="5" w="17" /><ent r="3" t="7" w="107" /><ent r="3" t="7" w="107" /><ent r="3" t="28" w="479" /><ent r="3" t="28" w="479" /><ent r="3" t="31" w="498" /><ent r="3" t="31" w="498" /><ent r="3" t="38" w="187" /><ent r="3" t="38" w="187" /><ent r="3" t="38" w="364" /><ent r="3" t="38" w="364" /><ent r="4" t="41" w="73" /><ent r="4" t="41" w="73" /><ent r="4" t="61" w="329" /><ent r="4" t="61" w="329" /></phr><phr n="us"><ent r="7" t="17" w="6975" /></phr><phr n="Us"><ent r="7" t="17" w="7061" /><ent r="7" t="17" w="7061" /></phr><phr n="useful"><ent r="3" t="29" w="299" /><ent r="3" t="31" w="138" /><ent r="3" t="31" w="138" /><ent r="3" t="50" w="434" /><ent r="3" t="50" w="434" /><ent r="3" t="52" w="28" /><ent r="3" t="52" w="28" /></phr></stem><stem n="updat"><phr n="updates"><ent r="3" t="0" w="63" /><ent r="3" t="0" w="63" /><ent r="3" t="58" w="46" /><ent r="3" t="58" w="46" /><ent r="4" t="59" w="65" /><ent r="4" t="59" w="65" /></phr><phr n="Updated"><ent r="4" t="0" w="66" /><ent r="4" t="0" w="66" /><ent r="4" t="0" w="75" /><ent r="4" t="0" w="75" /><ent r="4" t="0" w="100" /><ent r="4" t="0" w="100" /></phr><phr n="Updates"><ent r="4" t="0" w="106" /><ent r="4" t="0" w="106" /><ent r="7" t="17" w="889" /><ent r="7" t="17" w="889" /></phr><phr n="updating"><ent r="6" t="7" w="695" /><ent r="6" t="7" w="695" /><ent r="4" t="54" w="71" /><ent r="4" t="54" w="71" /></phr><phr n="Update"><ent r="7" t="17" w="3720" /><ent r="7" t="17" w="3720" /><ent r="7" t="17" w="4399" /><ent r="7" t="17" w="4399" /><ent r="7" t="17" w="6205" /><ent r="7" t="17" w="6205" /><ent r="6" t="17" w="6704" /><ent r="6" t="17" w="6704" /><ent r="3" t="25" w="314" /><ent r="3" t="25" w="314" /><ent r="3" t="31" w="183" /><ent r="3" t="31" w="183" /><ent r="3" t="31" w="686" /><ent r="3" t="31" w="686" /><ent r="3" t="32" w="109" /><ent r="3" t="32" w="109" /><ent r="5" t="42" w="109" /><ent r="5" t="42" w="109" /><ent r="4" t="42" w="118" /><ent r="4" t="54" w="188" /><ent r="5" t="57" w="181" /><ent r="5" t="58" w="128" /><ent r="5" t="58" w="128" /><ent r="5" t="58" w="139" /><ent r="6" t="59" w="178" /></phr><phr n="update"><ent r="3" t="24" w="394" /><ent r="3" t="25" w="95" /><ent r="3" t="26" w="94" /><ent r="3" t="26" w="94" /><ent r="3" t="29" w="17" /><ent r="3" t="29" w="17" /><ent r="3" t="29" w="71" /><ent r="3" t="29" w="71" /><ent r="3" t="30" w="40" /><ent r="3" t="30" w="40" /><ent r="3" t="49" w="16" /><ent r="3" t="49" w="16" /><ent r="3" t="58" w="20" /><ent r="3" t="58" w="20" /><ent r="102" t="59" w="17" /><ent r="102" t="59" w="17" /><ent r="5" t="59" w="156" /><ent r="5" t="59" w="156" /></phr><phr n="updated"><ent r="3" t="29" w="75" /><ent r="3" t="29" w="75" /></phr></stem><stem n="uniform"><phr n="Uniform"><ent r="65" t="0" w="70" /><ent r="65" t="0" w="70" /><ent r="4" t="1" w="239" /><ent r="4" t="1" w="239" /><ent r="1000" t="17" w="2" /><ent r="1000" t="17" w="2" /><ent r="100" t="17" w="6" /><ent r="100" t="17" w="6" /><ent r="102" t="17" w="12" /><ent r="102" t="17" w="12" /></phr></stem><stem n="resourc"><phr n="Resource"><ent r="65" t="0" w="71" /><ent r="65" t="0" w="71" /><ent r="4" t="1" w="240" /><ent r="4" t="1" w="240" /><ent r="1000" t="17" w="3" /><ent r="1000" t="17" w="3" /><ent r="100" t="17" w="7" /><ent r="100" t="17" w="7" /><ent r="102" t="17" w="13" /><ent r="102" t="17" w="13" /><ent r="7" t="17" w="6926" /><ent r="7" t="17" w="6926" /></phr><phr n="resource"><ent r="3" t="4" w="190" /><ent r="3" t="4" w="190" /></phr><phr n="resources"><ent r="6" t="7" w="1162" /><ent r="6" t="7" w="1172" /><ent r="6" t="7" w="1180" /><ent r="6" t="7" w="1188" /><ent r="7" t="17" w="5263" /><ent r="7" t="17" w="5263" /></phr><phr n="Resources"><ent r="7" t="17" w="5252" /></phr></stem><stem n="name"><phr n="Names"><ent r="65" t="0" w="72" /><ent r="65" t="0" w="72" /><ent r="4" t="1" w="241" /><ent r="4" t="1" w="241" /><ent r="1000" t="17" w="4" /><ent r="1000" t="17" w="4" /><ent r="100" t="17" w="8" /><ent r="100" t="17" w="8" /><ent r="102" t="17" w="14" /><ent r="102" t="17" w="14" /></phr><phr n="naming"><ent r="92" t="2" w="446" /><ent r="92" t="2" w="446" /></phr><phr n="name"><ent r="3" t="2" w="451" /><ent r="3" t="2" w="451" /><ent r="7" t="3" w="155" /><ent r="7" t="3" w="155" /><ent r="6" t="7" w="147" /><ent r="6" t="7" w="147" /><ent r="3" t="17" w="19" /><ent r="3" t="17" w="19" /><ent r="8" t="17" w="1236" /><ent r="8" t="17" w="1236" /><ent r="8" t="17" w="1341" /><ent r="8" t="17" w="1341" /><ent r="8" t="17" w="1509" /><ent r="8" t="17" w="1509" /><ent r="7" t="17" w="1672" /><ent r="7" t="17" w="1672" /><ent r="7" t="17" w="1941" /><ent r="7" t="17" w="1941" /><ent r="7" t="17" w="2109" /><ent r="7" t="17" w="2109" /><ent r="7" t="17" w="2284" /><ent r="7" t="17" w="2284" /><ent r="7" t="17" w="2615" /><ent r="7" t="17" w="2615" /><ent r="7" t="17" w="2720" /><ent r="7" t="17" w="2720" /><ent r="7" t="17" w="2895" /><ent r="7" t="17" w="2895" /><ent r="7" t="17" w="3226" /><ent r="7" t="17" w="3226" /><ent r="7" t="17" w="3331" /><ent r="7" t="17" w="3331" /><ent r="3" t="27" w="98" /><ent r="3" t="27" w="98" /><ent r="3" t="27" w="107" /><ent r="3" t="27" w="107" /><ent r="3" t="27" w="130" /><ent r="3" t="27" w="130" /><ent r="3" t="27" w="137" /><ent r="3" t="27" w="137" /><ent r="3" t="27" w="142" /><ent r="3" t="27" w="145" /><ent r="3" t="27" w="154" /><ent r="3" t="27" w="163" /><ent r="3" t="27" w="163" /><ent r="3" t="27" w="167" /><ent r="3" t="27" w="167" /><ent r="3" t="27" w="191" /><ent r="3" t="27" w="191" /><ent r="3" t="27" w="199" /><ent r="3" t="27" w="199" /><ent r="92" t="27" w="568" /><ent r="92" t="27" w="568" /><ent r="3" t="27" w="581" /><ent r="3" t="27" w="581" /><ent r="3" t="27" w="598" /><ent r="3" t="27" w="598" /><ent r="3" t="27" w="627" /><ent r="3" t="27" w="627" /><ent r="3" t="27" w="652" /><ent r="3" t="27" w="652" /><ent r="3" t="27" w="696" /><ent r="3" t="27" w="696" /><ent r="3" t="27" w="700" /><ent r="3" t="27" w="700" /><ent r="3" t="27" w="768" /><ent r="3" t="28" w="43" /><ent r="92" t="28" w="71" /><ent r="92" t="28" w="71" /><ent r="3" t="28" w="92" /><ent r="3" t="28" w="92" /><ent r="3" t="28" w="97" /><ent r="3" t="28" w="97" /><ent r="3" t="28" w="435" /><ent r="3" t="28" w="435" /><ent r="3" t="29" w="53" /><ent r="3" t="29" w="53" /><ent r="3" t="29" w="61" /><ent r="3" t="29" w="61" /><ent r="3" t="31" w="243" /><ent r="3" t="31" w="243" /><ent r="3" t="31" w="325" /><ent r="3" t="31" w="372" /><ent r="3" t="31" w="372" /><ent r="3" t="31" w="376" /><ent r="3" t="31" w="378" /><ent r="3" t="31" w="378" /><ent r="3" t="31" w="467" /><ent r="3" t="31" w="467" /><ent r="3" t="35" w="391" /><ent r="3" t="35" w="391" /><ent r="3" t="35" w="425" /><ent r="3" t="35" w="425" /><ent r="3" t="39" w="335" /><ent r="3" t="39" w="335" /><ent r="3" t="39" w="339" /><ent r="3" t="39" w="339" /><ent r="3" t="40" w="97" /><ent r="3" t="40" w="97" /><ent r="4" t="42" w="86" /><ent r="4" t="42" w="86" /><ent r="3" t="49" w="149" /><ent r="3" t="49" w="149" /><ent r="65" t="51" w="68" /><ent r="65" t="51" w="68" /><ent r="1000" t="52" w="4" /><ent r="1000" t="52" w="4" /><ent r="102" t="52" w="9" /><ent r="102" t="52" w="9" /><ent r="3" t="52" w="15" /><ent r="3" t="52" w="15" /><ent r="3" t="52" w="25" /><ent r="4" t="52" w="90" /><ent r="4" t="52" w="90" /><ent r="4" t="52" w="101" /><ent r="3" t="52" w="113" /><ent r="3" t="52" w="113" /><ent r="3" t="52" w="137" /><ent r="3" t="52" w="140" /><ent r="3" t="52" w="140" /><ent r="3" t="52" w="147" /><ent r="3" t="52" w="147" /><ent r="4" t="53" w="70" /><ent r="4" t="53" w="70" /><ent r="3" t="55" w="112" /><ent r="3" t="56" w="162" /><ent r="3" t="56" w="162" /><ent r="4" t="67" w="116" /><ent r="4" t="67" w="116" /><ent r="4" t="69" w="320" /><ent r="4" t="69" w="320" /><ent r="7" t="80" w="155" /><ent r="7" t="80" w="155" /></phr><phr n="names"><ent r="3" t="2" w="462" /><ent r="3" t="2" w="462" /><ent r="3" t="2" w="466" /><ent r="3" t="2" w="466" /><ent r="3" t="2" w="479" /><ent r="3" t="2" w="479" /><ent r="6" t="5" w="203" /><ent r="6" t="5" w="203" /><ent r="3" t="35" w="57" /><ent r="3" t="35" w="57" /><ent r="3" t="53" w="14" /><ent r="3" t="53" w="14" /><ent r="3" t="53" w="79" /><ent r="3" t="53" w="79" /><ent r="3" t="53" w="98" /><ent r="3" t="53" w="98" /><ent r="3" t="72" w="40" /><ent r="3" t="72" w="40" /></phr><phr n="Name"><ent r="6" t="17" w="72" /><ent r="6" t="17" w="72" /><ent r="8" t="17" w="1095" /><ent r="8" t="17" w="1107" /><ent r="8" t="17" w="1226" /><ent r="8" t="17" w="1331" /><ent r="8" t="17" w="1499" /><ent r="7" t="17" w="1662" /><ent r="7" t="17" w="1758" /><ent r="7" t="17" w="1770" /><ent r="7" t="17" w="1931" /><ent r="7" t="17" w="2099" /><ent r="7" t="17" w="2274" /><ent r="7" t="17" w="2433" /><ent r="7" t="17" w="2445" /><ent r="7" t="17" w="2605" /><ent r="7" t="17" w="2710" /><ent r="7" t="17" w="2885" /><ent r="7" t="17" w="3044" /><ent r="7" t="17" w="3056" /><ent r="7" t="17" w="3216" /><ent r="7" t="17" w="3321" /><ent r="3" t="48" w="163" /><ent r="6" t="53" w="207" /><ent r="6" t="53" w="207" /><ent r="3" t="68" w="27" /><ent r="3" t="68" w="27" /><ent r="7" t="81" w="138" /><ent r="7" t="81" w="138" /></phr><phr n="named"><ent r="3" t="40" w="15" /><ent r="3" t="40" w="15" /></phr><phr n="NAMES"><ent r="3" t="72" w="171" /><ent r="3" t="72" w="173" /><ent r="3" t="72" w="196" /></phr><phr n="NAME"><ent r="3" t="72" w="191" /><ent r="3" t="72" w="191" /></phr></stem><stem n="code"><phr n="code"><ent r="4" t="0" w="76" /><ent r="4" t="0" w="76" /><ent r="4" t="0" w="81" /><ent r="4" t="0" w="81" /><ent r="4" t="0" w="223" /><ent r="4" t="0" w="223" /><ent r="4" t="0" w="266" /><ent r="4" t="0" w="266" /><ent r="3" t="4" w="193" /><ent r="3" t="4" w="193" /><ent r="6" t="5" w="39" /><ent r="6" t="5" w="40" /><ent r="6" t="5" w="40" /><ent r="6" t="5" w="49" /><ent r="6" t="5" w="49" /><ent r="6" t="5" w="57" /><ent r="6" t="5" w="57" /><ent r="3" t="22" w="30" /><ent r="3" t="22" w="30" /><ent r="3" t="22" w="34" /><ent r="3" t="22" w="34" /><ent r="3" t="22" w="38" /><ent r="3" t="22" w="38" /><ent r="3" t="22" w="45" /><ent r="3" t="22" w="45" /><ent r="4" t="23" w="117" /><ent r="4" t="23" w="117" /><ent r="4" t="41" w="93" /><ent r="3" t="51" w="15" /><ent r="3" t="51" w="15" /><ent r="3" t="51" w="26" /><ent r="3" t="51" w="26" /><ent r="4" t="61" w="369" /><ent r="4" t="61" w="369" /><ent r="4" t="63" w="247" /><ent r="4" t="63" w="247" /><ent r="3" t="64" w="310" /><ent r="3" t="64" w="310" /><ent r="3" t="69" w="75" /><ent r="3" t="70" w="14" /><ent r="3" t="70" w="14" /></phr><phr n="Code"><ent r="4" t="0" w="86" /><ent r="4" t="0" w="86" /><ent r="4" t="0" w="212" /><ent r="4" t="0" w="212" /><ent r="4" t="0" w="228" /><ent r="4" t="0" w="228" /><ent r="65" t="0" w="262" /><ent r="65" t="0" w="262" /><ent r="7" t="3" w="459" /><ent r="7" t="3" w="459" /><ent r="8" t="17" w="1153" /><ent r="8" t="17" w="1381" /><ent r="7" t="17" w="1816" /><ent r="7" t="17" w="1981" /><ent r="7" t="17" w="2324" /><ent r="7" t="17" w="2491" /><ent r="7" t="17" w="3102" /><ent r="7" t="17" w="3371" /><ent r="5" t="19" w="146" /><ent r="5" t="19" w="146" /><ent r="5" t="19" w="171" /><ent r="5" t="19" w="171" /><ent r="5" t="20" w="109" /><ent r="5" t="20" w="109" /><ent r="5" t="20" w="134" /><ent r="5" t="20" w="134" /><ent r="5" t="21" w="76" /><ent r="5" t="21" w="76" /><ent r="5" t="21" w="101" /><ent r="5" t="21" w="101" /><ent r="5" t="22" w="52" /><ent r="5" t="22" w="52" /><ent r="5" t="22" w="64" /><ent r="5" t="22" w="64" /><ent r="3" t="25" w="428" /><ent r="3" t="25" w="428" /><ent r="1000" t="51" w="1" /><ent r="1000" t="51" w="1" /><ent r="102" t="51" w="5" /><ent r="102" t="51" w="5" /><ent r="4" t="67" w="83" /><ent r="4" t="67" w="83" /><ent r="4" t="68" w="122" /><ent r="4" t="68" w="122" /><ent r="4" t="69" w="97" /><ent r="4" t="69" w="97" /><ent r="1000" t="70" w="3" /><ent r="1000" t="70" w="3" /><ent r="102" t="70" w="8" /><ent r="102" t="70" w="8" /><ent r="4" t="70" w="20" /><ent r="4" t="70" w="20" /></phr><phr n="coded"><ent r="3" t="35" w="108" /><ent r="3" t="35" w="108" /><ent r="3" t="38" w="319" /><ent r="3" t="38" w="319" /></phr></stem><stem n="refer"><phr n="reference"><ent r="4" t="0" w="77" /><ent r="4" t="0" w="82" /><ent r="4" t="0" w="224" /><ent r="3" t="5" w="16" /><ent r="3" t="5" w="16" /><ent r="3" t="7" w="20" /><ent r="3" t="7" w="20" /><ent r="4" t="18" w="78" /><ent r="4" t="18" w="78" /><ent r="6" t="18" w="239" /><ent r="6" t="18" w="239" /><ent r="3" t="22" w="46" /><ent r="3" t="28" w="572" /><ent r="3" t="28" w="572" /><ent r="3" t="29" w="134" /><ent r="3" t="29" w="134" /><ent r="3" t="31" w="160" /><ent r="3" t="31" w="160" /><ent r="4" t="61" w="428" /><ent r="4" t="61" w="428" /><ent r="4" t="69" w="396" /><ent r="4" t="69" w="396" /><ent r="3" t="70" w="15" /><ent r="3" t="82" w="11" /><ent r="3" t="82" w="11" /></phr><phr n="Reference"><ent r="4" t="0" w="87" /><ent r="4" t="0" w="213" /><ent r="4" t="0" w="213" /><ent r="4" t="0" w="229" /><ent r="65" t="0" w="245" /><ent r="65" t="0" w="245" /><ent r="65" t="0" w="277" /><ent r="65" t="0" w="277" /><ent r="7" t="3" w="460" /><ent r="7" t="3" w="460" /><ent r="3" t="7" w="69" /><ent r="3" t="7" w="69" /><ent r="3" t="7" w="141" /><ent r="3" t="7" w="141" /><ent r="7" t="17" w="7009" /><ent r="7" t="17" w="7009" /><ent r="67" t="18" w="244" /><ent r="67" t="18" w="244" /><ent r="5" t="19" w="104" /><ent r="5" t="19" w="104" /><ent r="82" t="19" w="168" /><ent r="82" t="19" w="168" /><ent r="5" t="19" w="172" /><ent r="5" t="19" w="172" /><ent r="82" t="20" w="131" /><ent r="82" t="20" w="131" /><ent r="5" t="20" w="135" /><ent r="5" t="20" w="135" /><ent r="82" t="21" w="98" /><ent r="82" t="21" w="98" /><ent r="5" t="21" w="102" /><ent r="5" t="21" w="102" /><ent r="1000" t="22" w="1" /><ent r="1000" t="22" w="1" /><ent r="102" t="22" w="4" /><ent r="102" t="22" w="4" /><ent r="5" t="22" w="53" /><ent r="5" t="22" w="53" /><ent r="3" t="23" w="13" /><ent r="3" t="23" w="55" /><ent r="3" t="23" w="55" /><ent r="4" t="66" w="97" /><ent r="4" t="66" w="97" /><ent r="4" t="66" w="101" /><ent r="4" t="66" w="101" /><ent r="1000" t="70" w="4" /><ent r="1000" t="70" w="4" /><ent r="102" t="70" w="9" /><ent r="102" t="70" w="9" /><ent r="4" t="70" w="21" /><ent r="1000" t="82" w="1" /><ent r="1000" t="82" w="1" /><ent r="100" t="82" w="4" /><ent r="100" t="82" w="4" /><ent r="102" t="82" w="7" /><ent r="102" t="82" w="7" /></phr><phr n="References"><ent r="5" t="19" w="118" /><ent r="5" t="19" w="118" /><ent r="5" t="20" w="81" /><ent r="5" t="20" w="81" /></phr><phr n="refers"><ent r="3" t="24" w="272" /><ent r="3" t="24" w="272" /></phr><phr n="references"><ent r="3" t="30" w="70" /><ent r="3" t="30" w="70" /><ent r="4" t="62" w="57" /><ent r="4" t="62" w="57" /></phr><phr n="referred"><ent r="4" t="45" w="294" /><ent r="4" t="45" w="294" /></phr><phr n="REFER"><ent r="3" t="72" w="186" /><ent r="3" t="72" w="186" /></phr></stem><stem n="access"><phr n="access"><ent r="4" t="0" w="79" /><ent r="4" t="0" w="79" /><ent r="4" t="0" w="221" /><ent r="4" t="0" w="221" /><ent r="6" t="7" w="323" /><ent r="6" t="7" w="323" /><ent r="6" t="7" w="505" /><ent r="6" t="7" w="505" /><ent r="6" t="7" w="543" /><ent r="6" t="7" w="543" /><ent r="6" t="7" w="595" /><ent r="6" t="7" w="595" /><ent r="6" t="7" w="1406" /><ent r="6" t="7" w="1406" /><ent r="6" t="7" w="1441" /><ent r="6" t="7" w="1441" /><ent r="3" t="8" w="87" /><ent r="3" t="8" w="87" /><ent r="3" t="11" w="31" /><ent r="3" t="13" w="29" /><ent r="3" t="13" w="29" /><ent r="3" t="13" w="61" /><ent r="3" t="13" w="66" /><ent r="3" t="13" w="66" /><ent r="3" t="13" w="95" /><ent r="3" t="13" w="95" /><ent r="3" t="14" w="25" /><ent r="3" t="14" w="25" /><ent r="5" t="14" w="47" /><ent r="5" t="14" w="47" /><ent r="5" t="14" w="66" /><ent r="5" t="14" w="66" /><ent r="5" t="14" w="99" /><ent r="5" t="14" w="99" /><ent r="5" t="14" w="125" /><ent r="5" t="14" w="125" /><ent r="5" t="14" w="153" /><ent r="5" t="14" w="153" /><ent r="3" t="14" w="217" /><ent r="3" t="14" w="217" /><ent r="3" t="16" w="103" /><ent r="4" t="18" w="28" /><ent r="4" t="18" w="28" /><ent r="3" t="24" w="351" /><ent r="3" t="27" w="683" /><ent r="3" t="27" w="683" /><ent r="3" t="28" w="30" /><ent r="3" t="28" w="30" /><ent r="3" t="31" w="743" /><ent r="3" t="31" w="743" /><ent r="3" t="31" w="759" /><ent r="3" t="31" w="759" /><ent r="3" t="32" w="82" /><ent r="3" t="32" w="82" /><ent r="3" t="34" w="142" /><ent r="3" t="34" w="142" /><ent r="3" t="34" w="235" /><ent r="3" t="34" w="235" /><ent r="93" t="36" w="135" /><ent r="93" t="36" w="135" /><ent r="3" t="37" w="287" /><ent r="3" t="37" w="287" /><ent r="4" t="39" w="585" /><ent r="4" t="39" w="585" /><ent r="3" t="43" w="27" /><ent r="3" t="43" w="27" /><ent r="3" t="48" w="248" /><ent r="3" t="48" w="248" /><ent r="3" t="48" w="313" /><ent r="3" t="48" w="313" /><ent r="3" t="48" w="383" /><ent r="3" t="48" w="383" /><ent r="4" t="51" w="82" /><ent r="4" t="51" w="82" /><ent r="66" t="51" w="90" /><ent r="66" t="51" w="90" /><ent r="1000" t="60" w="4" /><ent r="1000" t="60" w="4" /><ent r="103" t="60" w="12" /><ent r="103" t="60" w="12" /><ent r="4" t="61" w="24" /><ent r="4" t="61" w="24" /><ent r="3" t="61" w="57" /><ent r="3" t="61" w="57" /><ent r="5" t="61" w="104" /><ent r="5" t="61" w="104" /><ent r="5" t="61" w="325" /><ent r="5" t="61" w="325" /><ent r="3" t="61" w="403" /><ent r="3" t="61" w="403" /><ent r="3" t="61" w="414" /><ent r="3" t="61" w="414" /><ent r="4" t="62" w="13" /><ent r="4" t="62" w="13" /><ent r="4" t="63" w="18" /><ent r="4" t="63" w="18" /><ent r="6" t="63" w="67" /><ent r="6" t="63" w="67" /><ent r="5" t="63" w="144" /><ent r="5" t="63" w="144" /><ent r="3" t="63" w="267" /><ent r="3" t="63" w="267" /><ent r="3" t="63" w="278" /><ent r="3" t="63" w="278" /><ent r="4" t="64" w="13" /><ent r="4" t="64" w="13" /><ent r="3" t="64" w="34" /><ent r="3" t="64" w="34" /><ent r="3" t="65" w="27" /><ent r="3" t="65" w="27" /><ent r="93" t="66" w="127" /><ent r="93" t="66" w="127" /><ent r="4" t="69" w="36" /><ent r="4" t="69" w="36" /><ent r="5" t="69" w="148" /><ent r="5" t="69" w="148" /><ent r="5" t="69" w="213" /><ent r="5" t="69" w="213" /><ent r="4" t="69" w="262" /><ent r="4" t="69" w="262" /><ent r="3" t="69" w="269" /><ent r="3" t="69" w="269" /><ent r="3" t="70" w="12" /><ent r="3" t="70" w="12" /><ent r="93" t="82" w="190" /><ent r="93" t="82" w="190" /></phr><phr n="accessed"><ent r="3" t="14" w="251" /><ent r="3" t="14" w="251" /><ent r="3" t="16" w="94" /><ent r="3" t="16" w="94" /><ent r="3" t="25" w="79" /><ent r="3" t="25" w="79" /><ent r="3" t="26" w="71" /><ent r="3" t="26" w="71" /><ent r="4" t="77" w="40" /><ent r="4" t="77" w="40" /></phr><phr n="accessible"><ent r="3" t="15" w="198" /><ent r="3" t="15" w="198" /><ent r="3" t="16" w="45" /><ent r="3" t="16" w="45" /><ent r="3" t="24" w="199" /><ent r="3" t="24" w="199" /><ent r="3" t="24" w="437" /><ent r="3" t="24" w="437" /><ent r="3" t="36" w="34" /><ent r="3" t="36" w="34" /><ent r="4" t="77" w="23" /><ent r="4" t="77" w="23" /></phr><phr n="Access"><ent r="8" t="17" w="1590" /><ent r="7" t="17" w="2188" /><ent r="7" t="17" w="2799" /><ent r="7" t="17" w="3564" /><ent r="7" t="17" w="3564" /><ent r="7" t="17" w="3633" /><ent r="7" t="17" w="3633" /><ent r="7" t="17" w="3647" /><ent r="7" t="17" w="3647" /><ent r="8" t="17" w="3871" /><ent r="8" t="17" w="3871" /><ent r="8" t="17" w="3911" /><ent r="8" t="17" w="3911" /><ent r="8" t="17" w="4084" /><ent r="8" t="17" w="4084" /><ent r="8" t="17" w="4124" /><ent r="8" t="17" w="4124" /><ent r="7" t="17" w="4254" /><ent r="7" t="17" w="4254" /><ent r="7" t="17" w="4294" /><ent r="7" t="17" w="4294" /><ent r="7" t="17" w="4525" /><ent r="7" t="17" w="4525" /><ent r="7" t="17" w="4565" /><ent r="7" t="17" w="4565" /><ent r="7" t="17" w="4668" /><ent r="7" t="17" w="4668" /><ent r="8" t="17" w="4737" /><ent r="8" t="17" w="4737" /><ent r="8" t="17" w="4751" /><ent r="8" t="17" w="4751" /><ent r="7" t="17" w="4987" /><ent r="7" t="17" w="4987" /></phr><phr n="accessing"><ent r="3" t="25" w="298" /><ent r="3" t="25" w="298" /><ent r="4" t="78" w="44" /><ent r="4" t="78" w="44" /></phr><phr n="accesses"><ent r="4" t="68" w="256" /></phr><phr n="Accessing"><ent r="1000" t="70" w="1" /><ent r="1000" t="70" w="1" /><ent r="102" t="70" w="6" /><ent r="102" t="70" w="6" /></phr></stem></index>