<?xml version="1.0" encoding="utf-8"?><index><stem n="load"><phr n="load"><ent r="3" t="2" w="323" /><ent r="3" t="2" w="323" /><ent r="3" t="2" w="350" /><ent r="3" t="2" w="350" /><ent r="4" t="38" w="104" /><ent r="4" t="38" w="104" /><ent r="3" t="38" w="270" /><ent r="3" t="38" w="270" /><ent r="3" t="38" w="356" /><ent r="3" t="38" w="356" /><ent r="3" t="38" w="421" /><ent r="3" t="38" w="421" /><ent r="3" t="38" w="536" /><ent r="3" t="38" w="536" /></phr><phr n="loads"><ent r="3" t="37" w="71" /><ent r="3" t="37" w="71" /><ent r="3" t="38" w="10" /><ent r="3" t="38" w="10" /><ent r="4" t="38" w="32" /><ent r="4" t="38" w="32" /><ent r="4" t="38" w="121" /><ent r="4" t="38" w="121" /><ent r="3" t="67" w="205" /><ent r="3" t="67" w="205" /><ent r="3" t="68" w="209" /><ent r="3" t="68" w="209" /><ent r="3" t="69" w="254" /><ent r="3" t="69" w="254" /></phr><phr n="loading"><ent r="3" t="37" w="312" /><ent r="3" t="37" w="312" /><ent r="3" t="38" w="15" /><ent r="3" t="38" w="15" /><ent r="4" t="38" w="133" /><ent r="3" t="38" w="186" /><ent r="3" t="38" w="186" /><ent r="3" t="38" w="291" /><ent r="3" t="38" w="291" /><ent r="3" t="38" w="325" /><ent r="3" t="38" w="325" /><ent r="3" t="38" w="426" /><ent r="3" t="38" w="426" /><ent r="3" t="62" w="128" /></phr><phr n="loaded"><ent r="4" t="38" w="143" /><ent r="4" t="38" w="143" /><ent r="3" t="38" w="404" /><ent r="3" t="38" w="404" /><ent r="3" t="38" w="456" /><ent r="3" t="38" w="456" /><ent r="3" t="38" w="475" /><ent r="3" t="38" w="475" /><ent r="3" t="38" w="507" /><ent r="3" t="38" w="507" /><ent r="3" t="38" w="514" /><ent r="3" t="38" w="514" /></phr><phr n="Loading"><ent r="92" t="38" w="183" /><ent r="92" t="38" w="183" /></phr></stem><stem n="those"><phr n="those"><ent r="3" t="2" w="324" /><ent r="3" t="2" w="324" /><ent r="3" t="29" w="109" /><ent r="3" t="29" w="109" /><ent r="3" t="31" w="48" /><ent r="3" t="31" w="48" /><ent r="3" t="34" w="376" /><ent r="3" t="34" w="376" /><ent r="3" t="35" w="214" /><ent r="3" t="35" w="214" /><ent r="3" t="35" w="509" /><ent r="3" t="35" w="509" /><ent r="3" t="39" w="396" /><ent r="3" t="39" w="396" /><ent r="3" t="39" w="599" /><ent r="3" t="39" w="599" /></phr></stem><stem n="dynam"><phr n="dynamically"><ent r="3" t="2" w="325" /><ent r="3" t="29" w="443" /><ent r="3" t="29" w="443" /><ent r="3" t="37" w="70" /><ent r="3" t="37" w="70" /><ent r="3" t="37" w="363" /><ent r="3" t="37" w="363" /><ent r="3" t="37" w="382" /><ent r="3" t="37" w="382" /><ent r="3" t="39" w="134" /><ent r="3" t="39" w="134" /></phr><phr n="dynamic"><ent r="3" t="3" w="964" /><ent r="3" t="3" w="964" /><ent r="3" t="24" w="364" /><ent r="3" t="29" w="180" /><ent r="3" t="29" w="180" /><ent r="3" t="40" w="27" /><ent r="3" t="40" w="27" /><ent r="64" t="66" w="138" /><ent r="64" t="66" w="138" /><ent r="1000" t="69" w="6" /><ent r="1000" t="69" w="6" /><ent r="102" t="69" w="14" /><ent r="102" t="69" w="14" /></phr></stem><stem n="neither"><phr n="neither"><ent r="3" t="2" w="330" /><ent r="3" t="2" w="330" /></phr></stem><stem n="nor"><phr n="nor"><ent r="3" t="2" w="338" /><ent r="3" t="2" w="338" /></phr></stem><stem n="on"><phr n="ons"><ent r="3" t="2" w="341" /><ent r="3" t="2" w="406" /><ent r="3" t="2" w="422" /><ent r="3" t="2" w="433" /><ent r="7" t="17" w="6563" /><ent r="7" t="17" w="6574" /><ent r="82" t="19" w="133" /><ent r="4" t="19" w="144" /><ent r="4" t="19" w="154" /><ent r="4" t="19" w="163" /><ent r="82" t="20" w="96" /><ent r="4" t="20" w="107" /><ent r="4" t="20" w="117" /><ent r="4" t="20" w="126" /><ent r="3" t="21" w="31" /><ent r="3" t="21" w="52" /><ent r="82" t="21" w="63" /><ent r="4" t="21" w="74" /><ent r="4" t="21" w="84" /><ent r="4" t="21" w="93" /><ent r="4" t="22" w="72" /><ent r="3" t="23" w="48" /></phr><phr n="one"><ent r="7" t="3" w="128" /><ent r="7" t="3" w="128" /><ent r="7" t="3" w="870" /><ent r="7" t="3" w="870" /><ent r="3" t="14" w="209" /><ent r="3" t="14" w="209" /><ent r="3" t="14" w="218" /><ent r="3" t="14" w="218" /><ent r="3" t="24" w="85" /><ent r="3" t="24" w="85" /><ent r="3" t="24" w="127" /><ent r="3" t="24" w="127" /><ent r="3" t="24" w="398" /><ent r="3" t="24" w="398" /><ent r="3" t="25" w="353" /><ent r="3" t="25" w="353" /><ent r="3" t="28" w="330" /><ent r="3" t="28" w="330" /><ent r="3" t="31" w="146" /><ent r="3" t="31" w="146" /><ent r="3" t="31" w="573" /><ent r="3" t="31" w="573" /><ent r="3" t="31" w="714" /><ent r="3" t="31" w="714" /><ent r="3" t="31" w="763" /><ent r="3" t="31" w="763" /><ent r="3" t="34" w="146" /><ent r="3" t="34" w="146" /><ent r="3" t="38" w="463" /><ent r="3" t="38" w="463" /><ent r="3" t="45" w="38" /><ent r="3" t="45" w="38" /><ent r="3" t="50" w="181" /><ent r="3" t="50" w="181" /><ent r="3" t="50" w="192" /><ent r="3" t="50" w="192" /><ent r="4" t="52" w="93" /><ent r="4" t="52" w="93" /><ent r="4" t="55" w="82" /><ent r="4" t="55" w="82" /><ent r="3" t="64" w="154" /><ent r="3" t="64" w="154" /><ent r="3" t="77" w="194" /><ent r="3" t="77" w="194" /><ent r="7" t="80" w="128" /><ent r="7" t="80" w="128" /><ent r="6" t="80" w="278" /><ent r="6" t="80" w="278" /><ent r="3" t="81" w="42" /><ent r="3" t="81" w="42" /></phr></stem><stem n="interfer"><phr n="interfere"><ent r="3" t="2" w="342" /><ent r="3" t="2" w="342" /></phr></stem><stem n="your"><phr n="yours"><ent r="3" t="2" w="344" /></phr></stem><stem n="plug-in"><phr n="plug-ins"><ent r="3" t="2" w="348" /><ent r="3" t="2" w="348" /><ent r="3" t="61" w="81" /><ent r="3" t="61" w="81" /><ent r="1000" t="62" w="3" /><ent r="1000" t="62" w="3" /><ent r="102" t="62" w="8" /><ent r="102" t="62" w="8" /><ent r="3" t="62" w="17" /><ent r="3" t="62" w="17" /></phr><phr n="plug-in"><ent r="3" t="37" w="63" /><ent r="3" t="37" w="63" /><ent r="3" t="60" w="43" /><ent r="3" t="60" w="43" /><ent r="65" t="60" w="54" /><ent r="65" t="60" w="54" /><ent r="4" t="61" w="196" /><ent r="4" t="61" w="196" /><ent r="3" t="61" w="410" /><ent r="3" t="61" w="410" /><ent r="64" t="61" w="502" /><ent r="64" t="61" w="502" /><ent r="3" t="63" w="45" /><ent r="3" t="63" w="45" /><ent r="4" t="63" w="161" /><ent r="4" t="63" w="161" /><ent r="4" t="63" w="217" /><ent r="4" t="63" w="217" /><ent r="3" t="63" w="274" /><ent r="3" t="63" w="274" /><ent r="64" t="63" w="301" /><ent r="64" t="63" w="301" /><ent r="64" t="64" w="360" /><ent r="64" t="64" w="360" /><ent r="3" t="65" w="302" /><ent r="64" t="65" w="598" /><ent r="64" t="65" w="598" /><ent r="3" t="69" w="80" /><ent r="3" t="69" w="80" /><ent r="4" t="69" w="392" /><ent r="4" t="69" w="392" /></phr><phr n="Plug-ins"><ent r="3" t="61" w="55" /><ent r="3" t="61" w="55" /><ent r="3" t="64" w="32" /><ent r="3" t="64" w="32" /><ent r="3" t="65" w="25" /><ent r="3" t="65" w="25" /></phr></stem><stem n="plug"><phr n="plug"><ent r="3" t="2" w="348" /><ent r="3" t="37" w="63" /><ent r="3" t="60" w="43" /><ent r="65" t="60" w="54" /><ent r="3" t="61" w="81" /><ent r="4" t="61" w="196" /><ent r="3" t="61" w="410" /><ent r="64" t="61" w="502" /><ent r="1000" t="62" w="3" /><ent r="102" t="62" w="8" /><ent r="3" t="62" w="17" /><ent r="3" t="63" w="45" /><ent r="4" t="63" w="161" /><ent r="4" t="63" w="217" /><ent r="3" t="63" w="274" /><ent r="64" t="63" w="301" /><ent r="64" t="64" w="360" /><ent r="3" t="65" w="302" /><ent r="64" t="65" w="598" /><ent r="3" t="69" w="80" /><ent r="4" t="69" w="392" /></phr><phr n="Plug"><ent r="3" t="61" w="55" /><ent r="3" t="64" w="32" /><ent r="3" t="65" w="25" /></phr></stem><stem n="in"><phr n="ins"><ent r="3" t="2" w="349" /><ent r="3" t="61" w="56" /><ent r="3" t="61" w="82" /><ent r="1000" t="62" w="4" /><ent r="102" t="62" w="9" /><ent r="3" t="62" w="18" /><ent r="3" t="64" w="33" /><ent r="3" t="65" w="26" /></phr></stem><stem n="promptli"><phr n="promptly"><ent r="3" t="2" w="351" /></phr></stem><stem n="cpu"><phr n="CPU"><ent r="92" t="2" w="353" /><ent r="92" t="2" w="353" /><ent r="3" t="2" w="363" /><ent r="3" t="2" w="363" /><ent r="3" t="2" w="382" /><ent r="3" t="2" w="382" /></phr></stem><stem n="time"><phr n="time"><ent r="92" t="2" w="354" /><ent r="92" t="2" w="354" /><ent r="3" t="2" w="364" /><ent r="3" t="2" w="364" /><ent r="3" t="2" w="383" /><ent r="3" t="2" w="383" /><ent r="7" t="3" w="419" /><ent r="7" t="3" w="419" /><ent r="3" t="4" w="96" /><ent r="3" t="4" w="96" /><ent r="3" t="24" w="21" /><ent r="3" t="24" w="21" /><ent r="3" t="24" w="357" /><ent r="3" t="24" w="357" /><ent r="3" t="29" w="246" /><ent r="3" t="29" w="246" /><ent r="3" t="38" w="466" /><ent r="3" t="38" w="466" /><ent r="3" t="38" w="492" /><ent r="3" t="39" w="119" /><ent r="3" t="45" w="51" /><ent r="3" t="49" w="216" /><ent r="3" t="67" w="207" /><ent r="3" t="67" w="207" /><ent r="3" t="68" w="211" /><ent r="3" t="68" w="211" /><ent r="3" t="69" w="256" /><ent r="3" t="69" w="256" /><ent r="6" t="73" w="34" /><ent r="6" t="73" w="34" /><ent r="6" t="73" w="42" /><ent r="6" t="73" w="42" /><ent r="6" t="73" w="109" /><ent r="6" t="73" w="109" /><ent r="6" t="73" w="117" /><ent r="6" t="73" w="117" /><ent r="6" t="73" w="134" /><ent r="6" t="73" w="134" /><ent r="6" t="73" w="206" /><ent r="6" t="73" w="206" /><ent r="6" t="73" w="214" /><ent r="6" t="73" w="214" /><ent r="6" t="73" w="292" /><ent r="6" t="73" w="292" /><ent r="6" t="73" w="308" /><ent r="6" t="73" w="308" /><ent r="4" t="78" w="35" /><ent r="4" t="78" w="35" /><ent r="7" t="80" w="436" /><ent r="7" t="80" w="436" /><ent r="4" t="82" w="175" /></phr><phr n="Time"><ent r="6" t="6" w="218" /><ent r="6" t="6" w="218" /><ent r="7" t="17" w="5516" /><ent r="7" t="17" w="5516" /><ent r="6" t="73" w="284" /><ent r="6" t="73" w="284" /><ent r="6" t="74" w="218" /><ent r="6" t="74" w="218" /></phr><phr n="times"><ent r="3" t="62" w="123" /><ent r="3" t="62" w="123" /></phr><phr n="Times"><ent r="6" t="73" w="286" /><ent r="6" t="73" w="286" /></phr></stem><stem n="limit"><phr n="limit"><ent r="3" t="2" w="362" /><ent r="3" t="2" w="362" /><ent r="3" t="4" w="321" /><ent r="3" t="4" w="321" /></phr><phr n="limited"><ent r="5" t="14" w="177" /><ent r="5" t="14" w="177" /><ent r="3" t="27" w="795" /><ent r="3" t="27" w="795" /><ent r="3" t="49" w="121" /><ent r="3" t="49" w="121" /></phr></stem><stem n="iplugin"><phr n="IPlugin"><ent r="3" t="2" w="366" /><ent r="3" t="2" w="366" /><ent r="3" t="37" w="66" /></phr></stem><stem n="event"><phr n="event"><ent r="3" t="2" w="371" /><ent r="3" t="2" w="371" /><ent r="3" t="35" w="580" /><ent r="3" t="35" w="580" /><ent r="3" t="38" w="284" /><ent r="3" t="38" w="284" /><ent r="3" t="38" w="298" /><ent r="3" t="38" w="298" /><ent r="3" t="38" w="366" /><ent r="3" t="38" w="366" /></phr><phr n="events"><ent r="3" t="2" w="419" /><ent r="6" t="5" w="82" /><ent r="6" t="7" w="275" /><ent r="6" t="7" w="284" /><ent r="6" t="7" w="293" /><ent r="6" t="7" w="780" /><ent r="6" t="7" w="788" /><ent r="6" t="7" w="796" /><ent r="6" t="7" w="804" /><ent r="3" t="38" w="525" /><ent r="3" t="38" w="525" /><ent r="4" t="46" w="152" /></phr><phr n="Event"><ent r="6" t="6" w="67" /><ent r="6" t="6" w="67" /><ent r="6" t="6" w="159" /><ent r="6" t="6" w="159" /><ent r="6" t="73" w="30" /><ent r="6" t="73" w="30" /><ent r="6" t="73" w="202" /><ent r="6" t="73" w="202" /><ent r="6" t="74" w="67" /><ent r="6" t="74" w="67" /><ent r="6" t="74" w="159" /><ent r="6" t="74" w="159" /></phr></stem><stem n="handler"><phr n="handlers"><ent r="3" t="2" w="372" /><ent r="3" t="2" w="372" /><ent r="3" t="2" w="414" /><ent r="3" t="2" w="414" /></phr><phr n="handler"><ent r="3" t="35" w="581" /><ent r="64" t="66" w="118" /><ent r="64" t="66" w="118" /><ent r="1000" t="67" w="6" /><ent r="1000" t="67" w="6" /><ent r="102" t="67" w="13" /><ent r="102" t="67" w="13" /></phr></stem><stem n="degrad"><phr n="degrade"><ent r="3" t="2" w="385" /><ent r="3" t="2" w="385" /></phr></stem><stem n="gener"><phr n="general"><ent r="3" t="2" w="389" /><ent r="3" t="2" w="389" /><ent r="3" t="45" w="144" /><ent r="3" t="66" w="89" /><ent r="3" t="66" w="89" /></phr><phr n="generate"><ent r="3" t="27" w="147" /><ent r="3" t="27" w="147" /><ent r="3" t="43" w="43" /><ent r="3" t="43" w="43" /></phr><phr n="generic"><ent r="3" t="28" w="220" /><ent r="3" t="28" w="220" /><ent r="3" t="28" w="242" /><ent r="3" t="28" w="242" /><ent r="3" t="31" w="97" /><ent r="3" t="31" w="97" /><ent r="3" t="33" w="33" /><ent r="3" t="33" w="33" /><ent r="3" t="34" w="38" /><ent r="3" t="34" w="38" /><ent r="3" t="34" w="412" /><ent r="3" t="34" w="412" /></phr><phr n="generated"><ent r="3" t="29" w="259" /><ent r="3" t="29" w="259" /></phr></stem><stem n="perform"><phr n="performance"><ent r="3" t="2" w="390" /><ent r="3" t="72" w="277" /></phr><phr n="perform"><ent r="3" t="15" w="101" /><ent r="3" t="15" w="101" /><ent r="3" t="24" w="36" /><ent r="3" t="24" w="36" /><ent r="3" t="27" w="390" /><ent r="3" t="27" w="390" /><ent r="3" t="29" w="142" /><ent r="3" t="29" w="142" /><ent r="3" t="36" w="91" /><ent r="3" t="36" w="91" /><ent r="3" t="40" w="36" /><ent r="3" t="40" w="36" /><ent r="3" t="45" w="355" /><ent r="3" t="45" w="355" /><ent r="3" t="61" w="251" /><ent r="3" t="61" w="251" /><ent r="3" t="67" w="27" /><ent r="3" t="67" w="27" /><ent r="4" t="67" w="129" /><ent r="4" t="67" w="129" /></phr><phr n="performed"><ent r="3" t="45" w="30" /><ent r="3" t="45" w="30" /></phr></stem><stem n="instead"><phr n="Instead"><ent r="3" t="2" w="391" /><ent r="3" t="27" w="472" /><ent r="3" t="27" w="472" /><ent r="3" t="56" w="87" /><ent r="3" t="56" w="87" /></phr><phr n="instead"><ent r="3" t="28" w="436" /><ent r="3" t="28" w="436" /></phr></stem><stem n="asynchron"><phr n="asynchronous"><ent r="3" t="2" w="393" /><ent r="3" t="2" w="393" /><ent r="3" t="38" w="289" /><ent r="3" t="38" w="289" /></phr><phr n="asynchronously"><ent r="4" t="38" w="90" /><ent r="4" t="38" w="90" /><ent r="4" t="38" w="148" /><ent r="4" t="38" w="148" /><ent r="3" t="38" w="386" /><ent r="3" t="38" w="407" /></phr></stem><stem n="pattern"><phr n="patterns"><ent r="3" t="2" w="394" /><ent r="3" t="2" w="394" /></phr><phr n="pattern"><ent r="3" t="28" w="563" /><ent r="3" t="28" w="563" /><ent r="3" t="31" w="260" /><ent r="3" t="31" w="260" /><ent r="3" t="38" w="189" /><ent r="3" t="38" w="189" /></phr></stem><stem n="defer"><phr n="defer"><ent r="3" t="2" w="396" /><ent r="3" t="2" w="396" /></phr></stem><stem n="anoth"><phr n="another"><ent r="3" t="2" w="399" /><ent r="3" t="2" w="399" /><ent r="4" t="77" w="108" /><ent r="4" t="77" w="108" /><ent r="4" t="78" w="64" /><ent r="4" t="78" w="64" /><ent r="4" t="78" w="79" /><ent r="4" t="78" w="79" /><ent r="4" t="78" w="114" /><ent r="4" t="78" w="114" /></phr><phr n="Another"><ent r="3" t="9" w="86" /><ent r="3" t="9" w="86" /><ent r="4" t="15" w="441" /><ent r="4" t="15" w="441" /><ent r="7" t="17" w="189" /><ent r="7" t="17" w="189" /><ent r="7" t="17" w="205" /><ent r="7" t="17" w="205" /><ent r="3" t="29" w="154" /><ent r="3" t="29" w="154" /><ent r="3" t="31" w="432" /><ent r="3" t="31" w="432" /><ent r="3" t="35" w="243" /><ent r="3" t="35" w="243" /></phr></stem><stem n="thread"><phr n="thread"><ent r="3" t="2" w="400" /><ent r="3" t="38" w="432" /><ent r="3" t="38" w="432" /><ent r="3" t="38" w="442" /><ent r="3" t="38" w="442" /><ent r="3" t="38" w="470" /><ent r="3" t="49" w="176" /><ent r="3" t="49" w="195" /></phr></stem><stem n="except"><phr n="Exception"><ent r="92" t="2" w="402" /><ent r="92" t="2" w="402" /></phr><phr n="exception"><ent r="3" t="2" w="410" /><ent r="3" t="2" w="410" /><ent r="5" t="14" w="102" /><ent r="5" t="14" w="102" /><ent r="3" t="31" w="705" /><ent r="3" t="31" w="705" /></phr><phr n="exceptions"><ent r="3" t="2" w="429" /><ent r="3" t="2" w="429" /><ent r="6" t="5" w="91" /><ent r="3" t="27" w="411" /></phr></stem><stem n="handl"><phr n="handling"><ent r="92" t="2" w="403" /><ent r="92" t="2" w="403" /><ent r="3" t="2" w="411" /></phr><phr n="handle"><ent r="4" t="23" w="120" /><ent r="4" t="23" w="120" /><ent r="3" t="39" w="549" /><ent r="3" t="39" w="549" /></phr><phr n="handled"><ent r="3" t="62" w="133" /><ent r="3" t="62" w="133" /></phr></stem><stem n="especi"><phr n="especially"><ent r="3" t="2" w="412" /><ent r="3" t="2" w="412" /><ent r="3" t="31" w="137" /><ent r="3" t="31" w="137" /></phr></stem><stem n="host"><phr n="hosted"><ent r="3" t="2" w="424" /><ent r="3" t="2" w="424" /></phr><phr n="host"><ent r="4" t="37" w="174" /><ent r="4" t="37" w="174" /><ent r="4" t="82" w="148" /><ent r="4" t="82" w="148" /></phr></stem><stem n="affect"><phr n="affect"><ent r="3" t="2" w="434" /><ent r="3" t="2" w="434" /></phr><phr n="affects"><ent r="4" t="23" w="79" /><ent r="4" t="23" w="79" /><ent r="4" t="23" w="89" /><ent r="4" t="23" w="89" /></phr></stem><stem n="normal"><phr n="normal"><ent r="3" t="2" w="435" /><ent r="3" t="2" w="435" /><ent r="8" t="3" w="499" /><ent r="8" t="3" w="499" /><ent r="3" t="27" w="537" /><ent r="3" t="27" w="537" /><ent r="8" t="80" w="503" /><ent r="8" t="80" w="503" /></phr></stem><stem n="behavior"><phr n="behavior"><ent r="3" t="2" w="439" /><ent r="3" t="2" w="439" /><ent r="4" t="19" w="126" /><ent r="4" t="19" w="126" /><ent r="3" t="20" w="32" /><ent r="3" t="20" w="32" /><ent r="4" t="20" w="89" /><ent r="4" t="20" w="89" /><ent r="3" t="23" w="29" /><ent r="3" t="23" w="29" /><ent r="4" t="25" w="411" /><ent r="3" t="25" w="442" /><ent r="3" t="36" w="188" /><ent r="64" t="36" w="207" /><ent r="64" t="36" w="207" /><ent r="3" t="37" w="118" /><ent r="3" t="37" w="118" /><ent r="3" t="37" w="250" /><ent r="3" t="37" w="250" /><ent r="1000" t="38" w="2" /><ent r="1000" t="38" w="2" /><ent r="102" t="38" w="5" /><ent r="102" t="38" w="5" /><ent r="3" t="38" w="180" /><ent r="3" t="39" w="576" /><ent r="3" t="39" w="576" /><ent r="3" t="40" w="140" /><ent r="4" t="41" w="124" /><ent r="4" t="41" w="124" /><ent r="3" t="42" w="33" /><ent r="3" t="45" w="123" /><ent r="64" t="45" w="388" /><ent r="64" t="45" w="388" /><ent r="1000" t="47" w="3" /><ent r="1000" t="47" w="3" /><ent r="102" t="47" w="7" /><ent r="102" t="47" w="7" /></phr><phr n="behavioral"><ent r="3" t="39" w="565" /><ent r="3" t="39" w="565" /></phr></stem><stem n="stabil"><phr n="stability"><ent r="3" t="2" w="441" /></phr></stem><stem n="compani"><phr n="company"><ent r="3" t="2" w="450" /><ent r="3" t="2" w="450" /><ent r="6" t="7" w="516" /><ent r="6" t="7" w="516" /><ent r="6" t="7" w="864" /><ent r="6" t="7" w="864" /><ent r="7" t="17" w="612" /><ent r="7" t="17" w="612" /><ent r="8" t="17" w="1092" /><ent r="8" t="17" w="1092" /><ent r="8" t="17" w="1445" /><ent r="8" t="17" w="1445" /><ent r="8" t="17" w="1458" /><ent r="8" t="17" w="1458" /><ent r="8" t="17" w="1472" /><ent r="8" t="17" w="1472" /><ent r="7" t="17" w="1755" /><ent r="7" t="17" w="1755" /><ent r="7" t="17" w="2045" /><ent r="7" t="17" w="2045" /><ent r="7" t="17" w="2058" /><ent r="7" t="17" w="2058" /><ent r="7" t="17" w="2072" /><ent r="7" t="17" w="2072" /><ent r="7" t="17" w="2430" /><ent r="7" t="17" w="2430" /><ent r="7" t="17" w="3041" /><ent r="7" t="17" w="3041" /><ent r="7" t="17" w="3435" /><ent r="7" t="17" w="3435" /><ent r="7" t="17" w="3448" /><ent r="7" t="17" w="3448" /><ent r="7" t="17" w="3462" /><ent r="7" t="17" w="3462" /><ent r="7" t="17" w="3798" /><ent r="5" t="17" w="4185" /><ent r="5" t="17" w="4185" /><ent r="7" t="17" w="4196" /><ent r="7" t="17" w="4196" /><ent r="7" t="17" w="4209" /><ent r="7" t="17" w="4223" /><ent r="7" t="17" w="4237" /><ent r="7" t="17" w="4249" /><ent r="7" t="17" w="4262" /><ent r="7" t="17" w="4275" /><ent r="7" t="17" w="4289" /><ent r="7" t="17" w="4303" /><ent r="7" t="17" w="4317" /><ent r="7" t="17" w="4331" /><ent r="7" t="17" w="4346" /><ent r="7" t="17" w="4358" /><ent r="7" t="17" w="4370" /><ent r="7" t="17" w="4382" /><ent r="8" t="17" w="4396" /><ent r="8" t="17" w="4411" /><ent r="7" t="17" w="4427" /><ent r="7" t="17" w="4441" /><ent r="7" t="17" w="4455" /><ent r="7" t="17" w="4467" /><ent r="7" t="17" w="4467" /><ent r="7" t="17" w="4480" /><ent r="7" t="17" w="4494" /><ent r="7" t="17" w="4508" /><ent r="7" t="17" w="4520" /><ent r="7" t="17" w="4533" /><ent r="7" t="17" w="4546" /><ent r="7" t="17" w="4560" /><ent r="7" t="17" w="4574" /><ent r="7" t="17" w="4588" /><ent r="7" t="17" w="4602" /><ent r="7" t="17" w="5657" /><ent r="7" t="17" w="5657" /><ent r="7" t="17" w="5669" /><ent r="7" t="17" w="5682" /><ent r="7" t="17" w="5695" /><ent r="7" t="17" w="5709" /><ent r="7" t="17" w="5722" /><ent r="7" t="17" w="5736" /><ent r="7" t="17" w="6002" /><ent r="7" t="17" w="6002" /><ent r="3" t="25" w="42" /><ent r="3" t="27" w="136" /><ent r="3" t="27" w="136" /><ent r="3" t="38" w="198" /><ent r="3" t="38" w="198" /><ent r="3" t="42" w="15" /><ent r="3" t="42" w="15" /><ent r="5" t="42" w="78" /><ent r="5" t="42" w="78" /><ent r="5" t="42" w="82" /><ent r="5" t="42" w="82" /><ent r="5" t="57" w="121" /></phr><phr n="companies"><ent r="6" t="7" w="408" /><ent r="6" t="7" w="418" /><ent r="6" t="7" w="426" /><ent r="6" t="7" w="434" /><ent r="6" t="7" w="442" /><ent r="6" t="7" w="452" /><ent r="6" t="7" w="482" /><ent r="6" t="7" w="482" /><ent r="6" t="7" w="573" /><ent r="6" t="7" w="573" /><ent r="6" t="7" w="1014" /><ent r="6" t="7" w="1014" /><ent r="8" t="17" w="1316" /><ent r="8" t="17" w="1316" /><ent r="8" t="17" w="1328" /><ent r="8" t="17" w="1340" /><ent r="8" t="17" w="1353" /><ent r="8" t="17" w="1365" /><ent r="8" t="17" w="1377" /><ent r="8" t="17" w="1390" /><ent r="8" t="17" w="1403" /><ent r="8" t="17" w="1416" /><ent r="7" t="17" w="1916" /><ent r="7" t="17" w="1916" /><ent r="7" t="17" w="1928" /><ent r="7" t="17" w="1940" /><ent r="7" t="17" w="1953" /><ent r="7" t="17" w="1965" /><ent r="7" t="17" w="1977" /><ent r="7" t="17" w="1990" /><ent r="7" t="17" w="2003" /><ent r="7" t="17" w="2016" /><ent r="7" t="17" w="2271" /><ent r="7" t="17" w="2283" /><ent r="7" t="17" w="2296" /><ent r="7" t="17" w="2308" /><ent r="7" t="17" w="2320" /><ent r="7" t="17" w="2333" /><ent r="7" t="17" w="2346" /><ent r="7" t="17" w="2359" /><ent r="7" t="17" w="3306" /><ent r="7" t="17" w="3306" /><ent r="7" t="17" w="3318" /><ent r="7" t="17" w="3330" /><ent r="7" t="17" w="3343" /><ent r="7" t="17" w="3355" /><ent r="7" t="17" w="3367" /><ent r="7" t="17" w="3380" /><ent r="7" t="17" w="3393" /><ent r="7" t="17" w="3406" /><ent r="3" t="25" w="59" /><ent r="3" t="29" w="271" /><ent r="3" t="29" w="400" /><ent r="3" t="29" w="400" /><ent r="1000" t="40" w="3" /><ent r="1000" t="40" w="3" /><ent r="102" t="40" w="8" /><ent r="102" t="40" w="8" /><ent r="1000" t="41" w="3" /><ent r="1000" t="41" w="3" /><ent r="102" t="41" w="8" /><ent r="102" t="41" w="8" /><ent r="4" t="41" w="87" /><ent r="4" t="41" w="87" /><ent r="4" t="41" w="114" /><ent r="3" t="43" w="20" /><ent r="3" t="72" w="107" /></phr><phr n="Companies"><ent r="6" t="7" w="415" /><ent r="6" t="7" w="423" /><ent r="6" t="7" w="431" /><ent r="6" t="7" w="439" /><ent r="6" t="7" w="449" /><ent r="6" t="7" w="459" /><ent r="6" t="7" w="486" /><ent r="6" t="7" w="521" /><ent r="6" t="7" w="706" /><ent r="7" t="17" w="850" /><ent r="7" t="17" w="850" /><ent r="8" t="17" w="1319" /><ent r="8" t="17" w="1319" /><ent r="7" t="17" w="1919" /><ent r="7" t="17" w="1919" /><ent r="7" t="17" w="2262" /><ent r="7" t="17" w="2262" /><ent r="7" t="17" w="3309" /><ent r="7" t="17" w="3309" /><ent r="7" t="17" w="4187" /><ent r="7" t="17" w="4187" /><ent r="7" t="17" w="4458" /><ent r="7" t="17" w="4458" /><ent r="8" t="17" w="4830" /><ent r="64" t="23" w="139" /><ent r="64" t="23" w="139" /><ent r="3" t="26" w="54" /><ent r="3" t="27" w="258" /><ent r="3" t="27" w="268" /><ent r="3" t="27" w="272" /><ent r="3" t="27" w="272" /><ent r="3" t="27" w="478" /><ent r="3" t="27" w="478" /><ent r="3" t="27" w="519" /><ent r="3" t="27" w="519" /><ent r="3" t="28" w="204" /><ent r="3" t="29" w="124" /><ent r="3" t="31" w="34" /><ent r="3" t="31" w="274" /><ent r="3" t="31" w="602" /><ent r="3" t="31" w="602" /><ent r="3" t="31" w="678" /><ent r="3" t="31" w="678" /><ent r="3" t="34" w="170" /><ent r="3" t="40" w="13" /><ent r="3" t="40" w="13" /><ent r="3" t="40" w="33" /><ent r="3" t="40" w="59" /><ent r="3" t="40" w="120" /><ent r="3" t="40" w="144" /><ent r="3" t="40" w="144" /><ent r="64" t="40" w="161" /><ent r="64" t="40" w="161" /><ent r="3" t="41" w="24" /><ent r="3" t="41" w="24" /><ent r="3" t="41" w="47" /><ent r="3" t="41" w="47" /><ent r="4" t="41" w="68" /><ent r="4" t="41" w="68" /><ent r="3" t="41" w="136" /><ent r="3" t="41" w="136" /><ent r="4" t="41" w="158" /><ent r="3" t="42" w="35" /><ent r="3" t="42" w="35" /><ent r="3" t="44" w="18" /><ent r="3" t="59" w="45" /></phr><phr n="Company"><ent r="6" t="16" w="194" /><ent r="6" t="16" w="194" /><ent r="7" t="17" w="614" /><ent r="7" t="17" w="614" /><ent r="8" t="17" w="1083" /><ent r="8" t="17" w="1422" /><ent r="7" t="17" w="1746" /><ent r="7" t="17" w="2022" /><ent r="7" t="17" w="2022" /><ent r="6" t="17" w="2240" /><ent r="6" t="17" w="2240" /><ent r="7" t="17" w="2421" /><ent r="7" t="17" w="2840" /><ent r="7" t="17" w="2840" /><ent r="7" t="17" w="3032" /><ent r="7" t="17" w="3412" /><ent r="7" t="17" w="3412" /><ent r="8" t="17" w="4000" /><ent r="6" t="17" w="4176" /><ent r="6" t="17" w="4176" /><ent r="7" t="17" w="4253" /><ent r="7" t="17" w="4253" /><ent r="7" t="17" w="4266" /><ent r="7" t="17" w="4266" /><ent r="7" t="17" w="4280" /><ent r="7" t="17" w="4280" /><ent r="7" t="17" w="4321" /><ent r="7" t="17" w="4321" /><ent r="7" t="17" w="4335" /><ent r="7" t="17" w="4335" /><ent r="7" t="17" w="4418" /><ent r="7" t="17" w="4418" /><ent r="7" t="17" w="4432" /><ent r="7" t="17" w="4524" /><ent r="7" t="17" w="4524" /><ent r="7" t="17" w="4537" /><ent r="7" t="17" w="4537" /><ent r="7" t="17" w="4551" /><ent r="7" t="17" w="4551" /><ent r="7" t="17" w="4592" /><ent r="7" t="17" w="4592" /><ent r="7" t="17" w="5659" /><ent r="7" t="17" w="5659" /><ent r="7" t="17" w="5672" /><ent r="7" t="17" w="5672" /><ent r="7" t="17" w="5685" /><ent r="7" t="17" w="5685" /><ent r="7" t="17" w="5699" /><ent r="7" t="17" w="5699" /><ent r="7" t="17" w="5712" /><ent r="7" t="17" w="5712" /><ent r="7" t="17" w="5726" /><ent r="7" t="17" w="5726" /><ent r="3" t="27" w="788" /><ent r="3" t="27" w="788" /><ent r="3" t="34" w="263" /><ent r="3" t="40" w="64" /><ent r="3" t="40" w="84" /><ent r="3" t="40" w="84" /><ent r="3" t="40" w="96" /><ent r="3" t="40" w="96" /><ent r="64" t="40" w="164" /><ent r="64" t="40" w="164" /><ent r="1000" t="42" w="1" /><ent r="1000" t="42" w="1" /><ent r="102" t="42" w="4" /><ent r="102" t="42" w="4" /><ent r="4" t="42" w="89" /><ent r="4" t="42" w="89" /><ent r="4" t="64" w="86" /><ent r="4" t="64" w="87" /><ent r="4" t="64" w="87" /></phr><phr n="Compani"><ent r="8" t="17" w="1306" /><ent r="7" t="17" w="1906" /><ent r="7" t="17" w="3296" /></phr><phr n="COMPANY"><ent r="3" t="72" w="172" /><ent r="3" t="72" w="172" /><ent r="3" t="72" w="207" /></phr><phr n="COMPANIES"><ent r="3" t="72" w="175" /><ent r="3" t="72" w="175" /><ent r="3" t="72" w="197" /></phr></stem></index>