<?xml version="1.0" encoding="utf-8"?><index><stem n="&lt;param"><phr n="&lt;param"><ent r="3" t="52" w="136" /><ent r="3" t="52" w="136" /><ent r="3" t="55" w="111" /><ent r="3" t="55" w="111" /></phr></stem><stem n="dbfieldnam"><phr n="dbFieldName"><ent r="3" t="52" w="138" /><ent r="3" t="52" w="165" /><ent r="5" t="52" w="211" /></phr></stem><stem n="&gt;real"><phr n="&gt;real"><ent r="3" t="52" w="139" /><ent r="3" t="52" w="139" /></phr></stem><stem n="field&lt;"><phr n="field&lt;"><ent r="3" t="52" w="143" /></phr></stem><stem n="param&gt;"><phr n="param&gt;"><ent r="3" t="52" w="144" /><ent r="3" t="52" w="144" /><ent r="3" t="55" w="125" /><ent r="3" t="55" w="125" /></phr></stem><stem n="&lt;returns&gt;t"><phr n="&lt;returns&gt;table"><ent r="3" t="52" w="146" /><ent r="3" t="52" w="146" /></phr></stem><stem n="otherwis"><phr n="otherwise"><ent r="3" t="52" w="155" /><ent r="3" t="52" w="155" /></phr></stem><stem n="string&lt;"><phr n="string&lt;"><ent r="3" t="52" w="158" /></phr></stem><stem n="returns&gt;"><phr n="returns&gt;"><ent r="3" t="52" w="159" /><ent r="3" t="52" w="159" /><ent r="3" t="53" w="103" /><ent r="3" t="53" w="103" /></phr></stem><stem n="gettablenam"><phr n="GetTableName"><ent r="3" t="52" w="163" /></phr></stem><stem n="actfm"><phr n="ACTFM"><ent r="4" t="52" w="169" /><ent r="4" t="52" w="169" /><ent r="4" t="52" w="173" /><ent r="4" t="52" w="195" /><ent r="4" t="53" w="112" /><ent r="4" t="53" w="112" /><ent r="4" t="53" w="116" /><ent r="4" t="53" w="138" /><ent r="4" t="53" w="151" /><ent r="4" t="54" w="99" /><ent r="4" t="54" w="99" /><ent r="4" t="54" w="103" /><ent r="4" t="54" w="125" /><ent r="4" t="54" w="131" /><ent r="4" t="55" w="135" /><ent r="4" t="55" w="135" /><ent r="4" t="55" w="139" /><ent r="4" t="55" w="161" /><ent r="4" t="55" w="167" /><ent r="4" t="56" w="118" /><ent r="4" t="56" w="118" /><ent r="4" t="56" w="122" /><ent r="4" t="56" w="144" /><ent r="4" t="56" w="185" /><ent r="4" t="56" w="185" /><ent r="4" t="56" w="189" /><ent r="4" t="56" w="211" /><ent r="5" t="57" w="92" /><ent r="5" t="57" w="92" /><ent r="5" t="57" w="96" /><ent r="5" t="57" w="118" /><ent r="4" t="58" w="74" /><ent r="4" t="58" w="74" /><ent r="4" t="58" w="78" /><ent r="4" t="58" w="100" /><ent r="5" t="59" w="93" /><ent r="5" t="59" w="93" /><ent r="5" t="59" w="97" /><ent r="5" t="59" w="119" /></phr></stem><stem n="win"><phr n="Win"><ent r="4" t="52" w="185" /><ent r="4" t="52" w="185" /><ent r="4" t="53" w="128" /><ent r="4" t="53" w="128" /><ent r="4" t="54" w="115" /><ent r="4" t="54" w="115" /><ent r="4" t="55" w="151" /><ent r="4" t="55" w="151" /><ent r="4" t="56" w="134" /><ent r="4" t="56" w="134" /><ent r="4" t="56" w="201" /><ent r="4" t="56" w="201" /><ent r="5" t="57" w="108" /><ent r="5" t="57" w="108" /><ent r="4" t="58" w="90" /><ent r="4" t="58" w="90" /><ent r="5" t="59" w="109" /><ent r="5" t="59" w="109" /></phr></stem><stem n="8"><phr n="8"><ent r="4" t="52" w="186" /><ent r="4" t="53" w="129" /><ent r="4" t="54" w="116" /><ent r="4" t="55" w="152" /><ent r="4" t="56" w="135" /><ent r="4" t="56" w="202" /><ent r="5" t="57" w="109" /><ent r="4" t="58" w="91" /><ent r="5" t="59" w="110" /><ent r="6" t="75" w="48" /><ent r="6" t="75" w="254" /></phr></stem><stem n="act8demo"><phr n="Act8Demo"><ent r="4" t="52" w="188" /><ent r="4" t="53" w="131" /><ent r="4" t="54" w="118" /><ent r="4" t="55" w="154" /><ent r="4" t="56" w="137" /><ent r="4" t="56" w="204" /><ent r="5" t="57" w="111" /><ent r="4" t="58" w="93" /><ent r="5" t="59" w="112" /></phr></stem><stem n="chri"><phr n="Chris"><ent r="4" t="52" w="190" /><ent r="4" t="52" w="190" /><ent r="4" t="53" w="133" /><ent r="4" t="53" w="133" /><ent r="4" t="54" w="120" /><ent r="4" t="54" w="120" /><ent r="4" t="55" w="156" /><ent r="4" t="55" w="156" /><ent r="4" t="56" w="139" /><ent r="4" t="56" w="139" /><ent r="4" t="56" w="206" /><ent r="4" t="56" w="206" /><ent r="5" t="57" w="113" /><ent r="5" t="57" w="113" /><ent r="4" t="58" w="95" /><ent r="4" t="58" w="95" /><ent r="5" t="59" w="114" /><ent r="5" t="59" w="114" /></phr></stem><stem n="huffman"><phr n="Huffman"><ent r="4" t="52" w="191" /><ent r="4" t="53" w="134" /><ent r="4" t="54" w="121" /><ent r="4" t="55" w="157" /><ent r="4" t="56" w="140" /><ent r="4" t="56" w="207" /><ent r="5" t="57" w="114" /><ent r="4" t="58" w="96" /><ent r="5" t="59" w="115" /></phr></stem><stem n="contactfielddescriptor"><phr n="ContactFieldDescriptor"><ent r="4" t="52" w="193" /><ent r="4" t="53" w="149" /><ent r="4" t="53" w="155" /><ent r="4" t="53" w="155" /></phr></stem><stem n="cfd"><phr n="cfd"><ent r="4" t="52" w="194" /><ent r="4" t="52" w="194" /><ent r="4" t="52" w="205" /><ent r="5" t="52" w="213" /><ent r="6" t="52" w="218" /><ent r="4" t="53" w="156" /><ent r="4" t="53" w="176" /><ent r="4" t="53" w="176" /><ent r="4" t="53" w="186" /><ent r="4" t="53" w="193" /></phr></stem><stem n="getcontactfielddescriptor"><phr n="GetContactFieldDescriptors"><ent r="4" t="52" w="197" /><ent r="4" t="53" w="153" /></phr></stem><stem n="length"><phr n="Length"><ent r="4" t="52" w="206" /><ent r="4" t="53" w="172" /></phr></stem><stem n="i++"><phr n="i++"><ent r="4" t="52" w="207" /><ent r="4" t="53" w="173" /><ent r="4" t="55" w="182" /><ent r="4" t="55" w="182" /></phr></stem><stem n="equal"><phr n="Equals"><ent r="5" t="52" w="212" /><ent r="5" t="55" w="193" /></phr><phr n="equal"><ent r="3" t="65" w="183" /><ent r="3" t="65" w="183" /></phr></stem><stem n="tablenam"><phr n="TableName"><ent r="6" t="52" w="220" /><ent r="4" t="53" w="187" /></phr></stem><stem n="tablebynam"><phr n="TableByName"><ent r="4" t="53" w="53" /><ent r="4" t="53" w="53" /><ent r="4" t="53" w="143" /></phr></stem><stem n="schemametadata"><phr n="SchemaMetadata"><ent r="4" t="53" w="56" /></phr><phr n="SchemaMetaData"><ent r="4" t="53" w="136" /><ent r="4" t="53" w="136" /><ent r="4" t="53" w="139" /></phr></stem><stem n="iscustom"><phr n="IsCustom"><ent r="4" t="53" w="65" /><ent r="4" t="53" w="65" /><ent r="6" t="53" w="203" /><ent r="6" t="53" w="203" /></phr></stem><stem n="true"><phr n="true"><ent r="4" t="53" w="66" /><ent r="3" t="61" w="318" /><ent r="3" t="63" w="205" /><ent r="6" t="75" w="32" /><ent r="6" t="75" w="32" /></phr></stem><stem n="&lt;returns&gt;arrai"><phr n="&lt;returns&gt;Array"><ent r="3" t="53" w="95" /><ent r="3" t="53" w="95" /></phr></stem><stem n="fields&lt;"><phr n="fields&lt;"><ent r="3" t="53" w="102" /></phr></stem><stem n="arraylist"><phr n="ArrayList"><ent r="3" t="53" w="107" /><ent r="3" t="53" w="107" /><ent r="4" t="53" w="144" /><ent r="4" t="53" w="144" /><ent r="4" t="53" w="147" /></phr></stem><stem n="getcontactcustomfield"><phr n="GetContactCustomFields"><ent r="3" t="53" w="108" /></phr></stem><stem n="smd"><phr n="smd"><ent r="4" t="53" w="137" /><ent r="4" t="53" w="137" /><ent r="4" t="53" w="142" /></phr></stem><stem n="readonlyhasht"><phr n="ReadOnlyHashtable"><ent r="4" t="53" w="140" /><ent r="4" t="53" w="140" /></phr></stem><stem n="tblbynam"><phr n="tblByName"><ent r="4" t="53" w="141" /><ent r="4" t="53" w="141" /><ent r="4" t="53" w="185" /></phr></stem><stem n="customfieldarrai"><phr n="customFieldArray"><ent r="4" t="53" w="145" /><ent r="4" t="53" w="145" /><ent r="6" t="53" w="204" /><ent r="3" t="53" w="212" /></phr></stem><stem n="cfdlist"><phr n="cfdList"><ent r="4" t="53" w="150" /><ent r="4" t="53" w="150" /><ent r="4" t="53" w="171" /><ent r="4" t="53" w="177" /></phr></stem><stem n="tcontact"><phr n="tContact"><ent r="4" t="53" w="159" /><ent r="4" t="53" w="159" /><ent r="4" t="53" w="180" /><ent r="4" t="53" w="180" /><ent r="4" t="53" w="191" /></phr></stem><stem n="col"><phr n="col"><ent r="4" t="53" w="163" /><ent r="4" t="53" w="189" /><ent r="4" t="53" w="189" /><ent r="4" t="53" w="197" /><ent r="4" t="53" w="197" /><ent r="6" t="53" w="202" /><ent r="6" t="53" w="206" /></phr></stem><stem n="metadata"><phr n="MetaData"><ent r="4" t="53" w="183" /></phr></stem><stem n="columnbydisplaynam"><phr n="ColumnByDisplayName"><ent r="4" t="53" w="192" /></phr></stem><stem n="displaynam"><phr n="DisplayName"><ent r="4" t="53" w="194" /></phr></stem><stem n="myrecord"><phr n="MyRecord"><ent r="3" t="54" w="18" /><ent r="3" t="54" w="18" /><ent r="4" t="54" w="33" /><ent r="4" t="54" w="33" /><ent r="4" t="54" w="47" /><ent r="4" t="54" w="62" /><ent r="4" t="54" w="62" /><ent r="3" t="54" w="88" /><ent r="3" t="54" w="88" /><ent r="3" t="55" w="18" /><ent r="3" t="55" w="18" /><ent r="4" t="55" w="33" /><ent r="4" t="55" w="47" /><ent r="3" t="55" w="106" /><ent r="3" t="55" w="106" /></phr></stem><stem n="void"><phr n="void"><ent r="3" t="54" w="94" /><ent r="3" t="54" w="94" /><ent r="3" t="55" w="128" /><ent r="3" t="55" w="128" /><ent r="3" t="58" w="55" /><ent r="3" t="58" w="55" /><ent r="4" t="59" w="74" /><ent r="4" t="59" w="74" /><ent r="3" t="61" w="468" /><ent r="3" t="61" w="468" /><ent r="4" t="64" w="173" /><ent r="4" t="64" w="173" /><ent r="4" t="64" w="198" /><ent r="4" t="64" w="198" /><ent r="4" t="64" w="330" /><ent r="4" t="64" w="330" /><ent r="4" t="65" w="83" /><ent r="4" t="65" w="83" /><ent r="4" t="65" w="441" /><ent r="4" t="65" w="441" /><ent r="4" t="65" w="473" /><ent r="4" t="65" w="473" /></phr></stem><stem n="insertsecondarycontact"><phr n="InsertSecondaryContact"><ent r="3" t="54" w="95" /></phr></stem><stem n="actcontact"><phr n="actContact"><ent r="4" t="54" w="124" /><ent r="4" t="54" w="124" /><ent r="4" t="54" w="135" /><ent r="4" t="54" w="135" /><ent r="4" t="55" w="160" /><ent r="4" t="55" w="160" /><ent r="4" t="55" w="171" /><ent r="4" t="55" w="171" /></phr></stem><stem n="getmyrecord"><phr n="GetMyRecord"><ent r="4" t="54" w="127" /><ent r="4" t="55" w="163" /></phr></stem><stem n="secondarycontactslist"><phr n="secondaryContactsList"><ent r="4" t="54" w="130" /><ent r="4" t="54" w="130" /><ent r="4" t="54" w="141" /><ent r="4" t="55" w="166" /><ent r="4" t="55" w="166" /><ent r="5" t="55" w="186" /><ent r="5" t="55" w="196" /></phr></stem><stem n="getsecondarycontact"><phr n="GetSecondaryContacts"><ent r="4" t="54" w="133" /><ent r="4" t="55" w="169" /></phr></stem><stem n="secondarycontact"><phr n="secondaryContact"><ent r="4" t="54" w="138" /><ent r="4" t="54" w="138" /><ent r="4" t="54" w="164" /><ent r="4" t="54" w="171" /><ent r="4" t="54" w="187" /><ent r="4" t="55" w="174" /><ent r="5" t="55" w="185" /><ent r="5" t="55" w="185" /><ent r="5" t="55" w="190" /><ent r="5" t="55" w="198" /><ent r="5" t="55" w="198" /></phr></stem><stem n="addnew"><phr n="AddNew"><ent r="4" t="54" w="142" /></phr></stem><stem n="john"><phr n="John"><ent r="4" t="54" w="146" /></phr></stem><stem n="smith"><phr n="Smith"><ent r="4" t="54" w="150" /></phr></stem><stem n="fullnam"><phr n="FullName"><ent r="4" t="54" w="165" /><ent r="4" t="54" w="165" /></phr></stem><stem n="fname"><phr n="fName"><ent r="4" t="54" w="166" /><ent r="4" t="54" w="166" /></phr></stem><stem n="lname"><phr n="lName"><ent r="4" t="54" w="169" /></phr></stem><stem n="secondarycontactid"><phr n="secondaryContactID"><ent r="3" t="55" w="113" /><ent r="3" t="55" w="131" /><ent r="3" t="55" w="131" /><ent r="5" t="55" w="194" /><ent r="5" t="55" w="194" /></phr></stem><stem n="&gt;id"><phr n="&gt;ID"><ent r="3" t="55" w="114" /><ent r="3" t="55" w="114" /></phr></stem><stem n="deletesecondarycontact"><phr n="DeleteSecondaryContact"><ent r="3" t="55" w="129" /></phr></stem><stem n="i&lt;secondarycontactslist"><phr n="i&lt;secondaryContactsList"><ent r="4" t="55" w="180" /></phr></stem><stem n="count"><phr n="Count"><ent r="4" t="55" w="181" /><ent r="4" t="64" w="112" /><ent r="3" t="64" w="196" /><ent r="3" t="64" w="246" /><ent r="3" t="64" w="246" /></phr><phr n="counted"><ent r="3" t="64" w="134" /></phr></stem><stem n="tostr"><phr n="ToString"><ent r="5" t="55" w="192" /></phr></stem><stem n="below"><phr n="below"><ent r="3" t="56" w="48" /></phr></stem><stem n="&lt;remarks&gt;"><phr n="&lt;remarks&gt;"><ent r="3" t="56" w="65" /><ent r="3" t="56" w="65" /></phr></stem><stem n="necessarili"><phr n="necessarily"><ent r="3" t="56" w="76" /><ent r="3" t="56" w="76" /></phr></stem><stem n="wish"><phr n="wish"><ent r="3" t="56" w="83" /><ent r="3" t="56" w="83" /></phr></stem><stem n="remarks&gt;"><phr n="remarks&gt;"><ent r="3" t="56" w="106" /><ent r="3" t="56" w="106" /></phr></stem><stem n="ie"><phr n="IE"><ent r="3" t="56" w="167" /><ent r="3" t="56" w="167" /></phr></stem><stem n="entityon"><phr n="entityOne"><ent r="3" t="56" w="179" /><ent r="4" t="56" w="214" /></phr></stem><stem n="entitytwo"><phr n="entityTwo"><ent r="3" t="56" w="181" /><ent r="4" t="56" w="215" /></phr></stem><stem n="assocaitionmanag"><phr n="AssocaitionManager"><ent r="4" t="57" w="34" /><ent r="4" t="57" w="34" /></phr></stem><stem n="createassoci"><phr n="CreateAssociation"><ent r="4" t="57" w="74" /><ent r="5" t="57" w="131" /></phr></stem><stem n="contacton"><phr n="contactOne"><ent r="4" t="57" w="76" /><ent r="5" t="57" w="132" /></phr></stem><stem n="contacttwo"><phr n="contactTwo"><ent r="4" t="57" w="78" /><ent r="5" t="57" w="133" /></phr></stem><stem n="assocait"><phr n="assocaition"><ent r="5" t="57" w="126" /><ent r="5" t="57" w="126" /><ent r="5" t="57" w="171" /></phr></stem><stem n="standardfield"><phr n="StandardField"><ent r="5" t="57" w="144" /><ent r="5" t="57" w="160" /><ent r="5" t="58" w="134" /><ent r="5" t="59" w="149" /></phr></stem><stem n="meand"><phr n="meand"><ent r="5" t="57" w="150" /><ent r="5" t="57" w="150" /></phr></stem><stem n="getfielddescriptor"><phr n="GetFieldDescriptor"><ent r="5" t="57" w="159" /><ent r="5" t="59" w="148" /><ent r="4" t="67" w="138" /><ent r="4" t="67" w="138" /></phr></stem><stem n="entity1rol"><phr n="Entity1Role"><ent r="5" t="57" w="161" /><ent r="5" t="58" w="135" /><ent r="5" t="59" w="150" /></phr></stem><stem n="assocaiton"><phr n="assocaiton"><ent r="5" t="57" w="180" /></phr></stem><stem n="demonstr"><phr n="demonstrates"><ent r="3" t="58" w="15" /><ent r="3" t="58" w="15" /><ent r="3" t="59" w="23" /><ent r="3" t="59" w="23" /><ent r="3" t="67" w="18" /><ent r="3" t="67" w="18" /><ent r="3" t="68" w="14" /><ent r="3" t="68" w="14" /><ent r="3" t="69" w="20" /><ent r="3" t="69" w="20" /></phr></stem><stem n="contact-contact"><phr n="Contact-Contact"><ent r="3" t="58" w="37" /><ent r="3" t="58" w="37" /></phr></stem><stem n="updateassociaton"><phr n="UpdateAssociatons"><ent r="3" t="58" w="56" /><ent r="4" t="59" w="75" /></phr></stem><stem n="newrol"><phr n="newRole"><ent r="3" t="58" w="60" /><ent r="5" t="58" w="136" /><ent r="4" t="59" w="79" /><ent r="6" t="59" w="174" /></phr></stem><stem n="retriv"><phr n="retrive"><ent r="4" t="58" w="68" /><ent r="4" t="58" w="68" /></phr></stem><stem n="getassoci"><phr n="GetAssociations"><ent r="4" t="58" w="118" /></phr></stem><stem n="foreach"><phr n="foreach"><ent r="4" t="58" w="121" /><ent r="4" t="58" w="121" /><ent r="5" t="59" w="161" /><ent r="5" t="59" w="161" /></phr></stem><stem n="associaton"><phr n="associaton"><ent r="5" t="58" w="130" /><ent r="4" t="59" w="67" /><ent r="4" t="59" w="67" /></phr></stem><stem n="rolefield"><phr n="roleField"><ent r="5" t="59" w="146" /><ent r="6" t="59" w="171" /></phr></stem><stem n="iupdateableent"><phr n="IUpdateableEntity"><ent r="6" t="59" w="176" /></phr></stem><stem n="suit"><phr n="suit"><ent r="3" t="60" w="28" /><ent r="3" t="60" w="28" /></phr><phr n="Suite"><ent r="3" t="72" w="159" /><ent r="3" t="72" w="159" /></phr></stem><stem n="uilayoutmanag"><phr n="UILayoutManager"><ent r="3" t="61" w="30" /><ent r="3" t="61" w="30" /><ent r="3" t="63" w="24" /><ent r="3" t="63" w="24" /><ent r="5" t="63" w="59" /><ent r="3" t="63" w="87" /><ent r="3" t="63" w="100" /></phr></stem><stem n="manipul"><phr n="manipulate"><ent r="3" t="61" w="40" /><ent r="3" t="61" w="40" /><ent r="3" t="64" w="48" /><ent r="3" t="64" w="48" /><ent r="3" t="65" w="11" /><ent r="3" t="65" w="11" /><ent r="3" t="65" w="57" /><ent r="3" t="65" w="57" /></phr><phr n="manipulated"><ent r="3" t="64" w="20" /><ent r="3" t="64" w="20" /></phr></stem><stem n="iwebnavbar"><phr n="IWebNavBar"><ent r="3" t="61" w="46" /><ent r="3" t="61" w="46" /></phr></stem><stem n="navbar"><phr n="NavBar"><ent r="3" t="61" w="63" /><ent r="3" t="61" w="63" /><ent r="3" t="61" w="121" /></phr></stem><stem n="actsessionmanag"><phr n="ACTSessionManager"><ent r="3" t="61" w="67" /><ent r="3" t="61" w="213" /><ent r="3" t="61" w="213" /><ent r="3" t="61" w="406" /><ent r="3" t="62" w="106" /><ent r="3" t="62" w="106" /><ent r="3" t="63" w="180" /><ent r="3" t="63" w="180" /><ent r="3" t="63" w="270" /><ent r="3" t="64" w="43" /><ent r="3" t="65" w="36" /></phr></stem><stem n="runtim"><phr n="runtime"><ent r="3" t="61" w="74" /><ent r="3" t="63" w="38" /><ent r="3" t="63" w="38" /></phr></stem><stem n="init"><phr n="Init"><ent r="3" t="61" w="83" /><ent r="4" t="61" w="94" /><ent r="4" t="62" w="82" /><ent r="3" t="62" w="136" /><ent r="3" t="63" w="47" /><ent r="5" t="63" w="56" /></phr></stem><stem n="addcustomnavbaritemprovid"><phr n="AddCustomNavBarItemProvider"><ent r="4" t="61" w="97" /><ent r="3" t="61" w="122" /></phr></stem><stem n="callback"><phr n="callback"><ent r="4" t="61" w="110" /><ent r="4" t="61" w="110" /><ent r="5" t="63" w="73" /><ent r="5" t="63" w="73" /></phr></stem><stem n="customnavbaritemprovid"><phr n="CustomNavBarItemProvider"><ent r="3" t="61" w="127" /></phr></stem><stem n="servecustomnavbaritem"><phr n="ServeCustomNavBarItem"><ent r="3" t="61" w="129" /><ent r="3" t="61" w="209" /><ent r="4" t="61" w="378" /><ent r="4" t="61" w="378" /></phr></stem><stem n="taburl"><phr n="tabURL"><ent r="4" t="61" w="169" /><ent r="4" t="63" w="128" /><ent r="3" t="63" w="187" /><ent r="3" t="63" w="194" /><ent r="3" t="63" w="194" /></phr></stem><stem n="apfw"><phr n="APFW"><ent r="4" t="61" w="182" /><ent r="4" t="61" w="182" /><ent r="4" t="61" w="203" /><ent r="4" t="61" w="203" /><ent r="3" t="61" w="422" /><ent r="3" t="61" w="422" /><ent r="3" t="62" w="25" /><ent r="4" t="63" w="168" /><ent r="4" t="63" w="168" /><ent r="4" t="63" w="253" /><ent r="4" t="63" w="253" /><ent r="3" t="64" w="302" /><ent r="3" t="64" w="302" /><ent r="3" t="69" w="163" /><ent r="3" t="69" w="163" /></phr></stem><stem n="apppath"><phr n="AppPath"><ent r="4" t="61" w="187" /><ent r="4" t="61" w="187" /><ent r="3" t="61" w="264" /><ent r="3" t="61" w="264" /><ent r="3" t="61" w="294" /><ent r="3" t="61" w="294" /><ent r="4" t="63" w="152" /><ent r="4" t="63" w="152" /><ent r="3" t="63" w="196" /><ent r="3" t="63" w="196" /></phr></stem><stem n="append"><phr n="append"><ent r="4" t="61" w="191" /><ent r="4" t="61" w="191" /><ent r="4" t="63" w="156" /><ent r="4" t="63" w="156" /></phr><phr n="appended"><ent r="3" t="64" w="251" /><ent r="3" t="64" w="251" /><ent r="3" t="65" w="425" /><ent r="3" t="65" w="425" /></phr></stem><stem n="rel"><phr n="relative"><ent r="4" t="61" w="199" /><ent r="4" t="61" w="199" /><ent r="4" t="63" w="164" /><ent r="4" t="63" w="164" /><ent r="3" t="64" w="299" /><ent r="3" t="64" w="299" /></phr></stem><stem n="bool"><phr n="bool"><ent r="3" t="61" w="207" /><ent r="3" t="61" w="207" /><ent r="3" t="63" w="174" /><ent r="3" t="63" w="174" /><ent r="4" t="64" w="179" /><ent r="4" t="64" w="179" /><ent r="4" t="64" w="210" /><ent r="4" t="64" w="210" /><ent r="4" t="65" w="209" /><ent r="4" t="65" w="209" /><ent r="4" t="65" w="386" /><ent r="4" t="65" w="386" /><ent r="5" t="65" w="536" /><ent r="5" t="65" w="536" /></phr></stem><stem n="cssclass"><phr n="cssclass"><ent r="3" t="61" w="223" /><ent r="3" t="61" w="275" /><ent r="3" t="61" w="275" /></phr></stem><stem n="imageurl"><phr n="imageUrl"><ent r="3" t="61" w="226" /><ent r="3" t="61" w="292" /><ent r="3" t="61" w="292" /></phr></stem><stem n="width"><phr n="width"><ent r="3" t="61" w="229" /><ent r="3" t="61" w="304" /><ent r="3" t="61" w="304" /></phr></stem><stem n="height"><phr n="height"><ent r="3" t="61" w="232" /><ent r="3" t="61" w="306" /><ent r="3" t="61" w="306" /></phr></stem><stem n="caption"><phr n="caption"><ent r="3" t="61" w="235" /><ent r="3" t="61" w="310" /><ent r="3" t="61" w="310" /><ent r="3" t="61" w="315" /><ent r="3" t="61" w="315" /><ent r="4" t="65" w="204" /><ent r="3" t="65" w="290" /><ent r="4" t="65" w="381" /></phr><phr n="Caption"><ent r="5" t="65" w="564" /><ent r="5" t="65" w="564" /></phr></stem><stem n="saveandnavig"><phr n="SaveAndNavigate"><ent r="3" t="61" w="261" /></phr></stem><stem n="sampleplugin"><phr n="SamplePlugin"><ent r="3" t="61" w="268" /><ent r="3" t="61" w="298" /><ent r="3" t="63" w="200" /><ent r="4" t="69" w="87" /><ent r="4" t="69" w="106" /></phr></stem><stem n="aspx"><phr n="aspx"><ent r="3" t="61" w="270" /><ent r="3" t="63" w="202" /></phr><phr n="ASPX"><ent r="4" t="61" w="365" /><ent r="4" t="61" w="365" /><ent r="4" t="63" w="229" /><ent r="4" t="63" w="229" /><ent r="4" t="69" w="189" /></phr></stem><stem n="css"><phr n="css"><ent r="3" t="61" w="272" /><ent r="3" t="61" w="272" /></phr></stem><stem n="gif"><phr n="gif"><ent r="3" t="61" w="300" /></phr></stem><stem n="dimens"><phr n="dimensions"><ent r="3" t="61" w="302" /><ent r="3" t="61" w="302" /></phr></stem><stem n="44"><phr n="44"><ent r="3" t="61" w="305" /></phr></stem><stem n="38"><phr n="38"><ent r="3" t="61" w="307" /><ent r="7" t="75" w="284" /><ent r="7" t="75" w="284" /></phr></stem><stem n="masterpag"><phr n="Masterpages"><ent r="4" t="61" w="330" /></phr><phr n="MasterPages"><ent r="3" t="61" w="483" /></phr></stem><stem n="dummi"><phr n="dummy"><ent r="4" t="61" w="335" /><ent r="4" t="61" w="335" /></phr><phr n="Dummy"><ent r="3" t="61" w="442" /></phr></stem><stem n="project"><phr n="project"><ent r="4" t="61" w="342" /><ent r="4" t="67" w="153" /><ent r="4" t="67" w="153" /><ent r="4" t="67" w="172" /><ent r="4" t="67" w="172" /><ent r="4" t="68" w="146" /><ent r="4" t="68" w="146" /><ent r="4" t="68" w="176" /><ent r="4" t="68" w="176" /></phr></stem><stem n="redirect"><phr n="redirect"><ent r="4" t="61" w="357" /><ent r="4" t="61" w="357" /></phr></stem><stem n="behind"><phr n="behind"><ent r="4" t="61" w="370" /><ent r="4" t="61" w="370" /><ent r="4" t="63" w="248" /><ent r="4" t="63" w="248" /></phr></stem><stem n="inherit"><phr n="inherit"><ent r="3" t="61" w="384" /><ent r="3" t="61" w="384" /><ent r="3" t="63" w="259" /><ent r="3" t="63" w="259" /></phr></stem><stem n="emailpag"><phr n="EmailPage"><ent r="3" t="61" w="394" /><ent r="3" t="61" w="394" /></phr></stem><stem n="capabl"><phr n="capabilities"><ent r="3" t="61" w="400" /></phr></stem><stem n="gain"><phr n="gain"><ent r="3" t="61" w="402" /><ent r="3" t="61" w="402" /><ent r="3" t="61" w="413" /><ent r="3" t="61" w="413" /><ent r="3" t="63" w="266" /><ent r="3" t="63" w="266" /><ent r="3" t="63" w="277" /><ent r="3" t="63" w="277" /></phr></stem><stem n="masterpagefil"><phr n="MasterPageFile"><ent r="3" t="61" w="441" /><ent r="3" t="61" w="481" /><ent r="3" t="61" w="481" /></phr></stem><stem n="onpreinit"><phr n="OnPreInit"><ent r="4" t="61" w="447" /><ent r="4" t="61" w="447" /><ent r="3" t="61" w="469" /><ent r="3" t="61" w="488" /></phr></stem><stem n="eventarg"><phr n="EventArgs"><ent r="3" t="61" w="470" /><ent r="3" t="61" w="470" /></phr></stem><stem n="affili"><phr n="affiliation"><ent r="3" t="61" w="478" /><ent r="3" t="61" w="478" /></phr><phr n="affiliated"><ent r="3" t="72" w="56" /><ent r="3" t="72" w="56" /></phr></stem><stem n="~"><phr n="~"><ent r="3" t="61" w="482" /></phr></stem><stem n="listviewmasterpag"><phr n="ListViewMasterPage"><ent r="3" t="61" w="484" /></phr></stem><stem n="resid"><phr n="reside"><ent r="3" t="62" w="22" /><ent r="3" t="62" w="22" /><ent r="4" t="63" w="214" /><ent r="4" t="63" w="214" /><ent r="3" t="77" w="203" /><ent r="3" t="77" w="203" /></phr><phr n="resides"><ent r="4" t="82" w="60" /><ent r="4" t="82" w="60" /><ent r="5" t="82" w="230" /><ent r="5" t="82" w="230" /></phr></stem><stem n="iwebplugin"><phr n="IWebPlugin"><ent r="3" t="62" w="38" /><ent r="3" t="62" w="38" /><ent r="4" t="62" w="77" /><ent r="4" t="62" w="77" /><ent r="3" t="62" w="118" /><ent r="3" t="62" w="118" /><ent r="4" t="69" w="404" /></phr></stem><stem n="successfulli"><phr n="successfully"><ent r="3" t="62" w="96" /><ent r="3" t="62" w="96" /></phr></stem><stem n="addcustomtabprovid"><phr n="AddCustomTabProvider"><ent r="5" t="63" w="60" /><ent r="3" t="63" w="88" /></phr></stem><stem n="layouttyp"><phr n="LayoutType"><ent r="3" t="63" w="93" /></phr></stem><stem n="customtabprovid"><phr n="CustomTabProvider"><ent r="3" t="63" w="101" /><ent r="4" t="63" w="237" /><ent r="4" t="63" w="237" /></phr></stem><stem n="servecustomtab"><phr n="ServeCustomTab"><ent r="3" t="63" w="103" /><ent r="3" t="63" w="176" /></phr></stem><stem n="tabnam"><phr n="tabName"><ent r="3" t="63" w="184" /><ent r="3" t="63" w="190" /></phr></stem><stem n="foo"><phr n="foo"><ent r="3" t="63" w="201" /></phr></stem><stem n="separ"><phr n="separate"><ent r="4" t="63" w="223" /><ent r="4" t="63" w="223" /></phr><phr n="separated"><ent r="3" t="65" w="263" /><ent r="3" t="65" w="263" /></phr></stem><stem n="iwebtoolbar"><phr n="IWebToolbar"><ent r="3" t="64" w="23" /><ent r="3" t="64" w="23" /><ent r="92" t="64" w="107" /><ent r="92" t="64" w="107" /></phr></stem><stem n="enum"><phr n="Enum"><ent r="92" t="64" w="55" /><ent r="92" t="64" w="55" /></phr></stem><stem n="toolbarview"><phr n="ToolbarView"><ent r="92" t="64" w="56" /><ent r="92" t="64" w="56" /><ent r="4" t="64" w="113" /><ent r="4" t="64" w="113" /><ent r="4" t="64" w="177" /><ent r="4" t="64" w="177" /><ent r="4" t="64" w="202" /><ent r="4" t="64" w="202" /><ent r="4" t="64" w="334" /><ent r="4" t="64" w="334" /></phr></stem><stem n="vcr"><phr n="VCR"><ent r="3" t="64" w="130" /><ent r="3" t="64" w="130" /><ent r="3" t="64" w="140" /><ent r="3" t="64" w="140" /></phr></stem><stem n="0th"><phr n="0th"><ent r="3" t="64" w="148" /><ent r="3" t="64" w="148" /></phr></stem><stem n="hardcod"><phr n="hardcoded"><ent r="3" t="64" w="171" /></phr></stem><stem n="enabletoolbaritem"><phr n="EnableToolbarItem"><ent r="4" t="64" w="174" /></phr></stem><stem n="disabl"><phr n="disables"><ent r="3" t="64" w="184" /><ent r="3" t="64" w="184" /></phr></stem><stem n="inserttoolbaritem"><phr n="InsertToolbarItem"><ent r="4" t="64" w="199" /></phr></stem><stem n="posit"><phr n="position"><ent r="3" t="64" w="236" /><ent r="3" t="64" w="236" /></phr></stem><stem n="filenam"><phr n="filename"><ent r="3" t="64" w="284" /><ent r="3" t="64" w="284" /><ent r="4" t="65" w="86" /></phr></stem><stem n="javascript"><phr n="javascript"><ent r="3" t="64" w="309" /><ent r="3" t="64" w="309" /><ent r="3" t="65" w="91" /><ent r="3" t="65" w="91" /><ent r="3" t="65" w="101" /><ent r="3" t="65" w="101" /><ent r="3" t="65" w="344" /><ent r="3" t="65" w="344" /></phr></stem><stem n="removetoolbaritem"><phr n="RemoveToolbarItem"><ent r="4" t="64" w="331" /></phr></stem><stem n="iwebmenu"><phr n="IWebMenu"><ent r="3" t="65" w="16" /><ent r="3" t="65" w="16" /><ent r="92" t="65" w="64" /><ent r="92" t="65" w="64" /></phr></stem><stem n="insur"><phr n="insure"><ent r="3" t="65" w="38" /><ent r="3" t="65" w="38" /></phr></stem><stem n="held"><phr n="held"><ent r="3" t="65" w="49" /><ent r="3" t="65" w="49" /></phr></stem><stem n="iwebmenuitemcollect"><phr n="IWebMenuItemCollection"><ent r="4" t="65" w="68" /><ent r="4" t="65" w="68" /><ent r="92" t="65" w="111" /><ent r="92" t="65" w="111" /><ent r="5" t="65" w="513" /><ent r="5" t="65" w="513" /></phr></stem></index>