<?xml version="1.0" encoding="utf-8"?><index><stem n="top"><phr n="top"><ent r="7" t="3" w="293" /><ent r="7" t="3" w="293" /><ent r="7" t="3" w="401" /><ent r="7" t="3" w="401" /><ent r="3" t="45" w="214" /><ent r="3" t="45" w="214" /><ent r="3" t="65" w="76" /><ent r="3" t="65" w="76" /><ent r="3" t="65" w="249" /><ent r="3" t="65" w="249" /><ent r="7" t="80" w="310" /><ent r="7" t="80" w="310" /><ent r="7" t="80" w="418" /><ent r="7" t="80" w="418" /></phr><phr n="Top"><ent r="4" t="39" w="461" /><ent r="4" t="39" w="461" /><ent r="3" t="39" w="491" /><ent r="3" t="39" w="491" /><ent r="3" t="65" w="316" /><ent r="3" t="65" w="316" /></phr></stem><stem n="word"><phr n="word"><ent r="7" t="3" w="299" /><ent r="7" t="3" w="299" /><ent r="7" t="3" w="319" /><ent r="7" t="3" w="319" /><ent r="7" t="3" w="333" /><ent r="7" t="3" w="333" /><ent r="6" t="3" w="356" /><ent r="6" t="3" w="356" /><ent r="7" t="3" w="407" /><ent r="7" t="3" w="407" /><ent r="6" t="3" w="576" /><ent r="6" t="3" w="576" /><ent r="7" t="3" w="620" /><ent r="7" t="3" w="620" /><ent r="8" t="3" w="634" /><ent r="8" t="3" w="634" /><ent r="4" t="15" w="537" /><ent r="4" t="15" w="634" /><ent r="4" t="15" w="634" /><ent r="4" t="15" w="674" /><ent r="4" t="15" w="714" /><ent r="6" t="16" w="166" /><ent r="6" t="16" w="173" /><ent r="6" t="73" w="164" /><ent r="4" t="77" w="162" /><ent r="4" t="78" w="168" /><ent r="3" t="78" w="199" /><ent r="7" t="79" w="124" /><ent r="7" t="79" w="124" /><ent r="7" t="79" w="144" /><ent r="7" t="79" w="144" /><ent r="7" t="79" w="149" /><ent r="7" t="79" w="149" /><ent r="7" t="79" w="168" /><ent r="7" t="79" w="168" /><ent r="7" t="79" w="175" /><ent r="7" t="79" w="175" /><ent r="7" t="80" w="316" /><ent r="7" t="80" w="316" /><ent r="7" t="80" w="336" /><ent r="7" t="80" w="336" /><ent r="7" t="80" w="350" /><ent r="7" t="80" w="350" /><ent r="6" t="80" w="373" /><ent r="6" t="80" w="373" /><ent r="7" t="80" w="424" /><ent r="7" t="80" w="424" /><ent r="6" t="80" w="580" /><ent r="6" t="80" w="580" /><ent r="7" t="80" w="624" /><ent r="7" t="80" w="624" /><ent r="8" t="80" w="638" /><ent r="8" t="80" w="638" /><ent r="7" t="81" w="72" /><ent r="7" t="81" w="72" /><ent r="7" t="81" w="80" /><ent r="7" t="81" w="80" /></phr><phr n="words"><ent r="9" t="3" w="486" /><ent r="9" t="3" w="486" /><ent r="7" t="3" w="544" /><ent r="7" t="3" w="544" /><ent r="7" t="79" w="102" /><ent r="7" t="79" w="102" /><ent r="9" t="80" w="490" /><ent r="9" t="80" w="490" /><ent r="7" t="80" w="548" /><ent r="7" t="80" w="548" /><ent r="3" t="81" w="26" /><ent r="3" t="81" w="26" /></phr><phr n="Word"><ent r="4" t="15" w="638" /><ent r="4" t="15" w="638" /></phr></stem><stem n="press"><phr n="press"><ent r="7" t="3" w="308" /><ent r="7" t="3" w="308" /><ent r="7" t="3" w="327" /><ent r="7" t="3" w="327" /><ent r="7" t="80" w="325" /><ent r="7" t="80" w="325" /><ent r="7" t="80" w="344" /><ent r="7" t="80" w="344" /></phr></stem><stem n="enter"><phr n="ENTER"><ent r="7" t="3" w="309" /><ent r="7" t="3" w="309" /><ent r="7" t="3" w="328" /><ent r="7" t="3" w="328" /><ent r="6" t="5" w="210" /><ent r="6" t="5" w="210" /><ent r="7" t="80" w="326" /><ent r="7" t="80" w="326" /><ent r="7" t="80" w="345" /><ent r="7" t="80" w="345" /></phr><phr n="entered"><ent r="8" t="3" w="506" /><ent r="8" t="3" w="506" /><ent r="6" t="5" w="132" /><ent r="6" t="5" w="132" /><ent r="6" t="73" w="353" /><ent r="6" t="73" w="353" /><ent r="8" t="80" w="510" /><ent r="8" t="80" w="510" /></phr></stem><stem n="everi"><phr n="every"><ent r="6" t="3" w="352" /><ent r="6" t="3" w="352" /><ent r="3" t="29" w="245" /><ent r="3" t="29" w="245" /><ent r="4" t="69" w="188" /><ent r="4" t="69" w="188" /><ent r="6" t="80" w="369" /><ent r="6" t="80" w="369" /></phr><phr n="Every"><ent r="3" t="4" w="300" /><ent r="3" t="4" w="300" /><ent r="3" t="72" w="215" /><ent r="3" t="72" w="215" /></phr></stem><stem n="occurr"><phr n="occurrence"><ent r="6" t="3" w="353" /><ent r="6" t="3" w="353" /><ent r="6" t="80" w="370" /><ent r="6" t="80" w="370" /></phr></stem><stem n="filter"><phr n="filters"><ent r="6" t="3" w="363" /><ent r="3" t="38" w="562" /><ent r="3" t="38" w="570" /><ent r="3" t="38" w="570" /><ent r="3" t="39" w="403" /><ent r="3" t="39" w="403" /><ent r="3" t="39" w="570" /><ent r="6" t="80" w="380" /></phr><phr n="Filter"><ent r="7" t="17" w="901" /><ent r="7" t="17" w="901" /><ent r="7" t="17" w="916" /><ent r="7" t="17" w="916" /></phr><phr n="filter"><ent r="7" t="17" w="913" /><ent r="3" t="39" w="181" /><ent r="3" t="39" w="181" /></phr><phr n="filtered"><ent r="3" t="24" w="206" /><ent r="3" t="24" w="206" /></phr><phr n="filtering"><ent r="3" t="37" w="152" /></phr><phr n="Filters"><ent r="3" t="39" w="533" /></phr></stem><stem n="narrow"><phr n="narrow"><ent r="6" t="3" w="366" /><ent r="6" t="3" w="366" /><ent r="3" t="3" w="670" /><ent r="3" t="3" w="670" /><ent r="6" t="80" w="383" /><ent r="6" t="80" w="383" /></phr></stem><stem n="first"><phr n="first"><ent r="7" t="3" w="418" /><ent r="7" t="3" w="418" /><ent r="3" t="50" w="104" /><ent r="3" t="50" w="104" /><ent r="3" t="64" w="153" /><ent r="3" t="64" w="153" /><ent r="4" t="77" w="36" /><ent r="4" t="77" w="36" /><ent r="7" t="79" w="130" /><ent r="7" t="79" w="130" /><ent r="7" t="80" w="435" /><ent r="7" t="80" w="435" /></phr><phr n="First"><ent r="8" t="17" w="1094" /><ent r="8" t="17" w="1094" /><ent r="7" t="17" w="1757" /><ent r="7" t="17" w="1757" /><ent r="7" t="17" w="2432" /><ent r="7" t="17" w="2432" /><ent r="7" t="17" w="3043" /><ent r="7" t="17" w="3043" /><ent r="5" t="57" w="135" /><ent r="5" t="57" w="135" /><ent r="5" t="57" w="166" /><ent r="5" t="57" w="166" /></phr></stem><stem n="complet"><phr n="complete"><ent r="7" t="3" w="432" /><ent r="7" t="3" w="432" /><ent r="3" t="66" w="13" /><ent r="3" t="66" w="13" /><ent r="7" t="80" w="450" /><ent r="7" t="80" w="450" /><ent r="3" t="82" w="14" /><ent r="3" t="82" w="14" /></phr><phr n="Complete"><ent r="7" t="17" w="169" /><ent r="7" t="17" w="169" /><ent r="7" t="17" w="201" /><ent r="7" t="17" w="201" /></phr><phr n="completely"><ent r="3" t="76" w="22" /><ent r="3" t="76" w="22" /></phr></stem><stem n="option"><phr n="Optional"><ent r="7" t="3" w="437" /><ent r="7" t="3" w="588" /><ent r="8" t="3" w="627" /><ent r="7" t="80" w="455" /><ent r="7" t="80" w="592" /><ent r="8" t="80" w="631" /></phr><phr n="options"><ent r="7" t="3" w="450" /><ent r="7" t="3" w="450" /><ent r="6" t="3" w="551" /><ent r="6" t="3" w="551" /><ent r="6" t="5" w="128" /><ent r="7" t="17" w="6559" /><ent r="7" t="17" w="6559" /><ent r="3" t="27" w="540" /><ent r="3" t="27" w="540" /><ent r="6" t="80" w="555" /><ent r="6" t="80" w="555" /></phr><phr n="option"><ent r="6" t="3" w="546" /><ent r="6" t="3" w="546" /><ent r="8" t="3" w="856" /><ent r="8" t="3" w="906" /><ent r="8" t="3" w="906" /><ent r="8" t="3" w="926" /><ent r="6" t="80" w="550" /><ent r="6" t="80" w="550" /></phr><phr n="optional"><ent r="3" t="27" w="354" /><ent r="3" t="27" w="354" /></phr></stem><stem n="refin"><phr n="refine"><ent r="7" t="3" w="439" /><ent r="7" t="3" w="439" /><ent r="7" t="80" w="457" /><ent r="7" t="80" w="457" /></phr></stem><stem n="clear"><phr n="clear"><ent r="7" t="3" w="444" /><ent r="7" t="3" w="444" /><ent r="3" t="31" w="642" /><ent r="3" t="31" w="642" /><ent r="7" t="80" w="462" /><ent r="7" t="80" w="462" /></phr><phr n="clearing"><ent r="6" t="7" w="154" /><ent r="6" t="7" w="154" /></phr></stem><stem n="check"><phr n="check"><ent r="7" t="3" w="447" /><ent r="7" t="3" w="447" /><ent r="8" t="3" w="511" /><ent r="8" t="3" w="511" /><ent r="3" t="28" w="119" /><ent r="3" t="28" w="119" /><ent r="3" t="35" w="404" /><ent r="3" t="35" w="404" /><ent r="7" t="80" w="465" /><ent r="7" t="80" w="465" /><ent r="8" t="80" w="515" /><ent r="8" t="80" w="515" /></phr><phr n="Check"><ent r="7" t="17" w="6070" /><ent r="7" t="17" w="6070" /><ent r="3" t="35" w="583" /><ent r="3" t="35" w="583" /></phr><phr n="Checking"><ent r="3" t="31" w="494" /></phr><phr n="Checked"><ent r="3" t="35" w="414" /><ent r="3" t="35" w="444" /><ent r="3" t="35" w="444" /></phr><phr n="checked"><ent r="4" t="45" w="334" /><ent r="4" t="45" w="334" /></phr></stem><stem n="box"><phr n="boxes"><ent r="7" t="3" w="448" /><ent r="7" t="80" w="466" /></phr><phr n="box"><ent r="8" t="3" w="512" /><ent r="8" t="3" w="851" /><ent r="8" t="3" w="902" /><ent r="8" t="3" w="921" /><ent r="3" t="35" w="405" /><ent r="3" t="35" w="405" /><ent r="3" t="35" w="421" /><ent r="3" t="35" w="421" /><ent r="8" t="80" w="516" /></phr></stem><stem n="avail"><phr n="available"><ent r="7" t="3" w="453" /><ent r="7" t="3" w="453" /><ent r="3" t="4" w="75" /><ent r="3" t="4" w="75" /><ent r="3" t="17" w="46" /><ent r="3" t="17" w="46" /><ent r="3" t="17" w="63" /><ent r="3" t="17" w="63" /><ent r="3" t="25" w="186" /><ent r="3" t="25" w="210" /><ent r="3" t="25" w="210" /><ent r="3" t="27" w="328" /><ent r="3" t="27" w="772" /><ent r="3" t="27" w="772" /><ent r="3" t="43" w="67" /><ent r="3" t="43" w="67" /><ent r="3" t="50" w="116" /><ent r="3" t="66" w="92" /><ent r="3" t="66" w="92" /><ent r="3" t="67" w="58" /><ent r="3" t="67" w="58" /><ent r="3" t="68" w="68" /><ent r="3" t="68" w="68" /><ent r="4" t="78" w="29" /><ent r="4" t="78" w="29" /></phr><phr n="availability"><ent r="3" t="4" w="339" /><ent r="3" t="4" w="339" /></phr></stem><stem n="previou"><phr n="previous"><ent r="9" t="3" w="465" /><ent r="9" t="3" w="465" /><ent r="8" t="3" w="477" /><ent r="8" t="3" w="477" /><ent r="8" t="17" w="1069" /><ent r="8" t="17" w="1069" /><ent r="7" t="17" w="1732" /><ent r="7" t="17" w="1732" /><ent r="7" t="17" w="2407" /><ent r="7" t="17" w="2407" /><ent r="7" t="17" w="3018" /><ent r="7" t="17" w="3018" /><ent r="3" t="25" w="284" /><ent r="3" t="25" w="284" /><ent r="3" t="50" w="441" /><ent r="3" t="50" w="441" /><ent r="4" t="61" w="457" /><ent r="4" t="61" w="457" /><ent r="9" t="80" w="469" /><ent r="9" t="80" w="469" /><ent r="8" t="80" w="481" /><ent r="8" t="80" w="481" /></phr><phr n="Previous"><ent r="7" t="17" w="969" /><ent r="7" t="17" w="969" /></phr></stem><stem n="result"><phr n="results"><ent r="9" t="3" w="466" /><ent r="9" t="3" w="466" /><ent r="8" t="3" w="501" /><ent r="3" t="3" w="676" /><ent r="4" t="45" w="116" /><ent r="4" t="45" w="116" /><ent r="9" t="80" w="470" /><ent r="9" t="80" w="470" /><ent r="8" t="80" w="505" /><ent r="3" t="81" w="57" /><ent r="3" t="81" w="57" /></phr><phr n="result"><ent r="3" t="40" w="80" /><ent r="3" t="40" w="80" /><ent r="3" t="65" w="282" /><ent r="3" t="65" w="282" /></phr><phr n="Results"><ent r="5" t="79" w="85" /><ent r="5" t="79" w="85" /><ent r="5" t="81" w="68" /><ent r="5" t="81" w="68" /></phr></stem><stem n="-"><phr n="-"><ent r="8" t="3" w="468" /><ent r="8" t="3" w="488" /><ent r="8" t="3" w="526" /><ent r="7" t="17" w="6148" /><ent r="4" t="19" w="106" /><ent r="4" t="19" w="120" /><ent r="4" t="19" w="138" /><ent r="4" t="19" w="149" /><ent r="4" t="19" w="159" /><ent r="4" t="19" w="174" /><ent r="4" t="19" w="186" /><ent r="4" t="20" w="83" /><ent r="4" t="20" w="101" /><ent r="4" t="20" w="112" /><ent r="4" t="20" w="122" /><ent r="4" t="20" w="137" /><ent r="4" t="20" w="149" /><ent r="4" t="21" w="68" /><ent r="4" t="21" w="79" /><ent r="4" t="21" w="89" /><ent r="4" t="21" w="104" /><ent r="4" t="21" w="116" /><ent r="4" t="22" w="55" /><ent r="4" t="22" w="67" /><ent r="4" t="22" w="77" /><ent r="3" t="24" w="11" /><ent r="3" t="24" w="47" /><ent r="3" t="24" w="57" /><ent r="3" t="24" w="96" /><ent r="3" t="24" w="109" /><ent r="3" t="24" w="133" /><ent r="4" t="24" w="149" /><ent r="3" t="24" w="185" /><ent r="1000" t="51" w="3" /><ent r="102" t="51" w="7" /><ent r="8" t="80" w="472" /><ent r="8" t="80" w="492" /><ent r="8" t="80" w="530" /></phr></stem><stem n="return"><phr n="returned"><ent r="8" t="3" w="474" /><ent r="8" t="3" w="474" /><ent r="3" t="26" w="149" /><ent r="3" t="26" w="149" /><ent r="3" t="26" w="163" /><ent r="3" t="26" w="163" /><ent r="3" t="26" w="197" /><ent r="3" t="26" w="197" /><ent r="3" t="27" w="399" /><ent r="3" t="27" w="399" /><ent r="3" t="28" w="110" /><ent r="3" t="28" w="110" /><ent r="3" t="31" w="159" /><ent r="3" t="31" w="159" /><ent r="3" t="34" w="121" /><ent r="3" t="34" w="121" /><ent r="3" t="34" w="406" /><ent r="3" t="34" w="406" /><ent r="3" t="50" w="110" /><ent r="3" t="50" w="110" /><ent r="3" t="56" w="102" /><ent r="3" t="56" w="102" /><ent r="3" t="65" w="144" /><ent r="3" t="65" w="195" /><ent r="4" t="65" w="534" /><ent r="8" t="80" w="478" /><ent r="8" t="80" w="478" /></phr><phr n="Returns"><ent r="8" t="3" w="488" /><ent r="8" t="3" w="488" /><ent r="3" t="64" w="116" /><ent r="3" t="64" w="116" /><ent r="3" t="65" w="72" /><ent r="3" t="65" w="72" /><ent r="3" t="65" w="121" /><ent r="3" t="65" w="121" /><ent r="3" t="65" w="161" /><ent r="3" t="65" w="161" /><ent r="3" t="65" w="222" /><ent r="3" t="65" w="222" /><ent r="4" t="65" w="517" /><ent r="4" t="65" w="517" /><ent r="4" t="65" w="567" /><ent r="4" t="65" w="567" /><ent r="4" t="65" w="580" /><ent r="4" t="65" w="580" /><ent r="8" t="80" w="492" /><ent r="8" t="80" w="492" /></phr><phr n="return"><ent r="8" t="3" w="516" /><ent r="8" t="3" w="516" /><ent r="3" t="4" w="108" /><ent r="3" t="4" w="108" /><ent r="3" t="26" w="226" /><ent r="3" t="26" w="226" /><ent r="3" t="29" w="73" /><ent r="3" t="29" w="73" /><ent r="3" t="31" w="90" /><ent r="3" t="31" w="90" /><ent r="3" t="31" w="300" /><ent r="3" t="31" w="300" /><ent r="3" t="34" w="29" /><ent r="3" t="34" w="29" /><ent r="3" t="34" w="67" /><ent r="3" t="34" w="67" /><ent r="3" t="34" w="96" /><ent r="3" t="34" w="96" /><ent r="3" t="34" w="109" /><ent r="3" t="34" w="109" /><ent r="3" t="34" w="227" /><ent r="3" t="34" w="227" /><ent r="3" t="34" w="428" /><ent r="3" t="34" w="428" /><ent r="4" t="52" w="98" /><ent r="4" t="52" w="98" /><ent r="4" t="52" w="106" /><ent r="4" t="52" w="106" /><ent r="3" t="52" w="156" /><ent r="3" t="52" w="156" /><ent r="6" t="52" w="217" /><ent r="6" t="52" w="217" /><ent r="4" t="52" w="223" /><ent r="4" t="52" w="223" /><ent r="3" t="53" w="211" /><ent r="3" t="53" w="211" /><ent r="4" t="56" w="150" /><ent r="4" t="56" w="150" /><ent r="4" t="56" w="217" /><ent r="4" t="56" w="217" /><ent r="4" t="61" w="138" /><ent r="4" t="61" w="138" /><ent r="3" t="61" w="317" /><ent r="3" t="61" w="317" /><ent r="4" t="63" w="110" /><ent r="4" t="63" w="110" /><ent r="3" t="63" w="204" /><ent r="3" t="63" w="204" /><ent r="8" t="80" w="520" /><ent r="8" t="80" w="520" /></phr><phr n="returns"><ent r="4" t="25" w="382" /><ent r="4" t="25" w="382" /><ent r="3" t="27" w="358" /><ent r="3" t="27" w="358" /><ent r="3" t="28" w="146" /><ent r="3" t="28" w="146" /><ent r="3" t="30" w="59" /><ent r="3" t="31" w="291" /><ent r="3" t="31" w="291" /><ent r="3" t="31" w="454" /><ent r="3" t="31" w="454" /><ent r="3" t="34" w="193" /><ent r="3" t="34" w="193" /></phr></stem><stem n="specifi"><phr n="specified"><ent r="8" t="3" w="481" /><ent r="8" t="3" w="481" /><ent r="8" t="3" w="535" /><ent r="8" t="3" w="535" /><ent r="3" t="34" w="79" /><ent r="3" t="34" w="79" /><ent r="4" t="38" w="66" /><ent r="4" t="38" w="66" /><ent r="3" t="39" w="238" /><ent r="3" t="39" w="238" /><ent r="4" t="61" w="375" /><ent r="4" t="61" w="375" /><ent r="4" t="63" w="234" /><ent r="4" t="63" w="234" /><ent r="3" t="64" w="220" /><ent r="3" t="64" w="220" /><ent r="3" t="64" w="224" /><ent r="3" t="64" w="224" /><ent r="3" t="64" w="343" /><ent r="3" t="64" w="343" /><ent r="3" t="64" w="347" /><ent r="3" t="64" w="347" /><ent r="3" t="65" w="90" /><ent r="3" t="65" w="90" /><ent r="3" t="65" w="127" /><ent r="3" t="65" w="127" /><ent r="3" t="65" w="167" /><ent r="3" t="65" w="167" /><ent r="3" t="65" w="395" /><ent r="3" t="65" w="395" /><ent r="3" t="65" w="452" /><ent r="3" t="65" w="452" /><ent r="3" t="65" w="484" /><ent r="3" t="65" w="484" /><ent r="3" t="67" w="31" /><ent r="3" t="67" w="31" /><ent r="3" t="79" w="63" /><ent r="8" t="80" w="485" /><ent r="8" t="80" w="485" /><ent r="8" t="80" w="539" /><ent r="8" t="80" w="539" /></phr><phr n="specify"><ent r="3" t="13" w="121" /><ent r="3" t="13" w="121" /><ent r="3" t="14" w="246" /><ent r="3" t="14" w="246" /><ent r="3" t="27" w="95" /><ent r="3" t="27" w="95" /><ent r="3" t="27" w="284" /><ent r="3" t="27" w="284" /><ent r="3" t="27" w="382" /><ent r="3" t="27" w="382" /><ent r="3" t="28" w="178" /><ent r="3" t="28" w="178" /><ent r="3" t="28" w="275" /><ent r="3" t="28" w="275" /><ent r="3" t="28" w="414" /><ent r="3" t="28" w="414" /><ent r="3" t="31" w="620" /><ent r="3" t="31" w="620" /><ent r="3" t="35" w="505" /><ent r="3" t="35" w="505" /><ent r="3" t="38" w="416" /><ent r="3" t="38" w="416" /><ent r="3" t="40" w="67" /><ent r="3" t="40" w="67" /><ent r="4" t="67" w="114" /><ent r="4" t="67" w="114" /></phr><phr n="specifying"><ent r="3" t="15" w="131" /><ent r="3" t="15" w="131" /><ent r="3" t="27" w="474" /><ent r="3" t="27" w="474" /><ent r="3" t="27" w="596" /><ent r="3" t="27" w="596" /></phr><phr n="Specifying"><ent r="92" t="31" w="531" /><ent r="92" t="31" w="531" /></phr><phr n="Specify"><ent r="4" t="67" w="122" /><ent r="4" t="67" w="122" /></phr></stem><stem n="criterion"><phr n="criterion"><ent r="8" t="3" w="482" /><ent r="8" t="3" w="536" /><ent r="8" t="80" w="486" /><ent r="8" t="80" w="540" /></phr></stem><stem n="match"><phr n="Match"><ent r="9" t="3" w="484" /><ent r="9" t="3" w="484" /><ent r="7" t="3" w="542" /><ent r="7" t="3" w="542" /><ent r="9" t="80" w="488" /><ent r="9" t="80" w="488" /><ent r="7" t="80" w="546" /><ent r="7" t="80" w="546" /></phr><phr n="matched"><ent r="6" t="3" w="564" /><ent r="6" t="80" w="568" /></phr><phr n="matches"><ent r="6" t="3" w="584" /><ent r="6" t="3" w="584" /><ent r="3" t="24" w="263" /><ent r="3" t="24" w="263" /><ent r="3" t="28" w="90" /><ent r="3" t="28" w="90" /><ent r="6" t="80" w="588" /><ent r="6" t="80" w="588" /></phr><phr n="match"><ent r="3" t="45" w="170" /><ent r="3" t="45" w="170" /></phr></stem><stem n="similar"><phr n="similar"><ent r="9" t="3" w="485" /><ent r="9" t="3" w="485" /><ent r="3" t="24" w="377" /><ent r="3" t="24" w="377" /><ent r="3" t="27" w="623" /><ent r="3" t="27" w="623" /><ent r="3" t="36" w="67" /><ent r="3" t="36" w="67" /><ent r="3" t="37" w="21" /><ent r="3" t="37" w="21" /><ent r="3" t="39" w="592" /><ent r="3" t="39" w="592" /><ent r="3" t="41" w="26" /><ent r="3" t="41" w="26" /><ent r="3" t="44" w="13" /><ent r="3" t="44" w="13" /><ent r="6" t="80" w="280" /><ent r="6" t="80" w="280" /><ent r="9" t="80" w="489" /><ent r="9" t="80" w="489" /></phr><phr n="Similar"><ent r="3" t="32" w="15" /><ent r="3" t="32" w="15" /></phr></stem><stem n="minor"><phr n="minor"><ent r="8" t="3" w="489" /><ent r="8" t="3" w="489" /><ent r="8" t="80" w="493" /><ent r="8" t="80" w="493" /></phr></stem><stem n="grammat"><phr n="grammatical"><ent r="8" t="3" w="490" /><ent r="8" t="3" w="490" /><ent r="8" t="80" w="494" /><ent r="8" t="80" w="494" /><ent r="7" t="81" w="100" /><ent r="7" t="81" w="100" /></phr></stem><stem n="variat"><phr n="variations"><ent r="8" t="3" w="491" /><ent r="8" t="3" w="491" /><ent r="6" t="3" w="560" /><ent r="6" t="3" w="560" /><ent r="8" t="80" w="495" /><ent r="8" t="80" w="495" /><ent r="6" t="80" w="564" /><ent r="6" t="80" w="564" /><ent r="7" t="81" w="101" /></phr><phr n="variation"><ent r="6" t="3" w="573" /><ent r="6" t="3" w="573" /><ent r="6" t="80" w="577" /><ent r="6" t="80" w="577" /></phr></stem><stem n="criteria"><phr n="criteria"><ent r="8" t="3" w="494" /><ent r="8" t="3" w="494" /><ent r="3" t="24" w="267" /><ent r="3" t="24" w="320" /><ent r="3" t="24" w="320" /><ent r="3" t="40" w="28" /><ent r="3" t="40" w="68" /><ent r="3" t="40" w="68" /><ent r="3" t="40" w="95" /><ent r="3" t="40" w="95" /><ent r="3" t="40" w="109" /><ent r="8" t="80" w="498" /><ent r="8" t="80" w="498" /></phr></stem><stem n="addit"><phr n="addition"><ent r="8" t="3" w="496" /><ent r="8" t="3" w="496" /><ent r="6" t="5" w="120" /><ent r="3" t="35" w="52" /><ent r="3" t="35" w="52" /><ent r="3" t="39" w="526" /><ent r="3" t="39" w="526" /><ent r="3" t="41" w="38" /><ent r="3" t="41" w="38" /><ent r="3" t="49" w="93" /><ent r="8" t="80" w="500" /><ent r="8" t="80" w="500" /></phr><phr n="additional"><ent r="3" t="25" w="291" /><ent r="3" t="25" w="291" /><ent r="3" t="52" w="45" /><ent r="3" t="52" w="45" /><ent r="3" t="52" w="129" /><ent r="3" t="52" w="129" /><ent r="5" t="54" w="180" /><ent r="5" t="54" w="180" /></phr></stem><stem n="would"><phr n="would"><ent r="8" t="3" w="515" /><ent r="8" t="3" w="515" /><ent r="6" t="18" w="164" /><ent r="6" t="18" w="164" /><ent r="6" t="18" w="203" /><ent r="6" t="18" w="203" /><ent r="6" t="18" w="233" /><ent r="6" t="18" w="233" /><ent r="3" t="20" w="23" /><ent r="3" t="20" w="23" /><ent r="3" t="26" w="218" /><ent r="3" t="26" w="218" /><ent r="3" t="26" w="225" /><ent r="3" t="26" w="225" /><ent r="3" t="27" w="126" /><ent r="3" t="27" w="126" /><ent r="3" t="27" w="387" /><ent r="3" t="27" w="387" /><ent r="3" t="27" w="688" /><ent r="3" t="27" w="688" /><ent r="3" t="29" w="117" /><ent r="3" t="29" w="117" /><ent r="3" t="29" w="130" /><ent r="3" t="29" w="130" /><ent r="3" t="29" w="477" /><ent r="3" t="29" w="477" /><ent r="3" t="31" w="473" /><ent r="3" t="31" w="473" /><ent r="3" t="35" w="103" /><ent r="3" t="35" w="103" /><ent r="3" t="35" w="571" /><ent r="3" t="35" w="571" /><ent r="3" t="40" w="81" /><ent r="3" t="40" w="81" /><ent r="3" t="40" w="88" /><ent r="3" t="40" w="88" /><ent r="3" t="45" w="27" /><ent r="3" t="45" w="27" /><ent r="8" t="80" w="519" /><ent r="8" t="80" w="519" /></phr></stem><stem n="both"><phr n="both"><ent r="8" t="3" w="517" /><ent r="8" t="3" w="517" /><ent r="3" t="16" w="122" /><ent r="3" t="16" w="122" /><ent r="3" t="40" w="56" /><ent r="3" t="40" w="56" /><ent r="4" t="41" w="65" /><ent r="4" t="41" w="65" /><ent r="3" t="49" w="32" /><ent r="3" t="49" w="32" /><ent r="7" t="79" w="100" /><ent r="7" t="79" w="100" /><ent r="7" t="79" w="127" /><ent r="8" t="80" w="521" /><ent r="8" t="80" w="521" /></phr><phr n="Both"><ent r="7" t="79" w="87" /><ent r="7" t="79" w="87" /><ent r="7" t="79" w="152" /><ent r="7" t="79" w="152" /></phr></stem><stem n="titl"><phr n="titles"><ent r="9" t="3" w="523" /><ent r="9" t="3" w="523" /><ent r="8" t="3" w="530" /><ent r="8" t="3" w="530" /><ent r="6" t="3" w="557" /><ent r="6" t="3" w="557" /><ent r="6" t="3" w="562" /><ent r="6" t="3" w="562" /><ent r="9" t="80" w="527" /><ent r="9" t="80" w="527" /><ent r="8" t="80" w="534" /><ent r="8" t="80" w="534" /><ent r="6" t="80" w="561" /><ent r="6" t="80" w="561" /><ent r="6" t="80" w="566" /><ent r="6" t="80" w="566" /></phr><phr n="title"><ent r="7" t="3" w="596" /><ent r="7" t="3" w="614" /><ent r="7" t="3" w="614" /><ent r="4" t="54" w="153" /><ent r="4" t="54" w="153" /><ent r="4" t="54" w="176" /><ent r="7" t="80" w="600" /><ent r="7" t="80" w="618" /><ent r="7" t="80" w="618" /></phr><phr n="Title"><ent r="8" t="3" w="605" /><ent r="8" t="3" w="605" /><ent r="4" t="54" w="174" /><ent r="8" t="80" w="609" /><ent r="8" t="80" w="609" /></phr></stem><stem n="indic"><phr n="Indicates"><ent r="8" t="3" w="526" /><ent r="8" t="3" w="526" /><ent r="6" t="5" w="37" /><ent r="6" t="5" w="37" /><ent r="6" t="5" w="65" /><ent r="6" t="5" w="65" /><ent r="6" t="5" w="147" /><ent r="6" t="5" w="147" /><ent r="6" t="5" w="189" /><ent r="6" t="5" w="189" /><ent r="6" t="5" w="201" /><ent r="6" t="5" w="201" /><ent r="6" t="5" w="214" /><ent r="6" t="5" w="214" /><ent r="6" t="5" w="223" /><ent r="6" t="5" w="223" /><ent r="8" t="80" w="530" /><ent r="8" t="80" w="530" /></phr><phr n="indicates"><ent r="6" t="5" w="107" /><ent r="6" t="5" w="107" /><ent r="6" t="5" w="121" /><ent r="6" t="5" w="121" /><ent r="6" t="5" w="177" /><ent r="6" t="5" w="177" /><ent r="3" t="17" w="42" /><ent r="3" t="17" w="42" /><ent r="3" t="17" w="58" /><ent r="3" t="17" w="58" /><ent r="4" t="39" w="46" /><ent r="4" t="39" w="46" /><ent r="4" t="48" w="54" /><ent r="4" t="48" w="54" /><ent r="4" t="48" w="72" /><ent r="4" t="48" w="72" /><ent r="4" t="48" w="84" /><ent r="4" t="48" w="84" /></phr><phr n="indicator"><ent r="3" t="9" w="55" /><ent r="3" t="9" w="55" /><ent r="4" t="15" w="412" /></phr><phr n="indicate"><ent r="3" t="29" w="197" /><ent r="3" t="29" w="197" /><ent r="3" t="31" w="368" /><ent r="3" t="31" w="368" /><ent r="3" t="31" w="469" /><ent r="3" t="31" w="469" /></phr><phr n="indicating"><ent r="3" t="31" w="706" /><ent r="3" t="31" w="706" /></phr><phr n="indicated"><ent r="3" t="69" w="72" /><ent r="3" t="69" w="72" /></phr></stem><stem n="relat"><phr n="related"><ent r="7" t="3" w="543" /><ent r="7" t="3" w="543" /><ent r="3" t="24" w="279" /><ent r="3" t="24" w="279" /><ent r="3" t="37" w="162" /><ent r="4" t="37" w="179" /><ent r="4" t="37" w="179" /><ent r="3" t="37" w="438" /><ent r="3" t="40" w="40" /><ent r="3" t="40" w="40" /><ent r="3" t="46" w="44" /><ent r="7" t="80" w="547" /><ent r="7" t="80" w="547" /><ent r="5" t="82" w="167" /><ent r="5" t="82" w="167" /></phr><phr n="Relate"><ent r="7" t="17" w="3509" /><ent r="7" t="17" w="3509" /></phr><phr n="relate"><ent r="7" t="17" w="3519" /><ent r="7" t="17" w="3519" /><ent r="3" t="56" w="86" /></phr><phr n="relational"><ent r="3" t="24" w="143" /><ent r="3" t="24" w="143" /></phr><phr n="Related"><ent r="92" t="36" w="200" /><ent r="92" t="36" w="200" /><ent r="92" t="40" w="156" /><ent r="92" t="40" w="156" /><ent r="92" t="45" w="379" /><ent r="92" t="45" w="379" /><ent r="92" t="49" w="230" /><ent r="92" t="49" w="230" /></phr></stem><stem n="independ"><phr n="independent"><ent r="6" t="3" w="548" /><ent r="6" t="3" w="548" /><ent r="3" t="38" w="307" /><ent r="3" t="38" w="307" /><ent r="3" t="39" w="239" /><ent r="3" t="39" w="239" /><ent r="4" t="78" w="121" /><ent r="4" t="78" w="121" /><ent r="6" t="80" w="552" /><ent r="6" t="80" w="552" /></phr></stem><stem n="syntax"><phr n="syntax"><ent r="6" t="3" w="553" /><ent r="6" t="80" w="557" /></phr></stem><stem n="queri"><phr n="query"><ent r="6" t="3" w="569" /><ent r="6" t="3" w="569" /><ent r="6" t="7" w="266" /><ent r="3" t="24" w="212" /><ent r="3" t="24" w="212" /><ent r="3" t="24" w="243" /><ent r="3" t="24" w="243" /><ent r="3" t="24" w="266" /><ent r="3" t="24" w="266" /><ent r="4" t="24" w="315" /><ent r="4" t="24" w="315" /><ent r="3" t="24" w="319" /><ent r="3" t="24" w="319" /><ent r="3" t="24" w="333" /><ent r="3" t="24" w="333" /><ent r="3" t="24" w="353" /><ent r="3" t="24" w="353" /><ent r="3" t="79" w="70" /><ent r="3" t="79" w="70" /><ent r="6" t="80" w="573" /><ent r="6" t="80" w="573" /></phr><phr n="queries"><ent r="6" t="7" w="1127" /><ent r="6" t="7" w="1136" /><ent r="4" t="15" w="569" /><ent r="4" t="15" w="569" /><ent r="4" t="15" w="736" /><ent r="4" t="15" w="736" /><ent r="3" t="24" w="168" /><ent r="3" t="24" w="168" /></phr><phr n="Queries"><ent r="4" t="15" w="563" /><ent r="4" t="15" w="563" /><ent r="4" t="15" w="566" /><ent r="4" t="15" w="566" /><ent r="5" t="15" w="730" /><ent r="5" t="15" w="730" /><ent r="4" t="15" w="733" /><ent r="4" t="15" w="733" /></phr><phr n="Query"><ent r="6" t="16" w="209" /><ent r="6" t="16" w="209" /><ent r="8" t="17" w="1280" /><ent r="8" t="17" w="1448" /><ent r="8" t="17" w="1602" /><ent r="7" t="17" w="1880" /><ent r="7" t="17" w="2048" /><ent r="7" t="17" w="2200" /><ent r="7" t="17" w="2555" /><ent r="7" t="17" w="2659" /><ent r="7" t="17" w="2811" /><ent r="7" t="17" w="3166" /><ent r="7" t="17" w="3270" /><ent r="7" t="17" w="3438" /><ent r="3" t="24" w="134" /><ent r="3" t="24" w="134" /></phr></stem></index>