<?xml version="1.0" encoding="utf-8"?><index><stem n="charact"><phr n="Character"><ent r="6" t="6" w="85" /><ent r="6" t="6" w="85" /><ent r="6" t="73" w="52" /><ent r="6" t="73" w="52" /><ent r="6" t="74" w="85" /><ent r="6" t="74" w="85" /></phr><phr n="characters"><ent r="6" t="73" w="55" /><ent r="6" t="73" w="55" /><ent r="6" t="73" w="148" /><ent r="6" t="73" w="153" /><ent r="6" t="73" w="176" /><ent r="6" t="73" w="199" /><ent r="6" t="73" w="326" /><ent r="6" t="73" w="350" /><ent r="3" t="79" w="183" /><ent r="3" t="79" w="183" /><ent r="3" t="81" w="45" /><ent r="3" t="81" w="45" /></phr><phr n="character"><ent r="6" t="73" w="370" /><ent r="6" t="75" w="94" /><ent r="6" t="75" w="299" /><ent r="6" t="75" w="299" /><ent r="7" t="81" w="127" /><ent r="7" t="81" w="127" /><ent r="7" t="81" w="153" /><ent r="7" t="81" w="153" /></phr></stem><stem n="nvarchar"><phr n="NVARCHAR"><ent r="6" t="6" w="87" /><ent r="6" t="6" w="87" /><ent r="6" t="6" w="124" /><ent r="6" t="6" w="124" /><ent r="6" t="6" w="132" /><ent r="6" t="6" w="132" /><ent r="6" t="6" w="146" /><ent r="6" t="6" w="146" /><ent r="6" t="6" w="184" /><ent r="6" t="6" w="184" /><ent r="6" t="6" w="236" /><ent r="6" t="6" w="236" /><ent r="6" t="6" w="244" /><ent r="6" t="6" w="244" /><ent r="6" t="74" w="87" /><ent r="6" t="74" w="87" /><ent r="6" t="74" w="124" /><ent r="6" t="74" w="124" /><ent r="6" t="74" w="132" /><ent r="6" t="74" w="132" /><ent r="6" t="74" w="146" /><ent r="6" t="74" w="146" /><ent r="6" t="74" w="184" /><ent r="6" t="74" w="184" /><ent r="6" t="74" w="236" /><ent r="6" t="74" w="236" /><ent r="6" t="74" w="244" /><ent r="6" t="74" w="244" /></phr></stem><stem n="currenc"><phr n="Currency"><ent r="6" t="6" w="92" /><ent r="6" t="6" w="92" /><ent r="6" t="73" w="60" /><ent r="6" t="73" w="60" /><ent r="6" t="74" w="92" /><ent r="6" t="74" w="92" /></phr><phr n="currency"><ent r="3" t="35" w="132" /><ent r="3" t="35" w="132" /><ent r="6" t="73" w="68" /><ent r="6" t="73" w="68" /></phr></stem><stem n="monei"><phr n="MONEY"><ent r="6" t="6" w="94" /><ent r="6" t="6" w="94" /><ent r="6" t="74" w="94" /><ent r="6" t="74" w="94" /></phr></stem><stem n="decim"><phr n="Decimal"><ent r="100" t="6" w="96" /><ent r="100" t="6" w="96" /><ent r="6" t="6" w="99" /><ent r="6" t="6" w="99" /><ent r="6" t="6" w="115" /><ent r="6" t="6" w="115" /><ent r="6" t="6" w="120" /><ent r="6" t="6" w="120" /><ent r="6" t="73" w="137" /><ent r="6" t="73" w="137" /><ent r="100" t="74" w="96" /><ent r="100" t="74" w="96" /><ent r="6" t="74" w="99" /><ent r="6" t="74" w="99" /><ent r="6" t="74" w="115" /><ent r="6" t="74" w="115" /><ent r="6" t="74" w="120" /><ent r="6" t="74" w="120" /><ent r="6" t="75" w="96" /><ent r="6" t="75" w="96" /></phr><phr n="DECIMAL"><ent r="6" t="6" w="117" /><ent r="6" t="6" w="117" /><ent r="6" t="74" w="117" /><ent r="6" t="74" w="117" /></phr><phr n="decimal"><ent r="6" t="73" w="141" /><ent r="6" t="73" w="141" /><ent r="6" t="73" w="236" /><ent r="6" t="73" w="236" /></phr></stem><stem n="email"><phr n="Email"><ent r="6" t="6" w="122" /><ent r="6" t="6" w="122" /><ent r="6" t="7" w="768" /><ent r="6" t="7" w="777" /><ent r="4" t="15" w="316" /><ent r="4" t="15" w="316" /><ent r="4" t="15" w="323" /><ent r="4" t="15" w="323" /><ent r="6" t="17" w="6678" /><ent r="6" t="17" w="6678" /><ent r="6" t="17" w="6705" /><ent r="6" t="17" w="6705" /><ent r="6" t="73" w="145" /><ent r="6" t="73" w="145" /><ent r="6" t="74" w="122" /><ent r="6" t="74" w="122" /><ent r="4" t="78" w="182" /><ent r="4" t="78" w="182" /></phr><phr n="email"><ent r="4" t="15" w="326" /><ent r="4" t="15" w="326" /><ent r="7" t="17" w="797" /><ent r="7" t="17" w="797" /><ent r="7" t="17" w="5298" /><ent r="7" t="17" w="5298" /><ent r="4" t="45" w="83" /><ent r="4" t="45" w="83" /><ent r="4" t="45" w="98" /><ent r="4" t="45" w="98" /><ent r="4" t="45" w="112" /><ent r="4" t="45" w="112" /><ent r="3" t="48" w="456" /><ent r="3" t="48" w="456" /><ent r="3" t="48" w="462" /><ent r="3" t="48" w="462" /><ent r="3" t="61" w="398" /><ent r="3" t="61" w="398" /><ent r="4" t="78" w="171" /><ent r="4" t="78" w="171" /><ent r="4" t="78" w="185" /><ent r="4" t="78" w="185" /></phr></stem><stem n="initi"><phr n="Initial"><ent r="6" t="6" w="129" /><ent r="6" t="6" w="129" /><ent r="6" t="74" w="129" /><ent r="6" t="74" w="129" /></phr><phr n="initial"><ent r="3" t="27" w="302" /><ent r="3" t="27" w="302" /><ent r="3" t="49" w="58" /><ent r="3" t="49" w="58" /></phr><phr n="initializes"><ent r="4" t="38" w="75" /><ent r="4" t="38" w="75" /></phr><phr n="initiated"><ent r="3" t="50" w="291" /><ent r="3" t="50" w="291" /></phr><phr n="initialize"><ent r="4" t="61" w="114" /><ent r="4" t="61" w="114" /><ent r="5" t="63" w="77" /><ent r="5" t="63" w="77" /></phr><phr n="initialization"><ent r="3" t="62" w="130" /><ent r="3" t="62" w="130" /></phr><phr n="initially"><ent r="3" t="64" w="327" /><ent r="3" t="64" w="327" /><ent r="3" t="65" w="371" /><ent r="3" t="65" w="371" /></phr></stem><stem n="cap"><phr n="Caps"><ent r="6" t="6" w="130" /><ent r="6" t="6" w="130" /><ent r="6" t="73" w="185" /><ent r="6" t="73" w="185" /><ent r="6" t="73" w="335" /><ent r="6" t="73" w="335" /><ent r="6" t="74" w="130" /><ent r="6" t="74" w="130" /></phr></stem><stem n="keyid"><phr n="KeyID"><ent r="6" t="6" w="137" /><ent r="6" t="6" w="137" /><ent r="6" t="74" w="137" /><ent r="6" t="74" w="137" /></phr></stem><stem n="uniqueidentifi"><phr n="UNIQUEIDENTIFIER"><ent r="6" t="6" w="139" /><ent r="6" t="6" w="139" /><ent r="6" t="6" w="199" /><ent r="6" t="6" w="199" /><ent r="6" t="74" w="139" /><ent r="6" t="74" w="139" /><ent r="6" t="74" w="199" /><ent r="6" t="74" w="199" /></phr></stem><stem n="guid"><phr n="Guid"><ent r="6" t="6" w="142" /><ent r="6" t="6" w="142" /><ent r="6" t="74" w="142" /><ent r="6" t="74" w="142" /></phr><phr n="Guide"><ent r="6" t="6" w="202" /><ent r="6" t="6" w="202" /><ent r="7" t="17" w="6995" /><ent r="7" t="17" w="6995" /><ent r="6" t="74" w="202" /><ent r="6" t="74" w="202" /></phr><phr n="GUID"><ent r="3" t="27" w="149" /><ent r="3" t="27" w="149" /><ent r="6" t="73" w="171" /></phr></stem><stem n="lowercas"><phr n="Lowercase"><ent r="6" t="6" w="144" /><ent r="6" t="6" w="144" /><ent r="6" t="73" w="173" /><ent r="6" t="73" w="173" /><ent r="6" t="74" w="144" /><ent r="6" t="74" w="144" /></phr><phr n="lowercase"><ent r="6" t="73" w="180" /><ent r="6" t="73" w="180" /><ent r="6" t="73" w="193" /><ent r="6" t="73" w="193" /></phr></stem><stem n="memo"><phr n="Memo"><ent r="6" t="6" w="151" /><ent r="6" t="6" w="151" /><ent r="6" t="73" w="196" /><ent r="6" t="73" w="196" /><ent r="6" t="74" w="151" /><ent r="6" t="74" w="151" /></phr><phr n="memos"><ent r="4" t="15" w="533" /><ent r="4" t="15" w="533" /><ent r="4" t="15" w="644" /><ent r="4" t="15" w="710" /><ent r="4" t="15" w="710" /></phr></stem><stem n="ntext"><phr n="NTEXT"><ent r="6" t="6" w="153" /><ent r="6" t="6" w="153" /><ent r="6" t="74" w="153" /><ent r="6" t="74" w="153" /></phr></stem><stem n="monthli"><phr n="Monthly"><ent r="6" t="6" w="158" /><ent r="6" t="6" w="158" /><ent r="7" t="17" w="683" /><ent r="7" t="17" w="683" /><ent r="6" t="73" w="201" /><ent r="6" t="73" w="201" /><ent r="6" t="74" w="158" /><ent r="6" t="74" w="158" /></phr></stem><stem n="nchar"><phr n="NChar"><ent r="6" t="6" w="166" /><ent r="6" t="6" w="166" /><ent r="6" t="73" w="224" /><ent r="6" t="73" w="224" /><ent r="6" t="74" w="166" /><ent r="6" t="74" w="166" /></phr><phr n="NCHAR"><ent r="6" t="6" w="168" /><ent r="6" t="6" w="168" /><ent r="6" t="74" w="168" /><ent r="6" t="74" w="168" /></phr></stem><stem n="int"><phr n="Int"><ent r="100" t="6" w="175" /><ent r="100" t="6" w="175" /><ent r="100" t="74" w="175" /><ent r="100" t="74" w="175" /><ent r="6" t="75" w="147" /><ent r="6" t="75" w="147" /></phr><phr n="INT"><ent r="6" t="6" w="177" /><ent r="6" t="6" w="177" /><ent r="6" t="74" w="177" /><ent r="6" t="74" w="177" /></phr><phr n="int"><ent r="4" t="52" w="200" /><ent r="4" t="52" w="200" /><ent r="4" t="53" w="166" /><ent r="4" t="53" w="166" /><ent r="4" t="55" w="177" /><ent r="4" t="55" w="177" /><ent r="4" t="64" w="111" /><ent r="4" t="64" w="111" /><ent r="4" t="64" w="175" /><ent r="4" t="64" w="175" /><ent r="4" t="64" w="200" /><ent r="4" t="64" w="200" /><ent r="4" t="64" w="332" /><ent r="4" t="64" w="332" /><ent r="4" t="65" w="157" /><ent r="4" t="65" w="157" /><ent r="4" t="65" w="376" /><ent r="4" t="65" w="376" /><ent r="4" t="65" w="475" /><ent r="4" t="65" w="475" /></phr></stem><stem n="int32"><phr n="Int32"><ent r="6" t="6" w="180" /><ent r="6" t="6" w="180" /><ent r="6" t="74" w="180" /><ent r="6" t="74" w="180" /><ent r="6" t="75" w="181" /><ent r="6" t="75" w="181" /></phr></stem><stem n="phone"><phr n="Phone"><ent r="6" t="6" w="182" /><ent r="6" t="6" w="182" /><ent r="8" t="17" w="1118" /><ent r="8" t="17" w="1344" /><ent r="7" t="17" w="1781" /><ent r="7" t="17" w="1944" /><ent r="7" t="17" w="2287" /><ent r="7" t="17" w="2456" /><ent r="7" t="17" w="3067" /><ent r="7" t="17" w="3334" /><ent r="7" t="17" w="3759" /><ent r="7" t="17" w="3759" /><ent r="7" t="17" w="5453" /><ent r="7" t="17" w="5453" /><ent r="6" t="73" w="240" /><ent r="6" t="73" w="240" /><ent r="6" t="74" w="182" /><ent r="6" t="74" w="182" /></phr><phr n="phone"><ent r="8" t="17" w="1354" /><ent r="8" t="17" w="1354" /><ent r="7" t="17" w="1954" /><ent r="7" t="17" w="1954" /><ent r="7" t="17" w="2297" /><ent r="7" t="17" w="2297" /><ent r="7" t="17" w="3344" /><ent r="7" t="17" w="3344" /></phr></stem><stem n="pictur"><phr n="Picture"><ent r="6" t="6" w="189" /><ent r="6" t="6" w="189" /><ent r="6" t="73" w="245" /><ent r="6" t="73" w="245" /><ent r="6" t="74" w="189" /><ent r="6" t="74" w="189" /></phr></stem><stem n="imag"><phr n="IMAGE"><ent r="6" t="6" w="191" /><ent r="6" t="6" w="191" /><ent r="6" t="74" w="191" /><ent r="6" t="74" w="191" /></phr><phr n="Image"><ent r="6" t="6" w="195" /><ent r="6" t="6" w="195" /><ent r="6" t="74" w="195" /><ent r="6" t="74" w="195" /></phr><phr n="image"><ent r="3" t="61" w="282" /><ent r="3" t="61" w="282" /><ent r="4" t="64" w="207" /><ent r="3" t="64" w="282" /><ent r="3" t="64" w="289" /><ent r="3" t="64" w="289" /><ent r="4" t="69" w="249" /><ent r="4" t="69" w="249" /><ent r="6" t="73" w="249" /><ent r="6" t="73" w="249" /><ent r="6" t="73" w="254" /><ent r="6" t="73" w="254" /></phr><phr n="images"><ent r="4" t="69" w="338" /></phr></stem><stem n="draw"><phr n="Drawing"><ent r="6" t="6" w="194" /><ent r="6" t="74" w="194" /></phr></stem><stem n="recordtyp"><phr n="RecordType"><ent r="6" t="6" w="197" /><ent r="6" t="6" w="197" /><ent r="6" t="73" w="257" /><ent r="6" t="73" w="257" /><ent r="6" t="74" w="197" /><ent r="6" t="74" w="197" /></phr></stem><stem n="smalldatetim"><phr n="Smalldatetime"><ent r="6" t="6" w="204" /><ent r="6" t="6" w="204" /><ent r="6" t="73" w="263" /><ent r="6" t="73" w="263" /><ent r="6" t="74" w="204" /><ent r="6" t="74" w="204" /></phr><phr n="SMALLDATETIME"><ent r="6" t="6" w="206" /><ent r="6" t="6" w="206" /><ent r="6" t="74" w="206" /><ent r="6" t="74" w="206" /></phr></stem><stem n="smallint"><phr n="Smallint"><ent r="6" t="6" w="211" /><ent r="6" t="6" w="211" /><ent r="6" t="73" w="270" /><ent r="6" t="73" w="270" /><ent r="6" t="74" w="211" /><ent r="6" t="74" w="211" /></phr><phr n="SMALLINT"><ent r="6" t="6" w="213" /><ent r="6" t="6" w="213" /><ent r="6" t="74" w="213" /><ent r="6" t="74" w="213" /></phr></stem><stem n="int16"><phr n="Int16"><ent r="6" t="6" w="216" /><ent r="6" t="6" w="216" /><ent r="6" t="74" w="216" /><ent r="6" t="74" w="216" /><ent r="6" t="75" w="164" /><ent r="6" t="75" w="164" /></phr></stem><stem n="tinyint"><phr n="Tinyint"><ent r="6" t="6" w="225" /><ent r="6" t="6" w="225" /><ent r="6" t="73" w="311" /><ent r="6" t="73" w="311" /><ent r="6" t="74" w="225" /><ent r="6" t="74" w="225" /></phr><phr n="TINYINT"><ent r="6" t="6" w="227" /><ent r="6" t="6" w="227" /><ent r="6" t="74" w="227" /><ent r="6" t="74" w="227" /></phr></stem><stem n="byte"><phr n="Byte"><ent r="100" t="6" w="229" /><ent r="100" t="6" w="229" /><ent r="6" t="6" w="232" /><ent r="6" t="6" w="232" /><ent r="6" t="6" w="254" /><ent r="100" t="74" w="229" /><ent r="100" t="74" w="229" /><ent r="6" t="74" w="232" /><ent r="6" t="74" w="232" /><ent r="6" t="74" w="254" /><ent r="6" t="75" w="45" /><ent r="6" t="75" w="45" /><ent r="6" t="75" w="60" /><ent r="6" t="75" w="60" /></phr><phr n="byte"><ent r="6" t="75" w="79" /></phr></stem><stem n="uppercas"><phr n="Uppercase"><ent r="6" t="6" w="234" /><ent r="6" t="6" w="234" /><ent r="6" t="73" w="323" /><ent r="6" t="73" w="323" /><ent r="6" t="74" w="234" /><ent r="6" t="74" w="234" /></phr><phr n="uppercase"><ent r="6" t="73" w="330" /><ent r="6" t="73" w="330" /><ent r="6" t="73" w="343" /><ent r="6" t="73" w="343" /></phr></stem><stem n="url"><phr n="URL"><ent r="6" t="6" w="241" /><ent r="6" t="6" w="241" /><ent r="3" t="61" w="279" /><ent r="3" t="61" w="279" /><ent r="4" t="67" w="143" /><ent r="4" t="67" w="143" /><ent r="6" t="73" w="346" /><ent r="6" t="73" w="346" /><ent r="6" t="73" w="363" /><ent r="6" t="74" w="241" /><ent r="6" t="74" w="241" /></phr></stem><stem n="address"><phr n="Address"><ent r="6" t="6" w="242" /><ent r="6" t="6" w="242" /><ent r="6" t="73" w="347" /><ent r="6" t="73" w="347" /><ent r="6" t="74" w="242" /><ent r="6" t="74" w="242" /></phr><phr n="address"><ent r="4" t="15" w="282" /><ent r="4" t="15" w="282" /><ent r="6" t="73" w="352" /><ent r="6" t="73" w="352" /></phr></stem><stem n="varbinari"><phr n="Varbinary"><ent r="6" t="6" w="249" /><ent r="6" t="6" w="249" /><ent r="6" t="73" w="248" /><ent r="6" t="73" w="248" /><ent r="6" t="73" w="365" /><ent r="6" t="73" w="365" /><ent r="6" t="74" w="249" /><ent r="6" t="74" w="249" /></phr><phr n="VARBINARY"><ent r="6" t="6" w="251" /><ent r="6" t="6" w="251" /><ent r="6" t="74" w="251" /><ent r="6" t="74" w="251" /></phr></stem><stem n="ye"><phr n="Yes"><ent r="6" t="6" w="256" /><ent r="6" t="73" w="379" /><ent r="6" t="73" w="379" /><ent r="6" t="74" w="256" /></phr></stem><stem n="bit"><phr n="BIT"><ent r="6" t="6" w="259" /><ent r="6" t="6" w="259" /><ent r="6" t="74" w="259" /><ent r="6" t="74" w="259" /></phr><phr n="bit"><ent r="6" t="75" w="49" /><ent r="6" t="75" w="77" /><ent r="6" t="75" w="155" /><ent r="6" t="75" w="172" /><ent r="6" t="75" w="189" /><ent r="6" t="75" w="206" /><ent r="6" t="75" w="229" /><ent r="6" t="75" w="234" /><ent r="6" t="75" w="239" /><ent r="6" t="75" w="244" /><ent r="6" t="75" w="255" /><ent r="6" t="75" w="310" /><ent r="6" t="75" w="327" /><ent r="6" t="75" w="345" /><ent r="6" t="75" w="369" /><ent r="6" t="75" w="369" /><ent r="6" t="75" w="374" /><ent r="6" t="75" w="379" /><ent r="6" t="75" w="384" /></phr></stem><stem n="possibl"><phr n="possible"><ent r="3" t="7" w="29" /><ent r="3" t="7" w="29" /><ent r="3" t="18" w="35" /><ent r="3" t="22" w="37" /><ent r="3" t="22" w="37" /></phr><phr n="possibly"><ent r="3" t="27" w="212" /><ent r="3" t="27" w="212" /><ent r="3" t="45" w="43" /><ent r="3" t="45" w="43" /></phr></stem><stem n="look"><phr n="look"><ent r="3" t="7" w="46" /><ent r="3" t="7" w="46" /><ent r="3" t="76" w="28" /><ent r="3" t="76" w="28" /></phr></stem><stem n="correspond"><phr n="corresponding"><ent r="3" t="7" w="58" /><ent r="3" t="7" w="58" /></phr></stem><stem n="know"><phr n="know"><ent r="3" t="7" w="83" /><ent r="3" t="7" w="83" /><ent r="3" t="29" w="362" /><ent r="3" t="29" w="362" /></phr></stem><stem n="item"><phr n="item"><ent r="3" t="7" w="92" /><ent r="3" t="7" w="92" /><ent r="6" t="7" w="1098" /><ent r="6" t="7" w="1098" /><ent r="6" t="7" w="1109" /><ent r="6" t="7" w="1109" /><ent r="6" t="7" w="1120" /><ent r="6" t="7" w="1120" /><ent r="65" t="60" w="61" /><ent r="65" t="60" w="61" /><ent r="1000" t="61" w="5" /><ent r="1000" t="61" w="5" /><ent r="102" t="61" w="11" /><ent r="102" t="61" w="11" /><ent r="3" t="61" w="91" /><ent r="3" t="61" w="91" /><ent r="4" t="61" w="118" /><ent r="4" t="61" w="135" /><ent r="4" t="61" w="135" /><ent r="3" t="61" w="242" /><ent r="3" t="61" w="242" /><ent r="3" t="61" w="258" /><ent r="3" t="61" w="258" /><ent r="3" t="61" w="290" /><ent r="3" t="61" w="290" /><ent r="3" t="61" w="313" /><ent r="3" t="61" w="313" /><ent r="4" t="61" w="353" /><ent r="4" t="61" w="353" /><ent r="64" t="62" w="151" /><ent r="64" t="62" w="151" /><ent r="64" t="63" w="297" /><ent r="64" t="63" w="297" /><ent r="3" t="64" w="150" /><ent r="3" t="64" w="150" /><ent r="3" t="64" w="187" /><ent r="3" t="64" w="187" /><ent r="3" t="64" w="217" /><ent r="3" t="64" w="217" /><ent r="3" t="64" w="239" /><ent r="3" t="64" w="249" /><ent r="3" t="64" w="249" /><ent r="3" t="64" w="268" /><ent r="3" t="64" w="268" /><ent r="3" t="64" w="280" /><ent r="3" t="64" w="325" /><ent r="3" t="64" w="325" /><ent r="3" t="64" w="340" /><ent r="3" t="64" w="340" /><ent r="64" t="64" w="367" /><ent r="64" t="64" w="367" /><ent r="3" t="65" w="124" /><ent r="3" t="65" w="124" /><ent r="3" t="65" w="134" /><ent r="3" t="65" w="134" /><ent r="3" t="65" w="164" /><ent r="3" t="65" w="164" /><ent r="3" t="65" w="215" /><ent r="3" t="65" w="215" /><ent r="3" t="65" w="227" /><ent r="3" t="65" w="240" /><ent r="3" t="65" w="244" /><ent r="3" t="65" w="244" /><ent r="3" t="65" w="272" /><ent r="3" t="65" w="272" /><ent r="3" t="65" w="313" /><ent r="3" t="65" w="313" /><ent r="3" t="65" w="331" /><ent r="3" t="65" w="331" /><ent r="3" t="65" w="369" /><ent r="3" t="65" w="369" /><ent r="3" t="65" w="392" /><ent r="3" t="65" w="392" /><ent r="3" t="65" w="419" /><ent r="3" t="65" w="419" /><ent r="3" t="65" w="423" /><ent r="3" t="65" w="423" /><ent r="3" t="65" w="449" /><ent r="3" t="65" w="449" /><ent r="3" t="65" w="481" /><ent r="3" t="65" w="481" /><ent r="4" t="65" w="525" /><ent r="4" t="65" w="550" /><ent r="4" t="65" w="574" /><ent r="4" t="65" w="586" /><ent r="64" t="65" w="605" /><ent r="64" t="65" w="605" /></phr><phr n="Items"><ent r="7" t="17" w="6150" /><ent r="4" t="65" w="69" /><ent r="4" t="65" w="69" /><ent r="5" t="65" w="514" /><ent r="5" t="65" w="514" /></phr><phr n="items"><ent r="3" t="36" w="116" /><ent r="3" t="36" w="116" /><ent r="3" t="39" w="600" /><ent r="3" t="39" w="600" /><ent r="3" t="61" w="72" /><ent r="3" t="61" w="72" /><ent r="3" t="64" w="120" /><ent r="3" t="64" w="120" /><ent r="3" t="64" w="157" /><ent r="3" t="64" w="165" /><ent r="3" t="64" w="165" /><ent r="3" t="65" w="79" /><ent r="3" t="65" w="109" /><ent r="3" t="65" w="188" /><ent r="3" t="65" w="188" /><ent r="3" t="65" w="319" /><ent r="3" t="65" w="319" /><ent r="3" t="76" w="42" /><ent r="3" t="76" w="42" /></phr></stem><stem n="ad"><phr n="adding"><ent r="3" t="7" w="111" /><ent r="3" t="7" w="111" /><ent r="3" t="7" w="116" /><ent r="3" t="7" w="116" /><ent r="6" t="7" w="302" /><ent r="6" t="7" w="302" /><ent r="6" t="7" w="334" /><ent r="6" t="7" w="334" /><ent r="6" t="7" w="409" /><ent r="6" t="7" w="409" /><ent r="6" t="7" w="463" /><ent r="6" t="7" w="463" /><ent r="6" t="7" w="471" /><ent r="6" t="7" w="471" /><ent r="6" t="7" w="480" /><ent r="6" t="7" w="480" /><ent r="6" t="7" w="490" /><ent r="6" t="7" w="490" /><ent r="6" t="7" w="500" /><ent r="6" t="7" w="500" /><ent r="6" t="7" w="712" /><ent r="6" t="7" w="712" /><ent r="6" t="7" w="722" /><ent r="6" t="7" w="722" /><ent r="6" t="7" w="781" /><ent r="6" t="7" w="781" /><ent r="6" t="7" w="851" /><ent r="6" t="7" w="851" /><ent r="6" t="7" w="970" /><ent r="6" t="7" w="970" /><ent r="6" t="7" w="984" /><ent r="6" t="7" w="984" /><ent r="6" t="7" w="992" /><ent r="6" t="7" w="992" /><ent r="6" t="7" w="1096" /><ent r="6" t="7" w="1096" /><ent r="6" t="7" w="1163" /><ent r="6" t="7" w="1163" /><ent r="6" t="7" w="1198" /><ent r="6" t="7" w="1198" /><ent r="6" t="7" w="1225" /><ent r="6" t="7" w="1225" /><ent r="6" t="7" w="1335" /><ent r="6" t="7" w="1335" /><ent r="6" t="7" w="1369" /><ent r="6" t="7" w="1369" /><ent r="6" t="7" w="1394" /><ent r="6" t="7" w="1394" /><ent r="6" t="7" w="1403" /><ent r="6" t="7" w="1403" /><ent r="3" t="32" w="17" /><ent r="3" t="32" w="17" /><ent r="3" t="32" w="43" /><ent r="3" t="32" w="43" /><ent r="3" t="44" w="41" /><ent r="4" t="53" w="67" /><ent r="4" t="53" w="67" /><ent r="4" t="54" w="68" /><ent r="4" t="54" w="68" /><ent r="1000" t="62" w="2" /><ent r="1000" t="62" w="2" /><ent r="102" t="62" w="7" /><ent r="102" t="62" w="7" /><ent r="3" t="76" w="41" /><ent r="3" t="76" w="41" /></phr><phr n="added"><ent r="3" t="24" w="217" /><ent r="3" t="24" w="217" /><ent r="3" t="24" w="222" /><ent r="3" t="24" w="222" /><ent r="3" t="29" w="156" /><ent r="3" t="29" w="156" /><ent r="3" t="35" w="84" /><ent r="3" t="35" w="84" /><ent r="3" t="35" w="202" /><ent r="3" t="35" w="202" /><ent r="3" t="38" w="302" /><ent r="3" t="38" w="302" /><ent r="4" t="61" w="454" /><ent r="4" t="61" w="454" /><ent r="3" t="65" w="107" /><ent r="3" t="65" w="107" /></phr><phr n="ad"><ent r="3" t="24" w="231" /><ent r="3" t="24" w="231" /></phr><phr n="Adding"><ent r="92" t="27" w="423" /><ent r="92" t="27" w="423" /><ent r="1000" t="31" w="1" /><ent r="1000" t="31" w="1" /><ent r="102" t="31" w="8" /><ent r="102" t="31" w="8" /><ent r="65" t="60" w="49" /><ent r="65" t="60" w="49" /><ent r="65" t="60" w="52" /><ent r="65" t="60" w="52" /><ent r="65" t="60" w="57" /><ent r="65" t="60" w="57" /><ent r="1000" t="61" w="1" /><ent r="1000" t="61" w="1" /><ent r="102" t="61" w="7" /><ent r="102" t="61" w="7" /><ent r="1000" t="63" w="1" /><ent r="1000" t="63" w="1" /><ent r="102" t="63" w="5" /><ent r="102" t="63" w="5" /><ent r="3" t="65" w="269" /><ent r="3" t="65" w="269" /><ent r="64" t="66" w="113" /><ent r="64" t="66" w="113" /><ent r="1000" t="67" w="1" /><ent r="1000" t="67" w="1" /><ent r="102" t="67" w="8" /><ent r="102" t="67" w="8" /></phr></stem><stem n="accomplish"><phr n="accomplished"><ent r="3" t="7" w="121" /><ent r="3" t="7" w="121" /><ent r="3" t="35" w="148" /><ent r="3" t="35" w="148" /></phr><phr n="accomplish"><ent r="3" t="29" w="108" /><ent r="3" t="29" w="108" /><ent r="4" t="82" w="46" /><ent r="4" t="82" w="46" /><ent r="5" t="82" w="216" /><ent r="5" t="82" w="216" /></phr><phr n="accomplishing"><ent r="3" t="49" w="131" /><ent r="3" t="49" w="131" /></phr></stem><stem n="explor"><phr n="Explorer"><ent r="3" t="7" w="126" /><ent r="3" t="7" w="131" /><ent r="3" t="7" w="131" /><ent r="6" t="7" w="372" /><ent r="6" t="7" w="372" /><ent r="6" t="7" w="380" /><ent r="6" t="7" w="380" /><ent r="6" t="7" w="389" /><ent r="6" t="7" w="389" /><ent r="6" t="7" w="398" /><ent r="6" t="7" w="398" /><ent r="6" t="7" w="406" /><ent r="6" t="7" w="406" /><ent r="6" t="7" w="989" /><ent r="6" t="7" w="989" /><ent r="6" t="7" w="999" /><ent r="6" t="7" w="999" /><ent r="6" t="7" w="1007" /><ent r="6" t="7" w="1007" /><ent r="6" t="7" w="1230" /><ent r="6" t="7" w="1230" /><ent r="6" t="7" w="1239" /><ent r="6" t="7" w="1239" /><ent r="6" t="7" w="1375" /><ent r="6" t="7" w="1375" /><ent r="6" t="7" w="1383" /><ent r="6" t="7" w="1383" /><ent r="6" t="7" w="1391" /><ent r="6" t="7" w="1391" /></phr></stem><stem n="activ"><phr n="activities"><ent r="6" t="7" w="153" /><ent r="6" t="7" w="161" /><ent r="6" t="7" w="169" /><ent r="6" t="7" w="177" /><ent r="6" t="7" w="185" /><ent r="6" t="7" w="194" /><ent r="6" t="7" w="908" /><ent r="6" t="7" w="908" /><ent r="5" t="14" w="188" /><ent r="7" t="17" w="5474" /><ent r="7" t="17" w="5474" /><ent r="3" t="43" w="17" /><ent r="4" t="46" w="58" /><ent r="4" t="46" w="73" /><ent r="4" t="46" w="92" /><ent r="4" t="46" w="110" /><ent r="3" t="48" w="159" /><ent r="92" t="48" w="401" /><ent r="92" t="48" w="401" /><ent r="3" t="48" w="405" /><ent r="3" t="48" w="405" /><ent r="3" t="48" w="430" /><ent r="3" t="48" w="430" /></phr><phr n="Activities"><ent r="6" t="7" w="158" /><ent r="6" t="7" w="166" /><ent r="6" t="7" w="174" /><ent r="6" t="7" w="182" /><ent r="6" t="7" w="191" /><ent r="6" t="7" w="199" /><ent r="6" t="7" w="211" /><ent r="6" t="7" w="220" /><ent r="6" t="7" w="229" /><ent r="6" t="7" w="241" /><ent r="6" t="7" w="280" /><ent r="6" t="7" w="289" /><ent r="6" t="7" w="298" /><ent r="6" t="7" w="785" /><ent r="6" t="7" w="793" /><ent r="6" t="7" w="801" /><ent r="6" t="7" w="811" /><ent r="7" t="17" w="5465" /><ent r="7" t="17" w="5465" /><ent r="4" t="39" w="448" /><ent r="4" t="39" w="448" /><ent r="4" t="48" w="45" /><ent r="3" t="48" w="208" /></phr><phr n="Activity"><ent r="6" t="7" w="175" /><ent r="6" t="7" w="175" /><ent r="6" t="7" w="183" /><ent r="6" t="7" w="183" /><ent r="7" t="17" w="5147" /><ent r="7" t="17" w="5147" /><ent r="7" t="17" w="5162" /><ent r="7" t="17" w="5162" /><ent r="7" t="17" w="5175" /><ent r="7" t="17" w="5175" /><ent r="7" t="17" w="5187" /><ent r="7" t="17" w="5187" /><ent r="7" t="17" w="5212" /><ent r="7" t="17" w="5212" /><ent r="7" t="17" w="5225" /><ent r="7" t="17" w="5225" /><ent r="4" t="45" w="330" /><ent r="4" t="45" w="330" /><ent r="4" t="48" w="416" /><ent r="4" t="48" w="416" /><ent r="4" t="48" w="421" /><ent r="4" t="48" w="421" /><ent r="4" t="48" w="427" /><ent r="4" t="48" w="427" /></phr><phr n="activity"><ent r="6" t="7" w="202" /><ent r="6" t="7" w="202" /><ent r="6" t="7" w="206" /><ent r="6" t="7" w="206" /><ent r="6" t="7" w="214" /><ent r="6" t="7" w="214" /><ent r="6" t="7" w="223" /><ent r="6" t="7" w="223" /><ent r="6" t="7" w="232" /><ent r="6" t="7" w="232" /><ent r="4" t="45" w="372" /><ent r="4" t="45" w="372" /><ent r="3" t="48" w="133" /><ent r="3" t="48" w="133" /><ent r="3" t="48" w="150" /><ent r="3" t="48" w="150" /><ent r="3" t="48" w="187" /><ent r="3" t="48" w="187" /><ent r="3" t="48" w="203" /><ent r="3" t="48" w="203" /><ent r="3" t="48" w="212" /><ent r="3" t="48" w="212" /><ent r="3" t="48" w="276" /><ent r="3" t="48" w="276" /><ent r="3" t="48" w="292" /><ent r="3" t="48" w="292" /><ent r="3" t="48" w="346" /><ent r="3" t="48" w="346" /><ent r="3" t="48" w="362" /><ent r="3" t="48" w="362" /><ent r="3" t="48" w="411" /><ent r="3" t="48" w="441" /><ent r="3" t="48" w="448" /><ent r="3" t="48" w="448" /></phr><phr n="active"><ent r="6" t="73" w="359" /><ent r="6" t="73" w="359" /></phr></stem><stem n="activitymanag"><phr n="ActivityManager"><ent r="6" t="7" w="159" /><ent r="6" t="7" w="159" /><ent r="6" t="7" w="167" /><ent r="6" t="7" w="167" /><ent r="6" t="7" w="192" /><ent r="6" t="7" w="192" /><ent r="6" t="7" w="212" /><ent r="6" t="7" w="212" /><ent r="6" t="7" w="221" /><ent r="6" t="7" w="221" /><ent r="6" t="7" w="230" /><ent r="6" t="7" w="230" /><ent r="6" t="7" w="242" /><ent r="6" t="7" w="242" /><ent r="6" t="7" w="281" /><ent r="6" t="7" w="281" /><ent r="6" t="7" w="290" /><ent r="6" t="7" w="290" /><ent r="6" t="7" w="299" /><ent r="6" t="7" w="299" /><ent r="6" t="7" w="786" /><ent r="6" t="7" w="786" /><ent r="6" t="7" w="794" /><ent r="6" t="7" w="794" /><ent r="6" t="7" w="802" /><ent r="6" t="7" w="802" /><ent r="6" t="7" w="812" /><ent r="6" t="7" w="812" /></phr></stem></index>