<?xml version="1.0" encoding="utf-8"?><index><stem n="appear"><phr n="appear"><ent r="6" t="3" w="578" /><ent r="3" t="27" w="344" /><ent r="3" t="27" w="344" /><ent r="6" t="80" w="582" /></phr><phr n="APPEAR"><ent r="3" t="72" w="177" /><ent r="3" t="72" w="177" /></phr></stem><stem n="stem"><phr n="stemmed"><ent r="6" t="3" w="581" /><ent r="6" t="3" w="581" /><ent r="6" t="80" w="585" /><ent r="6" t="80" w="585" /></phr><phr n="stemming"><ent r="6" t="3" w="585" /><ent r="6" t="3" w="585" /><ent r="6" t="80" w="589" /><ent r="6" t="80" w="589" /></phr></stem><stem n="sort"><phr n="sorted"><ent r="7" t="3" w="593" /><ent r="7" t="3" w="593" /><ent r="7" t="80" w="597" /><ent r="7" t="80" w="597" /></phr><phr n="sorting"><ent r="6" t="7" w="358" /><ent r="6" t="7" w="358" /></phr><phr n="Sort"><ent r="7" t="17" w="462" /><ent r="3" t="39" w="536" /></phr><phr n="sort"><ent r="7" t="17" w="471" /><ent r="7" t="17" w="471" /><ent r="3" t="39" w="416" /><ent r="3" t="39" w="416" /></phr></stem><stem n="rank"><phr n="rank"><ent r="7" t="3" w="600" /><ent r="7" t="3" w="600" /><ent r="7" t="80" w="604" /><ent r="7" t="80" w="604" /></phr><phr n="Rank"><ent r="8" t="3" w="612" /><ent r="8" t="3" w="612" /><ent r="8" t="80" w="616" /><ent r="8" t="80" w="616" /></phr></stem><stem n="bar"><phr n="bars"><ent r="7" t="3" w="615" /><ent r="7" t="80" w="619" /></phr><phr n="bar"><ent r="3" t="37" w="404" /><ent r="3" t="37" w="404" /><ent r="3" t="37" w="407" /><ent r="3" t="37" w="407" /><ent r="3" t="39" w="182" /><ent r="65" t="60" w="60" /><ent r="65" t="60" w="60" /><ent r="1000" t="61" w="4" /><ent r="1000" t="61" w="4" /><ent r="102" t="61" w="10" /><ent r="102" t="61" w="10" /><ent r="3" t="61" w="18" /><ent r="3" t="61" w="18" /><ent r="3" t="61" w="43" /><ent r="3" t="61" w="43" /><ent r="3" t="61" w="60" /><ent r="3" t="61" w="60" /><ent r="3" t="61" w="90" /><ent r="3" t="61" w="90" /><ent r="4" t="61" w="117" /><ent r="4" t="61" w="117" /><ent r="4" t="61" w="134" /><ent r="4" t="61" w="134" /><ent r="4" t="61" w="151" /><ent r="4" t="61" w="151" /><ent r="3" t="61" w="241" /><ent r="3" t="61" w="241" /><ent r="3" t="61" w="289" /><ent r="3" t="61" w="289" /><ent r="4" t="61" w="352" /><ent r="4" t="61" w="352" /><ent r="64" t="62" w="150" /><ent r="64" t="62" w="150" /><ent r="64" t="63" w="296" /><ent r="64" t="63" w="296" /><ent r="64" t="64" w="366" /><ent r="64" t="64" w="366" /><ent r="64" t="65" w="604" /><ent r="64" t="65" w="604" /></phr><phr n="Bar"><ent r="3" t="76" w="46" /><ent r="3" t="76" w="46" /><ent r="3" t="76" w="67" /></phr></stem><stem n="instanc"><phr n="instance"><ent r="8" t="3" w="631" /><ent r="8" t="3" w="631" /><ent r="3" t="28" w="410" /><ent r="3" t="28" w="410" /><ent r="3" t="28" w="524" /><ent r="3" t="28" w="524" /><ent r="3" t="35" w="366" /><ent r="3" t="35" w="366" /><ent r="3" t="35" w="374" /><ent r="3" t="35" w="374" /><ent r="3" t="37" w="89" /><ent r="3" t="37" w="89" /><ent r="4" t="38" w="83" /><ent r="4" t="38" w="83" /><ent r="3" t="50" w="261" /><ent r="3" t="50" w="261" /><ent r="3" t="50" w="270" /><ent r="3" t="62" w="103" /><ent r="3" t="62" w="103" /><ent r="8" t="80" w="635" /><ent r="8" t="80" w="635" /></phr><phr n="instances"><ent r="3" t="28" w="613" /><ent r="3" t="28" w="613" /></phr></stem><stem n="precis"><phr n="precise"><ent r="3" t="3" w="675" /><ent r="3" t="3" w="675" /></phr><phr n="precision"><ent r="6" t="75" w="141" /><ent r="6" t="75" w="141" /><ent r="6" t="75" w="288" /><ent r="6" t="75" w="288" /></phr><phr n="precisely"><ent r="3" t="79" w="24" /><ent r="3" t="79" w="24" /></phr></stem><stem n="save"><phr n="save"><ent r="3" t="3" w="681" /><ent r="3" t="3" w="681" /><ent r="6" t="3" w="712" /><ent r="6" t="3" w="712" /><ent r="7" t="3" w="724" /><ent r="7" t="3" w="724" /><ent r="4" t="3" w="1011" /><ent r="4" t="3" w="1011" /><ent r="4" t="15" w="573" /><ent r="4" t="15" w="573" /><ent r="4" t="15" w="740" /><ent r="4" t="15" w="740" /><ent r="7" t="17" w="140" /><ent r="7" t="17" w="140" /><ent r="3" t="27" w="467" /><ent r="3" t="27" w="467" /><ent r="3" t="27" w="481" /><ent r="3" t="27" w="481" /><ent r="3" t="28" w="444" /><ent r="3" t="28" w="444" /><ent r="3" t="31" w="587" /><ent r="3" t="31" w="587" /><ent r="3" t="31" w="689" /><ent r="3" t="31" w="689" /></phr><phr n="Saving"><ent r="6" t="3" w="699" /><ent r="6" t="3" w="699" /></phr><phr n="saving"><ent r="6" t="7" w="1137" /><ent r="6" t="7" w="1137" /><ent r="3" t="31" w="542" /><ent r="3" t="31" w="542" /></phr><phr n="Save"><ent r="7" t="17" w="131" /><ent r="7" t="17" w="131" /><ent r="7" t="17" w="142" /><ent r="7" t="17" w="142" /><ent r="8" t="17" w="1251" /><ent r="8" t="17" w="1251" /><ent r="8" t="17" w="1419" /><ent r="8" t="17" w="1419" /><ent r="7" t="17" w="2019" /><ent r="7" t="17" w="2019" /><ent r="7" t="17" w="2226" /><ent r="7" t="17" w="2226" /><ent r="7" t="17" w="2630" /><ent r="7" t="17" w="2630" /><ent r="7" t="17" w="2837" /><ent r="7" t="17" w="2837" /><ent r="7" t="17" w="3241" /><ent r="7" t="17" w="3241" /><ent r="7" t="17" w="3409" /><ent r="7" t="17" w="3409" /></phr><phr n="saved"><ent r="3" t="32" w="101" /><ent r="3" t="32" w="101" /><ent r="4" t="77" w="65" /><ent r="4" t="77" w="65" /><ent r="4" t="78" w="91" /><ent r="4" t="78" w="91" /></phr></stem><stem n="system"><phr n="system"><ent r="3" t="3" w="687" /><ent r="3" t="3" w="952" /><ent r="6" t="3" w="1024" /><ent r="6" t="3" w="1024" /><ent r="5" t="14" w="97" /><ent r="5" t="14" w="97" /><ent r="3" t="15" w="22" /><ent r="3" t="15" w="22" /><ent r="3" t="15" w="181" /><ent r="3" t="15" w="181" /><ent r="3" t="15" w="194" /><ent r="3" t="15" w="194" /><ent r="3" t="24" w="158" /><ent r="3" t="24" w="158" /><ent r="4" t="41" w="108" /><ent r="4" t="41" w="108" /><ent r="3" t="76" w="13" /><ent r="3" t="76" w="13" /></phr><phr n="System"><ent r="6" t="6" w="71" /><ent r="6" t="6" w="82" /><ent r="6" t="6" w="89" /><ent r="6" t="6" w="98" /><ent r="6" t="6" w="105" /><ent r="6" t="6" w="112" /><ent r="6" t="6" w="119" /><ent r="6" t="6" w="126" /><ent r="6" t="6" w="134" /><ent r="6" t="6" w="141" /><ent r="6" t="6" w="148" /><ent r="6" t="6" w="155" /><ent r="6" t="6" w="163" /><ent r="6" t="6" w="170" /><ent r="6" t="6" w="179" /><ent r="6" t="6" w="186" /><ent r="6" t="6" w="193" /><ent r="6" t="6" w="201" /><ent r="6" t="6" w="208" /><ent r="6" t="6" w="215" /><ent r="6" t="6" w="222" /><ent r="6" t="6" w="231" /><ent r="6" t="6" w="238" /><ent r="6" t="6" w="246" /><ent r="6" t="6" w="253" /><ent r="6" t="6" w="263" /><ent r="3" t="35" w="78" /><ent r="4" t="48" w="43" /><ent r="4" t="48" w="59" /><ent r="3" t="48" w="206" /><ent r="6" t="74" w="71" /><ent r="6" t="74" w="82" /><ent r="6" t="74" w="89" /><ent r="6" t="74" w="98" /><ent r="6" t="74" w="105" /><ent r="6" t="74" w="112" /><ent r="6" t="74" w="119" /><ent r="6" t="74" w="126" /><ent r="6" t="74" w="134" /><ent r="6" t="74" w="141" /><ent r="6" t="74" w="148" /><ent r="6" t="74" w="155" /><ent r="6" t="74" w="163" /><ent r="6" t="74" w="170" /><ent r="6" t="74" w="179" /><ent r="6" t="74" w="186" /><ent r="6" t="74" w="193" /><ent r="6" t="74" w="201" /><ent r="6" t="74" w="208" /><ent r="6" t="74" w="215" /><ent r="6" t="74" w="222" /><ent r="6" t="74" w="231" /><ent r="6" t="74" w="238" /><ent r="6" t="74" w="246" /><ent r="6" t="74" w="253" /><ent r="6" t="74" w="263" /></phr><phr n="systems"><ent r="3" t="24" w="145" /></phr></stem><stem n="favorit"><phr n="Favorites"><ent r="3" t="3" w="689" /><ent r="3" t="3" w="689" /><ent r="6" t="3" w="703" /><ent r="6" t="3" w="703" /><ent r="100" t="3" w="707" /><ent r="100" t="3" w="707" /><ent r="6" t="3" w="720" /><ent r="6" t="3" w="720" /><ent r="7" t="3" w="728" /><ent r="7" t="3" w="728" /><ent r="8" t="3" w="745" /><ent r="8" t="3" w="745" /><ent r="8" t="3" w="779" /><ent r="8" t="3" w="779" /></phr></stem><stem n="glossari"><phr n="glossary"><ent r="3" t="3" w="692" /><ent r="3" t="3" w="692" /><ent r="6" t="3" w="786" /><ent r="6" t="3" w="786" /><ent r="3" t="3" w="962" /><ent r="3" t="3" w="962" /></phr><phr n="Glossary"><ent r="7" t="3" w="791" /><ent r="7" t="3" w="791" /><ent r="8" t="3" w="796" /><ent r="8" t="3" w="796" /></phr></stem><stem n="often"><phr n="often"><ent r="6" t="3" w="715" /><ent r="6" t="3" w="715" /><ent r="6" t="5" w="150" /><ent r="6" t="5" w="150" /><ent r="6" t="80" w="273" /><ent r="6" t="80" w="273" /></phr></stem><stem n="bottom"><phr n="bottom"><ent r="8" t="3" w="762" /><ent r="8" t="3" w="762" /><ent r="7" t="3" w="816" /><ent r="7" t="3" w="816" /></phr></stem><stem n="retriev"><phr n="retrieve"><ent r="7" t="3" w="768" /><ent r="7" t="3" w="768" /><ent r="3" t="25" w="146" /><ent r="3" t="25" w="146" /><ent r="3" t="25" w="161" /><ent r="3" t="25" w="161" /><ent r="3" t="25" w="248" /><ent r="3" t="25" w="248" /><ent r="3" t="25" w="279" /><ent r="3" t="25" w="279" /><ent r="3" t="25" w="335" /><ent r="3" t="25" w="335" /><ent r="4" t="25" w="400" /><ent r="4" t="25" w="400" /><ent r="3" t="26" w="99" /><ent r="3" t="26" w="99" /><ent r="3" t="26" w="220" /><ent r="3" t="26" w="220" /><ent r="3" t="27" w="174" /><ent r="3" t="27" w="174" /><ent r="3" t="28" w="37" /><ent r="3" t="28" w="37" /><ent r="3" t="28" w="44" /><ent r="3" t="28" w="44" /><ent r="3" t="28" w="54" /><ent r="3" t="28" w="54" /><ent r="3" t="28" w="188" /><ent r="3" t="28" w="188" /><ent r="3" t="28" w="235" /><ent r="3" t="28" w="235" /><ent r="3" t="28" w="420" /><ent r="3" t="28" w="420" /><ent r="3" t="34" w="216" /><ent r="3" t="34" w="216" /><ent r="3" t="34" w="243" /><ent r="3" t="34" w="243" /><ent r="3" t="34" w="398" /><ent r="3" t="34" w="398" /><ent r="4" t="54" w="39" /><ent r="4" t="54" w="39" /><ent r="4" t="55" w="39" /><ent r="4" t="55" w="39" /><ent r="3" t="56" w="34" /><ent r="3" t="56" w="34" /><ent r="5" t="57" w="86" /><ent r="5" t="57" w="86" /><ent r="3" t="58" w="18" /><ent r="3" t="58" w="18" /><ent r="5" t="59" w="87" /><ent r="5" t="59" w="87" /></phr><phr n="Retrieve"><ent r="92" t="25" w="100" /><ent r="92" t="25" w="100" /><ent r="3" t="25" w="242" /><ent r="3" t="25" w="242" /><ent r="3" t="25" w="340" /><ent r="3" t="25" w="340" /><ent r="64" t="26" w="242" /><ent r="64" t="26" w="242" /><ent r="64" t="26" w="274" /><ent r="64" t="26" w="274" /><ent r="65" t="51" w="40" /><ent r="65" t="51" w="40" /><ent r="65" t="51" w="47" /><ent r="65" t="51" w="47" /><ent r="65" t="51" w="53" /><ent r="65" t="51" w="53" /><ent r="4" t="57" w="31" /><ent r="4" t="57" w="31" /><ent r="4" t="58" w="106" /><ent r="4" t="58" w="106" /><ent r="5" t="59" w="125" /><ent r="5" t="59" w="125" /><ent r="5" t="59" w="140" /><ent r="5" t="59" w="140" /></phr><phr n="retrieved"><ent r="3" t="25" w="351" /><ent r="3" t="25" w="351" /><ent r="3" t="26" w="178" /><ent r="3" t="26" w="178" /><ent r="3" t="26" w="185" /><ent r="3" t="26" w="185" /><ent r="3" t="31" w="109" /><ent r="3" t="31" w="109" /><ent r="3" t="31" w="311" /><ent r="3" t="31" w="311" /><ent r="3" t="31" w="394" /><ent r="3" t="31" w="394" /><ent r="3" t="34" w="389" /><ent r="3" t="34" w="389" /><ent r="3" t="56" w="15" /><ent r="3" t="56" w="15" /></phr><phr n="retrieves"><ent r="4" t="25" w="363" /><ent r="4" t="25" w="363" /><ent r="3" t="28" w="81" /><ent r="3" t="28" w="81" /><ent r="3" t="52" w="13" /><ent r="3" t="52" w="13" /><ent r="3" t="53" w="13" /><ent r="3" t="53" w="13" /></phr><phr n="Retrieving"><ent r="1000" t="28" w="1" /><ent r="1000" t="28" w="1" /><ent r="102" t="28" w="7" /><ent r="102" t="28" w="7" /><ent r="92" t="28" w="65" /><ent r="92" t="28" w="65" /><ent r="92" t="28" w="133" /><ent r="92" t="28" w="133" /><ent r="92" t="28" w="206" /><ent r="92" t="28" w="206" /><ent r="92" t="31" w="219" /><ent r="92" t="31" w="219" /><ent r="1000" t="34" w="1" /><ent r="1000" t="34" w="1" /><ent r="102" t="34" w="8" /><ent r="102" t="34" w="8" /><ent r="1000" t="56" w="1" /><ent r="1000" t="56" w="1" /><ent r="102" t="56" w="6" /><ent r="102" t="56" w="6" /><ent r="1000" t="58" w="1" /><ent r="1000" t="58" w="1" /><ent r="102" t="58" w="7" /><ent r="102" t="58" w="7" /><ent r="1000" t="59" w="1" /><ent r="1000" t="59" w="1" /><ent r="102" t="59" w="9" /><ent r="102" t="59" w="9" /></phr><phr n="retrieval"><ent r="3" t="31" w="786" /><ent r="3" t="31" w="786" /><ent r="3" t="34" w="185" /></phr><phr n="retrieving"><ent r="64" t="31" w="792" /><ent r="64" t="31" w="792" /><ent r="3" t="34" w="20" /><ent r="3" t="34" w="20" /><ent r="3" t="35" w="173" /><ent r="3" t="35" w="173" /></phr><phr n="Retrieves"><ent r="3" t="52" w="112" /><ent r="3" t="52" w="112" /><ent r="3" t="53" w="78" /><ent r="3" t="53" w="78" /><ent r="3" t="56" w="52" /><ent r="3" t="56" w="52" /><ent r="3" t="56" w="156" /><ent r="3" t="56" w="156" /><ent r="3" t="58" w="33" /><ent r="3" t="58" w="33" /><ent r="4" t="59" w="52" /><ent r="4" t="59" w="52" /></phr></stem><stem n="definit"><phr n="definition"><ent r="7" t="3" w="812" /><ent r="7" t="3" w="812" /><ent r="3" t="24" w="213" /><ent r="3" t="24" w="213" /><ent r="3" t="24" w="244" /><ent r="4" t="24" w="316" /><ent r="4" t="24" w="316" /><ent r="3" t="29" w="91" /><ent r="3" t="29" w="91" /><ent r="3" t="49" w="80" /><ent r="3" t="49" w="80" /></phr><phr n="Definitions"><ent r="1000" t="24" w="1" /><ent r="1000" t="24" w="1" /><ent r="102" t="24" w="5" /><ent r="102" t="24" w="5" /></phr><phr n="definitions"><ent r="4" t="45" w="317" /><ent r="4" t="45" w="317" /></phr><phr n="Definition"><ent r="3" t="48" w="162" /><ent r="3" t="48" w="162" /></phr></stem><stem n="current"><phr n="current"><ent r="8" t="3" w="826" /><ent r="8" t="3" w="826" /><ent r="3" t="15" w="201" /><ent r="3" t="15" w="201" /><ent r="3" t="37" w="394" /><ent r="3" t="37" w="394" /><ent r="4" t="38" w="34" /><ent r="4" t="38" w="34" /><ent r="4" t="38" w="81" /><ent r="4" t="38" w="81" /><ent r="3" t="39" w="242" /><ent r="3" t="39" w="242" /><ent r="3" t="43" w="59" /><ent r="3" t="43" w="59" /><ent r="3" t="48" w="238" /><ent r="3" t="48" w="238" /><ent r="3" t="48" w="241" /><ent r="3" t="48" w="241" /><ent r="3" t="64" w="160" /><ent r="3" t="64" w="160" /><ent r="3" t="69" w="60" /><ent r="3" t="69" w="60" /></phr><phr n="Current"><ent r="7" t="17" w="356" /><ent r="7" t="17" w="356" /><ent r="4" t="39" w="289" /><ent r="4" t="39" w="289" /><ent r="3" t="48" w="252" /><ent r="3" t="48" w="252" /><ent r="3" t="48" w="254" /><ent r="3" t="48" w="254" /><ent r="3" t="48" w="258" /><ent r="3" t="48" w="258" /></phr><phr n="currently"><ent r="3" t="27" w="253" /><ent r="3" t="27" w="253" /><ent r="3" t="38" w="440" /><ent r="3" t="38" w="440" /><ent r="3" t="39" w="434" /><ent r="3" t="39" w="434" /><ent r="3" t="48" w="406" /><ent r="3" t="48" w="406" /></phr><phr n="Currently"><ent r="3" t="59" w="40" /><ent r="3" t="59" w="40" /></phr></stem><stem n="dialog"><phr n="dialog"><ent r="8" t="3" w="850" /><ent r="8" t="3" w="850" /><ent r="8" t="3" w="901" /><ent r="8" t="3" w="901" /><ent r="8" t="3" w="920" /><ent r="8" t="3" w="920" /><ent r="4" t="41" w="130" /></phr><phr n="dialogs"><ent r="4" t="41" w="105" /><ent r="4" t="41" w="105" /></phr><phr n="Dialog"><ent r="3" t="48" w="165" /></phr></stem><stem n="appropri"><phr n="appropriate"><ent r="8" t="3" w="854" /><ent r="8" t="3" w="854" /><ent r="8" t="3" w="905" /><ent r="8" t="3" w="905" /><ent r="8" t="3" w="924" /><ent r="8" t="3" w="924" /><ent r="3" t="25" w="149" /><ent r="3" t="25" w="149" /><ent r="3" t="31" w="659" /><ent r="3" t="31" w="659" /><ent r="3" t="38" w="566" /><ent r="3" t="38" w="566" /><ent r="4" t="57" w="33" /><ent r="4" t="57" w="33" /><ent r="4" t="77" w="92" /><ent r="4" t="77" w="92" /></phr></stem><stem n="head"><phr n="heading"><ent r="7" t="3" w="871" /><ent r="7" t="3" w="871" /></phr></stem><stem n="book"><phr n="book"><ent r="8" t="3" w="875" /><ent r="8" t="3" w="875" /><ent r="6" t="80" w="286" /></phr><phr n="books"><ent r="4" t="15" w="283" /><ent r="4" t="15" w="283" /></phr></stem><stem n="hhactivex"><phr n="HHActiveX"><ent r="100" t="3" w="937" /><ent r="3" t="3" w="967" /><ent r="3" t="3" w="982" /><ent r="3" t="3" w="1000" /><ent r="65" t="3" w="1007" /></phr><phr n="hhactivex"><ent r="4" t="3" w="1062" /><ent r="3" t="3" w="1071" /></phr></stem><stem n="distribut"><phr n="distributed"><ent r="3" t="3" w="947" /><ent r="3" t="3" w="947" /></phr></stem><stem n="standalon"><phr n="standalone"><ent r="3" t="3" w="950" /><ent r="3" t="3" w="950" /></phr></stem><stem n="hyperlink"><phr n="hyperlinks"><ent r="3" t="3" w="965" /></phr><phr n="Hyperlink"><ent r="6" t="5" w="221" /><ent r="6" t="5" w="221" /></phr></stem><stem n="activex"><phr n="ActiveX"><ent r="3" t="3" w="970" /><ent r="3" t="3" w="970" /></phr></stem><stem n="regist"><phr n="registered"><ent r="3" t="3" w="976" /><ent r="3" t="3" w="976" /><ent r="3" t="3" w="986" /><ent r="3" t="3" w="986" /><ent r="3" t="72" w="44" /><ent r="3" t="72" w="44" /><ent r="3" t="72" w="72" /><ent r="3" t="72" w="72" /><ent r="3" t="72" w="100" /><ent r="3" t="72" w="100" /></phr><phr n="register"><ent r="3" t="3" w="993" /><ent r="3" t="3" w="993" /><ent r="3" t="3" w="998" /><ent r="3" t="3" w="998" /><ent r="7" t="17" w="7058" /><ent r="7" t="17" w="7058" /><ent r="4" t="46" w="143" /><ent r="4" t="46" w="143" /></phr><phr n="Register"><ent r="7" t="17" w="7048" /><ent r="7" t="17" w="7048" /></phr></stem><stem n="comput"><phr n="computer"><ent r="3" t="3" w="979" /><ent r="3" t="3" w="989" /><ent r="3" t="9" w="152" /><ent r="3" t="9" w="152" /><ent r="4" t="15" w="507" /><ent r="4" t="15" w="507" /><ent r="3" t="72" w="140" /><ent r="4" t="77" w="113" /><ent r="4" t="77" w="113" /><ent r="4" t="78" w="57" /><ent r="4" t="78" w="85" /><ent r="4" t="78" w="144" /><ent r="4" t="78" w="144" /></phr><phr n="Computer"><ent r="7" t="17" w="174" /><ent r="7" t="17" w="190" /><ent r="7" t="17" w="206" /></phr></stem><stem n="manual"><phr n="manually"><ent r="3" t="3" w="992" /><ent r="3" t="3" w="992" /><ent r="3" t="3" w="997" /><ent r="3" t="3" w="997" /><ent r="3" t="35" w="535" /><ent r="3" t="35" w="535" /><ent r="3" t="45" w="31" /></phr><phr n="Manuals"><ent r="7" t="17" w="6979" /><ent r="7" t="17" w="6979" /></phr><phr n="MANUAL"><ent r="3" t="72" w="180" /><ent r="3" t="72" w="180" /></phr></stem><stem n="directori"><phr n="directory"><ent r="4" t="3" w="1016" /><ent r="7" t="17" w="5723" /><ent r="7" t="17" w="5723" /><ent r="4" t="78" w="24" /><ent r="4" t="78" w="24" /></phr><phr n="Directory"><ent r="7" t="17" w="5442" /><ent r="7" t="17" w="5442" /><ent r="7" t="17" w="5713" /><ent r="7" t="17" w="5713" /></phr></stem><stem n="95"><phr n="95"><ent r="5" t="3" w="1019" /></phr></stem><stem n="98"><phr n="98"><ent r="5" t="3" w="1020" /></phr></stem><stem n="nt"><phr n="NT"><ent r="5" t="3" w="1027" /><ent r="5" t="3" w="1027" /></phr></stem><stem n="2000"><phr n="2000"><ent r="5" t="3" w="1030" /></phr></stem><stem n="xp"><phr n="XP"><ent r="5" t="3" w="1031" /></phr></stem><stem n="winnt"><phr n="Winnt"><ent r="6" t="3" w="1033" /></phr><phr n="WINNT"><ent r="3" t="3" w="1069" /></phr></stem><stem n="system32"><phr n="system32"><ent r="6" t="3" w="1034" /><ent r="6" t="3" w="1034" /></phr><phr n="System32"><ent r="3" t="3" w="1070" /></phr></stem><stem n="run"><phr n="Run"><ent r="5" t="3" w="1047" /><ent r="5" t="3" w="1047" /></phr><phr n="run"><ent r="6" t="7" w="1276" /><ent r="6" t="7" w="1276" /><ent r="7" t="17" w="5117" /><ent r="7" t="17" w="5117" /><ent r="4" t="45" w="308" /><ent r="4" t="45" w="308" /><ent r="4" t="45" w="365" /><ent r="4" t="45" w="365" /><ent r="4" t="46" w="140" /><ent r="4" t="46" w="140" /><ent r="3" t="48" w="305" /><ent r="3" t="48" w="305" /><ent r="3" t="48" w="323" /><ent r="3" t="48" w="323" /><ent r="3" t="48" w="375" /><ent r="3" t="48" w="375" /><ent r="3" t="49" w="182" /><ent r="3" t="49" w="182" /><ent r="3" t="49" w="210" /><ent r="3" t="49" w="210" /></phr><phr n="running"><ent r="4" t="38" w="82" /><ent r="4" t="38" w="82" /><ent r="4" t="45" w="340" /><ent r="4" t="45" w="340" /></phr></stem><stem n="regsvr32"><phr n="regsvr32"><ent r="4" t="3" w="1060" /><ent r="4" t="3" w="1060" /><ent r="3" t="3" w="1067" /><ent r="3" t="3" w="1067" /></phr></stem><stem n="&lt;path&gt;"><phr n="&lt;path&gt;"><ent r="4" t="3" w="1061" /></phr></stem><stem n="c"><phr n="c"><ent r="3" t="3" w="1068" /><ent r="7" t="17" w="800" /><ent r="3" t="65" w="287" /></phr><phr n="C"><ent r="6" t="5" w="219" /><ent r="4" t="15" w="261" /><ent r="4" t="15" w="307" /><ent r="7" t="17" w="928" /><ent r="7" t="17" w="5173" /><ent r="7" t="17" w="6178" /><ent r="7" t="17" w="6298" /><ent r="7" t="17" w="6314" /><ent r="7" t="17" w="6372" /><ent r="7" t="17" w="6535" /><ent r="7" t="17" w="6954" /><ent r="3" t="28" w="364" /><ent r="3" t="31" w="481" /><ent r="3" t="35" w="399" /><ent r="3" t="35" w="549" /><ent r="4" t="52" w="175" /><ent r="4" t="53" w="118" /><ent r="4" t="54" w="105" /><ent r="4" t="55" w="141" /><ent r="4" t="56" w="124" /><ent r="4" t="56" w="191" /><ent r="5" t="57" w="98" /><ent r="4" t="58" w="80" /><ent r="5" t="59" w="99" /></phr></stem><stem n="make"><phr n="make"><ent r="3" t="4" w="21" /><ent r="3" t="4" w="21" /><ent r="3" t="24" w="446" /><ent r="3" t="24" w="446" /><ent r="3" t="27" w="127" /><ent r="3" t="27" w="127" /><ent r="3" t="49" w="109" /><ent r="3" t="49" w="109" /><ent r="3" t="50" w="10" /><ent r="3" t="50" w="10" /><ent r="3" t="50" w="68" /><ent r="3" t="50" w="68" /><ent r="3" t="50" w="274" /><ent r="3" t="50" w="274" /><ent r="3" t="68" w="220" /><ent r="3" t="68" w="220" /><ent r="3" t="68" w="244" /><ent r="3" t="68" w="244" /><ent r="3" t="69" w="278" /><ent r="3" t="69" w="278" /><ent r="3" t="69" w="311" /><ent r="3" t="69" w="311" /><ent r="3" t="69" w="342" /><ent r="3" t="69" w="342" /><ent r="4" t="69" w="381" /><ent r="4" t="69" w="381" /></phr><phr n="making"><ent r="6" t="7" w="553" /><ent r="6" t="7" w="553" /><ent r="6" t="7" w="562" /><ent r="6" t="7" w="562" /><ent r="3" t="24" w="360" /><ent r="3" t="24" w="360" /><ent r="3" t="69" w="69" /><ent r="3" t="69" w="69" /></phr><phr n="Make"><ent r="7" t="17" w="3575" /><ent r="7" t="17" w="3575" /><ent r="7" t="17" w="3589" /><ent r="7" t="17" w="3589" /><ent r="8" t="17" w="3882" /><ent r="8" t="17" w="3882" /><ent r="8" t="17" w="3896" /><ent r="8" t="17" w="3896" /><ent r="8" t="17" w="4095" /><ent r="8" t="17" w="4095" /><ent r="8" t="17" w="4109" /><ent r="8" t="17" w="4109" /><ent r="7" t="17" w="4265" /><ent r="7" t="17" w="4265" /><ent r="7" t="17" w="4279" /><ent r="7" t="17" w="4279" /><ent r="7" t="17" w="4536" /><ent r="7" t="17" w="4536" /><ent r="7" t="17" w="4550" /><ent r="7" t="17" w="4550" /><ent r="7" t="17" w="4679" /><ent r="7" t="17" w="4679" /><ent r="7" t="17" w="4693" /><ent r="7" t="17" w="4693" /><ent r="7" t="17" w="4998" /><ent r="7" t="17" w="4998" /><ent r="3" t="31" w="669" /><ent r="3" t="31" w="669" /></phr><phr n="makes"><ent r="3" t="29" w="295" /><ent r="3" t="29" w="295" /><ent r="3" t="50" w="41" /><ent r="3" t="50" w="41" /><ent r="3" t="50" w="168" /><ent r="3" t="50" w="168" /><ent r="3" t="72" w="233" /><ent r="3" t="72" w="233" /></phr></stem><stem n="contract"><phr n="contracts"><ent r="3" t="4" w="66" /><ent r="3" t="4" w="66" /></phr></stem><stem n="partner"><phr n="Partners"><ent r="3" t="4" w="82" /></phr><phr n="partner"><ent r="3" t="4" w="98" /><ent r="3" t="4" w="98" /><ent r="64" t="4" w="132" /></phr><phr n="Partner"><ent r="3" t="4" w="122" /></phr><phr n="partners"><ent r="64" t="4" w="130" /></phr></stem><stem n="call"><phr n="Call"><ent r="3" t="4" w="83" /><ent r="3" t="4" w="83" /><ent r="7" t="17" w="5032" /><ent r="7" t="17" w="5032" /></phr><phr n="call"><ent r="3" t="4" w="110" /><ent r="3" t="4" w="325" /><ent r="3" t="15" w="142" /><ent r="3" t="15" w="142" /><ent r="7" t="17" w="5041" /><ent r="7" t="17" w="5041" /><ent r="3" t="24" w="99" /><ent r="3" t="24" w="99" /><ent r="3" t="25" w="212" /><ent r="3" t="25" w="212" /><ent r="3" t="27" w="462" /><ent r="3" t="27" w="462" /><ent r="3" t="28" w="113" /><ent r="3" t="28" w="353" /><ent r="3" t="28" w="353" /><ent r="3" t="28" w="390" /><ent r="3" t="28" w="390" /><ent r="3" t="28" w="447" /><ent r="3" t="28" w="447" /><ent r="3" t="28" w="465" /><ent r="3" t="28" w="465" /><ent r="3" t="28" w="471" /><ent r="3" t="28" w="471" /><ent r="3" t="28" w="591" /><ent r="3" t="28" w="591" /><ent r="3" t="28" w="616" /><ent r="3" t="28" w="616" /><ent r="3" t="30" w="52" /><ent r="3" t="30" w="52" /><ent r="3" t="31" w="153" /><ent r="3" t="31" w="153" /><ent r="3" t="31" w="181" /><ent r="3" t="31" w="181" /><ent r="3" t="32" w="107" /><ent r="3" t="32" w="107" /><ent r="3" t="35" w="536" /><ent r="3" t="35" w="536" /><ent r="3" t="50" w="108" /><ent r="3" t="50" w="108" /></phr><phr n="calls"><ent r="6" t="7" w="918" /><ent r="6" t="7" w="918" /><ent r="3" t="15" w="154" /><ent r="3" t="15" w="154" /><ent r="3" t="39" w="147" /><ent r="3" t="39" w="147" /><ent r="3" t="48" w="128" /><ent r="3" t="48" w="128" /><ent r="3" t="48" w="182" /><ent r="3" t="48" w="182" /><ent r="3" t="48" w="271" /><ent r="3" t="48" w="271" /><ent r="3" t="48" w="341" /><ent r="3" t="48" w="341" /><ent r="3" t="50" w="33" /><ent r="3" t="50" w="33" /><ent r="3" t="50" w="70" /><ent r="3" t="50" w="70" /><ent r="3" t="50" w="119" /><ent r="3" t="50" w="119" /><ent r="3" t="50" w="150" /><ent r="3" t="50" w="170" /><ent r="3" t="50" w="170" /><ent r="3" t="50" w="276" /><ent r="3" t="50" w="276" /><ent r="3" t="65" w="52" /></phr><phr n="calling"><ent r="3" t="25" w="256" /><ent r="3" t="25" w="256" /><ent r="3" t="25" w="312" /><ent r="3" t="25" w="312" /><ent r="3" t="31" w="684" /><ent r="3" t="31" w="684" /></phr><phr n="called"><ent r="3" t="27" w="585" /><ent r="3" t="27" w="585" /><ent r="3" t="28" w="78" /><ent r="3" t="28" w="78" /><ent r="3" t="28" w="214" /><ent r="3" t="28" w="214" /><ent r="3" t="29" w="305" /><ent r="3" t="29" w="305" /><ent r="3" t="30" w="17" /><ent r="3" t="30" w="17" /><ent r="3" t="33" w="27" /><ent r="3" t="33" w="27" /><ent r="3" t="34" w="190" /><ent r="3" t="34" w="190" /><ent r="3" t="34" w="365" /><ent r="3" t="34" w="365" /><ent r="3" t="37" w="119" /><ent r="3" t="37" w="119" /><ent r="3" t="38" w="374" /><ent r="3" t="38" w="374" /><ent r="3" t="40" w="85" /><ent r="3" t="40" w="85" /><ent r="3" t="40" w="123" /><ent r="3" t="40" w="123" /><ent r="3" t="62" w="88" /><ent r="3" t="62" w="88" /><ent r="3" t="62" w="121" /><ent r="3" t="62" w="121" /></phr></stem><stem n="telephon"><phr n="telephone"><ent r="3" t="4" w="87" /><ent r="3" t="4" w="87" /><ent r="7" t="79" w="94" /><ent r="7" t="79" w="94" /><ent r="7" t="79" w="103" /></phr></stem></index>