<?xml version="1.0" encoding="utf-8"?><index><stem n="ne"><phr n="Ne"><ent r="7" t="17" w="3660" /><ent r="8" t="17" w="4764" /><ent r="7" t="17" w="5379" /><ent r="7" t="17" w="5886" /></phr></stem><stem n="w"><phr n="w"><ent r="7" t="17" w="3661" /><ent r="7" t="17" w="3661" /><ent r="8" t="17" w="4765" /><ent r="8" t="17" w="4765" /><ent r="7" t="17" w="5380" /><ent r="7" t="17" w="5380" /><ent r="7" t="17" w="5887" /><ent r="7" t="17" w="5887" /></phr></stem><stem n="insertnot"><phr n="insertnote"><ent r="7" t="17" w="3666" /><ent r="7" t="17" w="3666" /><ent r="8" t="17" w="3942" /><ent r="8" t="17" w="3942" /><ent r="8" t="17" w="4155" /><ent r="8" t="17" w="4155" /><ent r="7" t="17" w="4332" /><ent r="7" t="17" w="4332" /><ent r="7" t="17" w="4603" /><ent r="7" t="17" w="4603" /><ent r="8" t="17" w="4770" /><ent r="8" t="17" w="4770" /></phr></stem><stem n="recordhistori"><phr n="recordhistory"><ent r="7" t="17" w="3673" /><ent r="7" t="17" w="3673" /><ent r="8" t="17" w="3950" /><ent r="8" t="17" w="3950" /><ent r="8" t="17" w="4163" /><ent r="8" t="17" w="4163" /><ent r="7" t="17" w="4347" /><ent r="7" t="17" w="4347" /><ent r="8" t="17" w="4777" /><ent r="8" t="17" w="4777" /></phr></stem><stem n="attachfil"><phr n="attachfile"><ent r="7" t="17" w="3695" /><ent r="7" t="17" w="3695" /><ent r="8" t="17" w="3972" /><ent r="8" t="17" w="3972" /><ent r="7" t="17" w="4371" /><ent r="7" t="17" w="4371" /><ent r="8" t="17" w="4799" /><ent r="8" t="17" w="4799" /></phr></stem><stem n="attachshortcut"><phr n="attachshortcut"><ent r="8" t="17" w="3706" /><ent r="8" t="17" w="3706" /><ent r="8" t="17" w="3983" /><ent r="8" t="17" w="3983" /><ent r="7" t="17" w="4383" /><ent r="7" t="17" w="4383" /><ent r="8" t="17" w="4810" /><ent r="8" t="17" w="4810" /></phr></stem><stem n="vcard"><phr n="vCard"><ent r="7" t="17" w="3709" /><ent r="7" t="17" w="3709" /></phr></stem><stem n="sendvcard"><phr n="sendvcard"><ent r="8" t="17" w="3718" /><ent r="8" t="17" w="3718" /></phr></stem><stem n="lin"><phr n="Lin"><ent r="7" t="17" w="3721" /><ent r="7" t="17" w="4400" /></phr></stem><stem n="ked"><phr n="ked"><ent r="7" t="17" w="3722" /><ent r="7" t="17" w="3722" /><ent r="7" t="17" w="4401" /><ent r="7" t="17" w="4401" /></phr></stem><stem n="updatelinkedcontact"><phr n="updatelinkedcontact"><ent r="8" t="17" w="3732" /><ent r="8" t="17" w="3732" /></phr><phr n="updatelinkedcontacts"><ent r="8" t="17" w="4412" /><ent r="8" t="17" w="4412" /></phr></stem><stem n="map"><phr n="Map"><ent r="7" t="17" w="3735" /></phr></stem><stem n="showmapforent"><phr n="showMapForEntity"><ent r="7" t="17" w="3744" /><ent r="7" t="17" w="3744" /></phr></stem><stem n="addsecondarycontact"><phr n="addsecondarycontact"><ent r="7" t="17" w="3757" /><ent r="7" t="17" w="3757" /></phr></stem><stem n="phonecontact"><phr n="phonecontact"><ent r="7" t="17" w="3769" /><ent r="7" t="17" w="3769" /></phr></stem><stem n="addselect"><phr n="addselected"><ent r="7" t="17" w="3783" /><ent r="7" t="17" w="3783" /><ent r="7" t="17" w="3799" /><ent r="7" t="17" w="3799" /></phr></stem><stem n="compan"><phr n="Compan"><ent r="7" t="17" w="3788" /><ent r="7" t="17" w="4199" /><ent r="7" t="17" w="4470" /><ent r="7" t="17" w="5646" /></phr></stem><stem n="grou"><phr n="Grou"><ent r="8" t="17" w="3822" /><ent r="8" t="17" w="4035" /></phr></stem><stem n="newgroup"><phr n="newgroup"><ent r="8" t="17" w="3832" /><ent r="8" t="17" w="3832" /><ent r="8" t="17" w="4045" /><ent r="8" t="17" w="4045" /></phr></stem><stem n="newsubgroup"><phr n="newsubgroup"><ent r="8" t="17" w="3844" /><ent r="8" t="17" w="3844" /><ent r="8" t="17" w="4057" /><ent r="8" t="17" w="4057" /></phr></stem><stem n="uplic"><phr n="uplicate"><ent r="8" t="17" w="3847" /><ent r="8" t="17" w="3847" /><ent r="8" t="17" w="4060" /><ent r="8" t="17" w="4060" /><ent r="7" t="17" w="4228" /><ent r="7" t="17" w="4228" /><ent r="7" t="17" w="4499" /><ent r="7" t="17" w="4499" /><ent r="7" t="17" w="4641" /><ent r="7" t="17" w="4641" /><ent r="7" t="17" w="4960" /><ent r="7" t="17" w="4960" /></phr></stem><stem n="editgroupaccess"><phr n="editgroupaccess"><ent r="8" t="17" w="3880" /><ent r="8" t="17" w="3880" /><ent r="8" t="17" w="3893" /><ent r="8" t="17" w="3907" /><ent r="8" t="17" w="3921" /><ent r="8" t="17" w="4093" /><ent r="8" t="17" w="4093" /><ent r="8" t="17" w="4106" /><ent r="8" t="17" w="4120" /><ent r="8" t="17" w="4134" /></phr></stem><stem n="makegroupspriv"><phr n="makegroupsprivate"><ent r="8" t="17" w="3894" /><ent r="8" t="17" w="3894" /><ent r="8" t="17" w="4107" /><ent r="8" t="17" w="4107" /></phr></stem><stem n="makegroupspubl"><phr n="makegroupspublic"><ent r="8" t="17" w="3908" /><ent r="8" t="17" w="3908" /><ent r="8" t="17" w="4121" /><ent r="8" t="17" w="4121" /></phr></stem><stem n="editgroupaccesslist"><phr n="editgroupaccesslist"><ent r="8" t="17" w="3922" /><ent r="8" t="17" w="3922" /><ent r="8" t="17" w="4135" /><ent r="8" t="17" w="4135" /></phr></stem><stem n="createlookup"><phr n="createlookup"><ent r="8" t="17" w="3934" /><ent r="8" t="17" w="3934" /><ent r="8" t="17" w="4147" /><ent r="8" t="17" w="4147" /><ent r="7" t="17" w="4318" /><ent r="7" t="17" w="4318" /><ent r="7" t="17" w="4589" /><ent r="7" t="17" w="4589" /></phr></stem><stem n="conver"><phr n="Conver"><ent r="8" t="17" w="3997" /></phr></stem><stem n="addcontact"><phr n="addcontact"><ent r="8" t="17" w="4022" /><ent r="8" t="17" w="4022" /><ent r="7" t="17" w="4456" /><ent r="7" t="17" w="4456" /></phr></stem><stem n="newcompani"><phr n="newcompany"><ent r="7" t="17" w="4210" /><ent r="7" t="17" w="4210" /><ent r="7" t="17" w="4481" /><ent r="7" t="17" w="4481" /></phr></stem><stem n="di"><phr n="Di"><ent r="7" t="17" w="4213" /><ent r="7" t="17" w="4484" /></phr></stem><stem n="vision"><phr n="vision"><ent r="7" t="17" w="4214" /><ent r="7" t="17" w="4214" /><ent r="7" t="17" w="4485" /><ent r="7" t="17" w="4485" /></phr></stem><stem n="newsubcompani"><phr n="newsubcompany"><ent r="7" t="17" w="4225" /><ent r="7" t="17" w="4225" /><ent r="7" t="17" w="4496" /><ent r="7" t="17" w="4496" /></phr></stem><stem n="editcompanyaccess"><phr n="editcompanyaccess"><ent r="7" t="17" w="4263" /><ent r="7" t="17" w="4263" /><ent r="7" t="17" w="4276" /><ent r="7" t="17" w="4290" /><ent r="7" t="17" w="4304" /><ent r="7" t="17" w="4534" /><ent r="7" t="17" w="4534" /><ent r="7" t="17" w="4547" /><ent r="7" t="17" w="4561" /><ent r="7" t="17" w="4575" /></phr></stem><stem n="makecompanyspriv"><phr n="makecompanysprivate"><ent r="7" t="17" w="4277" /><ent r="7" t="17" w="4277" /><ent r="7" t="17" w="4548" /><ent r="7" t="17" w="4548" /></phr></stem><stem n="makecompanyspubl"><phr n="makecompanyspublic"><ent r="7" t="17" w="4291" /><ent r="7" t="17" w="4291" /><ent r="7" t="17" w="4562" /><ent r="7" t="17" w="4562" /></phr></stem><stem n="editcompanyaccesslist"><phr n="editcompanyaccesslist"><ent r="7" t="17" w="4305" /><ent r="7" t="17" w="4305" /><ent r="7" t="17" w="4576" /><ent r="7" t="17" w="4576" /></phr></stem><stem n="histo"><phr n="Histo"><ent r="7" t="17" w="4336" /></phr></stem><stem n="ry"><phr n="ry"><ent r="7" t="17" w="4337" /></phr></stem><stem n="companycontactmap"><phr n="companycontactmap"><ent r="8" t="17" w="4397" /><ent r="8" t="17" w="4397" /></phr></stem><stem n="con"><phr n="Con"><ent r="7" t="17" w="4415" /><ent r="7" t="17" w="6143" /></phr></stem><stem n="tact"><phr n="tact"><ent r="7" t="17" w="4416" /><ent r="7" t="17" w="4416" /></phr></stem><stem n="createcontactfrom"><phr n="createcontactfrom"><ent r="7" t="17" w="4429" /><ent r="7" t="17" w="4429" /></phr></stem><stem n="newopportun"><phr n="newopportunity"><ent r="7" t="17" w="4638" /><ent r="7" t="17" w="4638" /><ent r="7" t="17" w="4957" /><ent r="7" t="17" w="4957" /></phr></stem><stem n="deleteopportun"><phr n="deleteopportunity"><ent r="7" t="17" w="4664" /><ent r="7" t="17" w="4664" /><ent r="7" t="17" w="4983" /><ent r="7" t="17" w="4983" /></phr></stem><stem n="editopportunityaccess"><phr n="editopportunityaccess"><ent r="7" t="17" w="4677" /><ent r="7" t="17" w="4677" /><ent r="7" t="17" w="4690" /><ent r="7" t="17" w="4704" /><ent r="8" t="17" w="4718" /><ent r="8" t="17" w="4732" /><ent r="8" t="17" w="4747" /><ent r="8" t="17" w="4761" /><ent r="7" t="17" w="4996" /><ent r="7" t="17" w="4996" /><ent r="7" t="17" w="5009" /></phr></stem><stem n="makeopportunitypriv"><phr n="makeopportunityprivate"><ent r="7" t="17" w="4691" /><ent r="7" t="17" w="4691" /><ent r="7" t="17" w="5010" /><ent r="7" t="17" w="5010" /></phr></stem><stem n="makeopportunitypubl"><phr n="makeopportunitypublic"><ent r="7" t="17" w="4705" /><ent r="7" t="17" w="4705" /></phr></stem><stem n="removeusersteam"><phr n="removeusersteams"><ent r="8" t="17" w="4733" /><ent r="8" t="17" w="4733" /></phr></stem><stem n="addremovecontact"><phr n="addremovecontacts"><ent r="8" t="17" w="4823" /><ent r="8" t="17" w="4823" /></phr></stem><stem n="rem"><phr n="Rem"><ent r="8" t="17" w="4826" /></phr></stem><stem n="ov"><phr n="ove"><ent r="8" t="17" w="4827" /><ent r="8" t="17" w="4827" /></phr></stem><stem n="addremovegroupscompani"><phr n="addremovegroupscompanies"><ent r="8" t="17" w="4839" /><ent r="8" t="17" w="4839" /></phr></stem><stem n="roduct"><phr n="roduct"><ent r="8" t="17" w="4843" /><ent r="8" t="17" w="4843" /></phr></stem><stem n="addproduct"><phr n="addproduct"><ent r="8" t="17" w="4852" /><ent r="8" t="17" w="4852" /></phr></stem><stem n="createquot"><phr n="createquote"><ent r="8" t="17" w="4865" /><ent r="8" t="17" w="4865" /></phr></stem><stem n="follow-up"><phr n="Follow-up"><ent r="8" t="17" w="4868" /></phr></stem><stem n="schedulefollowup"><phr n="schedulefollowup"><ent r="8" t="17" w="4878" /><ent r="8" t="17" w="4878" /></phr></stem><stem n="salesgraph"><phr n="salesgraph"><ent r="8" t="17" w="4891" /><ent r="8" t="17" w="4891" /></phr></stem><stem n="pipelin"><phr n="Pipeline"><ent r="7" t="17" w="4894" /><ent r="7" t="17" w="5859" /><ent r="4" t="39" w="453" /><ent r="4" t="39" w="453" /></phr><phr n="pipeline"><ent r="7" t="17" w="4904" /><ent r="7" t="17" w="4904" /><ent r="7" t="17" w="5869" /><ent r="7" t="17" w="5869" /></phr></stem><stem n="productlist"><phr n="productlist"><ent r="7" t="17" w="4918" /><ent r="7" t="17" w="4918" /></phr></stem><stem n="processlist"><phr n="processlist"><ent r="7" t="17" w="4933" /><ent r="7" t="17" w="4933" /></phr></stem><stem n="meet"><phr n="Meeting"><ent r="7" t="17" w="5043" /><ent r="7" t="17" w="5043" /></phr><phr n="meeting"><ent r="7" t="17" w="5052" /><ent r="7" t="17" w="5052" /><ent r="4" t="45" w="89" /><ent r="4" t="45" w="89" /><ent r="4" t="45" w="104" /><ent r="4" t="45" w="104" /><ent r="4" t="45" w="115" /><ent r="4" t="45" w="115" /></phr><phr n="meet"><ent r="3" t="40" w="93" /><ent r="3" t="40" w="93" /><ent r="3" t="40" w="107" /><ent r="3" t="40" w="107" /></phr></stem><stem n="to-do"><phr n="To-Do"><ent r="7" t="17" w="5054" /><ent r="7" t="17" w="5054" /></phr></stem><stem n="todo"><phr n="todo"><ent r="7" t="17" w="5064" /><ent r="7" t="17" w="5064" /></phr></stem><stem n="outloo"><phr n="Outloo"><ent r="7" t="17" w="5080" /><ent r="7" t="17" w="6285" /></phr></stem><stem n="outlookcalendarsync"><phr n="outlookcalendarsync"><ent r="7" t="17" w="5091" /><ent r="7" t="17" w="5091" /><ent r="7" t="17" w="6327" /><ent r="7" t="17" w="6327" /></phr></stem><stem n="sma"><phr n="Sma"><ent r="8" t="17" w="5094" /></phr></stem><stem n="rt"><phr n="rt"><ent r="8" t="17" w="5095" /><ent r="8" t="17" w="5095" /></phr></stem><stem n="r"><phr n="R"><ent r="8" t="17" w="5106" /></phr><phr n="r"><ent r="7" t="17" w="6430" /><ent r="7" t="17" w="6430" /></phr></stem><stem n="un"><phr n="un"><ent r="8" t="17" w="5107" /><ent r="8" t="17" w="5107" /></phr></stem><stem n="pend"><phr n="Pending"><ent r="8" t="17" w="5134" /><ent r="8" t="17" w="5134" /></phr><phr n="pending"><ent r="7" t="17" w="5145" /><ent r="7" t="17" w="5145" /></phr><phr n="pended"><ent r="3" t="65" w="256" /></phr></stem><stem n="step"><phr n="Steps"><ent r="8" t="17" w="5137" /></phr><phr n="steps"><ent r="3" t="25" w="285" /><ent r="3" t="45" w="42" /><ent r="3" t="45" w="168" /><ent r="3" t="45" w="168" /><ent r="3" t="45" w="183" /><ent r="3" t="45" w="183" /><ent r="3" t="45" w="232" /><ent r="3" t="45" w="232" /><ent r="3" t="45" w="260" /></phr><phr n="step"><ent r="3" t="45" w="39" /><ent r="3" t="45" w="39" /><ent r="4" t="61" w="436" /><ent r="4" t="61" w="436" /><ent r="4" t="61" w="458" /><ent r="4" t="61" w="458" /><ent r="3" t="69" w="232" /><ent r="3" t="69" w="232" /><ent r="4" t="69" w="245" /><ent r="4" t="69" w="245" /></phr></stem><stem n="scheduleactivityseri"><phr n="scheduleactivityseries"><ent r="7" t="17" w="5158" /><ent r="7" t="17" w="5158" /></phr></stem><stem n="resc"><phr n="Resc"><ent r="7" t="17" w="5160" /></phr></stem><stem n="hedul"><phr n="hedule"><ent r="7" t="17" w="5161" /><ent r="7" t="17" w="5161" /></phr></stem><stem n="rescheduleact"><phr n="rescheduleactivity"><ent r="7" t="17" w="5171" /><ent r="7" t="17" w="5171" /></phr></stem><stem n="lear"><phr n="lear"><ent r="7" t="17" w="5174" /><ent r="7" t="17" w="5174" /></phr></stem><stem n="clearact"><phr n="clearactivity"><ent r="7" t="17" w="5184" /><ent r="7" t="17" w="5184" /></phr></stem><stem n="sendact"><phr n="sendactivity"><ent r="7" t="17" w="5198" /><ent r="7" t="17" w="5198" /></phr></stem><stem n="activityseri"><phr n="activityseries"><ent r="7" t="17" w="5223" /><ent r="7" t="17" w="5223" /></phr></stem><stem n="customactivitytyp"><phr n="customactivitytypes"><ent r="7" t="17" w="5237" /><ent r="7" t="17" w="5237" /></phr></stem><stem n="prioriti"><phr n="Priorities"><ent r="7" t="17" w="5239" /></phr></stem><stem n="customprior"><phr n="custompriorities"><ent r="7" t="17" w="5250" /><ent r="7" t="17" w="5250" /></phr></stem><stem n="wr"><phr n="Wr"><ent r="7" t="17" w="5276" /></phr></stem><stem n="it"><phr n="ite"><ent r="7" t="17" w="5277" /><ent r="7" t="17" w="5277" /></phr></stem><stem n="e-ma"><phr n="E-ma"><ent r="7" t="17" w="5300" /></phr></stem><stem n="ma"><phr n="ma"><ent r="7" t="17" w="5301" /></phr></stem><stem n="il"><phr n="il"><ent r="7" t="17" w="5302" /><ent r="7" t="17" w="5302" /></phr></stem><stem n="emailfromtempl"><phr n="emailfromtemplate"><ent r="7" t="17" w="5314" /><ent r="7" t="17" w="5314" /></phr></stem><stem n="mem"><phr n="Mem"><ent r="7" t="17" w="5327" /></phr></stem><stem n="o"><phr n="o"><ent r="7" t="17" w="5328" /><ent r="7" t="17" w="5328" /></phr><phr n="O"><ent r="6" t="17" w="6743" /></phr></stem><stem n="memorandum"><phr n="memorandum"><ent r="7" t="17" w="5337" /><ent r="7" t="17" w="5337" /></phr></stem><stem n="faxcoverlett"><phr n="faxcoverletter"><ent r="7" t="17" w="5350" /><ent r="7" t="17" w="5350" /></phr></stem><stem n="editdocumenttempl"><phr n="editdocumenttemplate"><ent r="7" t="17" w="5407" /><ent r="7" t="17" w="5407" /></phr></stem><stem n="contactreport"><phr n="contactReport"><ent r="7" t="17" w="5439" /><ent r="7" t="17" w="5439" /></phr></stem><stem n="contactdirectoryreport"><phr n="contactDirectoryReport"><ent r="7" t="17" w="5451" /><ent r="7" t="17" w="5451" /></phr></stem><stem n="phonelistreport"><phr n="phoneListReport"><ent r="7" t="17" w="5463" /><ent r="7" t="17" w="5463" /></phr></stem><stem n="noteshistoryreport"><phr n="notesHistoryReport"><ent r="7" t="17" w="5486" /><ent r="7" t="17" w="5486" /></phr></stem><stem n="summari"><phr n="Summary"><ent r="7" t="17" w="5489" /><ent r="7" t="17" w="5489" /><ent r="7" t="17" w="5502" /><ent r="7" t="17" w="5502" /><ent r="7" t="17" w="5593" /><ent r="7" t="17" w="5593" /><ent r="7" t="17" w="5673" /><ent r="7" t="17" w="5673" /></phr><phr n="summary"><ent r="7" t="17" w="5603" /><ent r="7" t="17" w="5603" /><ent r="7" t="17" w="5683" /><ent r="7" t="17" w="5683" /></phr></stem><stem n="historysummaryreport"><phr n="historySummaryReport"><ent r="7" t="17" w="5498" /><ent r="7" t="17" w="5498" /></phr></stem><stem n="h"><phr n="H"><ent r="7" t="17" w="5500" /></phr></stem><stem n="istori"><phr n="istory"><ent r="7" t="17" w="5501" /><ent r="7" t="17" w="5501" /></phr></stem><stem n="classic"><phr n="Classic"><ent r="7" t="17" w="5503" /><ent r="7" t="17" w="5503" /></phr></stem><stem n="historysummaryclassicreport"><phr n="historySummaryClassicReport"><ent r="7" t="17" w="5513" /><ent r="7" t="17" w="5513" /></phr></stem><stem n="spent"><phr n="Spent"><ent r="7" t="17" w="5517" /><ent r="7" t="17" w="5517" /></phr></stem><stem n="historytimesp"><phr n="historyTimeSpent"><ent r="7" t="17" w="5526" /><ent r="7" t="17" w="5526" /></phr></stem><stem n="contactstatusreport"><phr n="contactStatusReport"><ent r="7" t="17" w="5538" /><ent r="7" t="17" w="5538" /></phr></stem><stem n="re"><phr n="Re"><ent r="7" t="17" w="5542" /></phr></stem><stem n="ferral"><phr n="ferrals"><ent r="7" t="17" w="5543" /><ent r="7" t="17" w="5543" /></phr></stem><stem n="sourceofreferralsreport"><phr n="sourceOfReferralsReport"><ent r="7" t="17" w="5552" /><ent r="7" t="17" w="5552" /></phr></stem><stem n="othercontactreport"><phr n="otherContactReports"><ent r="7" t="17" w="5565" /><ent r="7" t="17" w="5565" /></phr></stem><stem n="membership"><phr n="Membership"><ent r="7" t="17" w="5580" /><ent r="7" t="17" w="5580" /><ent r="7" t="17" w="5660" /><ent r="7" t="17" w="5660" /></phr><phr n="membership"><ent r="7" t="17" w="5590" /><ent r="7" t="17" w="5590" /><ent r="7" t="17" w="5670" /><ent r="7" t="17" w="5670" /></phr></stem><stem n="comprehens"><phr n="Comprehensive"><ent r="7" t="17" w="5606" /><ent r="7" t="17" w="5606" /><ent r="7" t="17" w="5686" /><ent r="7" t="17" w="5686" /></phr><phr n="comprehensive"><ent r="7" t="17" w="5616" /><ent r="7" t="17" w="5616" /><ent r="7" t="17" w="5697" /><ent r="7" t="17" w="5697" /></phr></stem><stem n="othergroupreport"><phr n="otherGroupReports"><ent r="7" t="17" w="5644" /><ent r="7" t="17" w="5644" /></phr></stem><stem n="othercompanyreport"><phr n="otherCompanyReports"><ent r="7" t="17" w="5738" /><ent r="7" t="17" w="5738" /></phr></stem><stem n="sale"><phr n="Sales"><ent r="7" t="17" w="5752" /><ent r="7" t="17" w="5752" /><ent r="4" t="39" w="466" /><ent r="4" t="39" w="466" /></phr><phr n="sales"><ent r="4" t="45" w="80" /><ent r="4" t="45" w="80" /><ent r="4" t="45" w="109" /><ent r="4" t="45" w="109" /></phr></stem><stem n="analysi"><phr n="Analysis"><ent r="7" t="17" w="5753" /><ent r="7" t="17" w="5753" /></phr></stem><stem n="salesbyrecordmanagerreport"><phr n="salesByRecordManagerReport"><ent r="7" t="17" w="5766" /><ent r="7" t="17" w="5766" /></phr></stem><stem n="totalbystatusreport"><phr n="totalByStatusReport"><ent r="7" t="17" w="5781" /><ent r="7" t="17" w="5781" /></phr></stem><stem n="adjust"><phr n="Adjusted"><ent r="7" t="17" w="5783" /><ent r="7" t="17" w="5783" /></phr></stem><stem n="probabilit"><phr n="Probabilit"><ent r="7" t="17" w="5785" /></phr></stem><stem n="adjustedforprobabilityreport"><phr n="adjustedForProbabilityReport"><ent r="7" t="17" w="5797" /><ent r="7" t="17" w="5797" /></phr></stem><stem n="ipelin"><phr n="ipeline"><ent r="7" t="17" w="5800" /><ent r="7" t="17" w="5800" /></phr></stem><stem n="pipelinereport"><phr n="pipelineReport"><ent r="7" t="17" w="5812" /><ent r="7" t="17" w="5812" /></phr></stem><stem n="opportunitiesbyrecordmanagerreport"><phr n="opportunitiesByRecordManagerReport"><ent r="7" t="17" w="5828" /><ent r="7" t="17" w="5828" /></phr></stem><stem n="opportunitiesbycontactreport"><phr n="opportunitiesByContactReport"><ent r="7" t="17" w="5843" /><ent r="7" t="17" w="5843" /></phr></stem><stem n="otheropportunityreport"><phr n="otherOpportunityReports"><ent r="7" t="17" w="5884" /><ent r="7" t="17" w="5884" /></phr></stem><stem n="newtempl"><phr n="newTemplate"><ent r="7" t="17" w="5897" /><ent r="7" t="17" w="5897" /></phr></stem><stem n="edittempl"><phr n="editTemplate"><ent r="7" t="17" w="5909" /><ent r="7" t="17" w="5909" /></phr></stem><stem n="sp"><phr n="Sp"><ent r="7" t="17" w="5931" /></phr></stem><stem n="ell"><phr n="elling"><ent r="7" t="17" w="5932" /></phr></stem><stem n="definefield"><phr n="definefields"><ent r="7" t="17" w="5953" /><ent r="7" t="17" w="5953" /></phr></stem><stem n="designlayout"><phr n="designlayouts"><ent r="7" t="17" w="5965" /><ent r="7" t="17" w="5965" /><ent r="7" t="17" w="5976" /><ent r="7" t="17" w="5988" /><ent r="7" t="17" w="6001" /><ent r="7" t="17" w="6013" /></phr></stem><stem n="desi"><phr n="Desi"><ent r="7" t="17" w="6016" /></phr></stem><stem n="gn"><phr n="gn"><ent r="7" t="17" w="6017" /><ent r="7" t="17" w="6017" /></phr></stem><stem n="designdashboard"><phr n="designdashboards"><ent r="7" t="17" w="6027" /><ent r="7" t="17" w="6027" /></phr></stem><stem n="workgroup"><phr n="workgroup"><ent r="7" t="17" w="6039" /><ent r="7" t="17" w="6053" /><ent r="3" t="77" w="187" /><ent r="3" t="77" w="187" /></phr></stem><stem n="manageus"><phr n="manageusers"><ent r="7" t="17" w="6040" /><ent r="7" t="17" w="6040" /></phr></stem><stem n="te"><phr n="Te"><ent r="7" t="17" w="6043" /></phr></stem><stem n="am"><phr n="ams"><ent r="7" t="17" w="6044" /></phr></stem><stem n="manageteam"><phr n="manageteams"><ent r="7" t="17" w="6055" /><ent r="7" t="17" w="6055" /></phr></stem><stem n="databasemainten"><phr n="databasemaintenance"><ent r="7" t="17" w="6068" /><ent r="7" t="17" w="6068" /><ent r="7" t="17" w="6081" /><ent r="7" t="17" w="6096" /><ent r="7" t="17" w="6111" /><ent r="7" t="17" w="6125" /><ent r="7" t="17" w="6139" /></phr></stem><stem n="checkup"><phr n="checkup"><ent r="7" t="17" w="6083" /><ent r="7" t="17" w="6083" /></phr></stem><stem n="vert"><phr n="vert"><ent r="7" t="17" w="6144" /><ent r="7" t="17" w="6144" /></phr></stem><stem n="3"><phr n="3"><ent r="7" t="17" w="6146" /><ent r="3" t="29" w="288" /><ent r="3" t="29" w="288" /><ent r="3" t="45" w="223" /><ent r="3" t="47" w="34" /><ent r="6" t="75" w="281" /></phr></stem><stem n="6"><phr n="6"><ent r="7" t="17" w="6148" /><ent r="6" t="18" w="135" /><ent r="3" t="19" w="45" /></phr></stem><stem n="sca"><phr n="Sca"><ent r="7" t="17" w="6161" /></phr></stem><stem n="n"><phr n="n"><ent r="7" t="17" w="6162" /><ent r="7" t="17" w="6162" /></phr><phr n="N"><ent r="3" t="72" w="155" /></phr></stem><stem n="duplicatecheck"><phr n="duplicatechecking"><ent r="7" t="17" w="6173" /></phr></stem><stem n="scan"><phr n="scan"><ent r="7" t="17" w="6174" /><ent r="7" t="17" w="6174" /></phr></stem><stem n="ontact"><phr n="ontact"><ent r="7" t="17" w="6179" /><ent r="7" t="17" w="6179" /></phr><phr n="ontacts"><ent r="7" t="17" w="6299" /><ent r="7" t="17" w="6299" /></phr></stem><stem n="xcel"><phr n="xcel"><ent r="7" t="17" w="6194" /><ent r="7" t="17" w="6194" /></phr></stem><stem n="exportexcel"><phr n="exportexcel"><ent r="7" t="17" w="6203" /><ent r="7" t="17" w="6203" /></phr></stem><stem n="salut"><phr n="Salutation"><ent r="7" t="17" w="6206" /><ent r="7" t="17" w="6206" /></phr></stem><stem n="updatesalutationfield"><phr n="updateSalutationField"><ent r="7" t="17" w="6216" /><ent r="7" t="17" w="6216" /></phr></stem><stem n="synchroni"><phr n="Synchroni"><ent r="7" t="17" w="6218" /></phr></stem><stem n="zation"><phr n="zation"><ent r="7" t="17" w="6219" /><ent r="7" t="17" w="6219" /></phr></stem><stem n="panel"><phr n="Panel"><ent r="7" t="17" w="6220" /></phr><phr n="panel"><ent r="6" t="73" w="50" /><ent r="6" t="73" w="76" /><ent r="6" t="73" w="94" /><ent r="6" t="73" w="125" /><ent r="6" t="73" w="222" /><ent r="6" t="73" w="300" /></phr></stem><stem n="synchronizationpanel"><phr n="synchronizationpanel"><ent r="7" t="17" w="6229" /><ent r="7" t="17" w="6229" /></phr></stem><stem n="synchronizestartup"><phr n="synchronizestartup"><ent r="7" t="17" w="6256" /><ent r="7" t="17" w="6256" /></phr></stem><stem n="now"><phr n="Now"><ent r="7" t="17" w="6259" /><ent r="7" t="17" w="6259" /></phr><phr n="now"><ent r="3" t="27" w="713" /><ent r="3" t="27" w="713" /><ent r="3" t="30" w="84" /><ent r="3" t="30" w="84" /></phr></stem><stem n="synchronizenow"><phr n="synchronizenow"><ent r="7" t="17" w="6268" /><ent r="7" t="17" w="6268" /></phr></stem><stem n="accept"><phr n="Accept"><ent r="7" t="17" w="6270" /><ent r="7" t="17" w="6270" /></phr><phr n="accepts"><ent r="6" t="73" w="253" /><ent r="6" t="73" w="253" /><ent r="6" t="73" w="368" /><ent r="6" t="73" w="368" /><ent r="6" t="73" w="376" /><ent r="6" t="73" w="376" /></phr></stem><stem n="incom"><phr n="Incoming"><ent r="7" t="17" w="6271" /><ent r="7" t="17" w="6271" /></phr><phr n="incoming"><ent r="3" t="50" w="32" /><ent r="3" t="50" w="32" /><ent r="3" t="50" w="101" /><ent r="3" t="50" w="101" /><ent r="3" t="50" w="149" /><ent r="3" t="50" w="149" /></phr></stem><stem n="synchronizeincom"><phr n="synchronizeincoming"><ent r="7" t="17" w="6281" /><ent r="7" t="17" w="6281" /></phr></stem><stem n="prefer"><phr n="Preferences"><ent r="7" t="17" w="6331" /><ent r="7" t="17" w="6331" /><ent r="7" t="17" w="6402" /><ent r="7" t="17" w="6402" /><ent r="3" t="39" w="596" /><ent r="3" t="39" w="596" /></phr></stem><stem n="outlooksyncprefer"><phr n="outlooksyncpreferences"><ent r="7" t="17" w="6341" /><ent r="7" t="17" w="6341" /></phr></stem><stem n="googlesync"><phr n="googlesync"><ent r="7" t="17" w="6354" /><ent r="7" t="17" w="6354" /><ent r="7" t="17" w="6368" /><ent r="7" t="17" w="6384" /><ent r="7" t="17" w="6397" /><ent r="7" t="17" w="6411" /></phr></stem><stem n="googlecalendarsync"><phr n="googlecalendarsync"><ent r="7" t="17" w="6385" /><ent r="7" t="17" w="6385" /></phr></stem><stem n="googlerecordhistori"><phr n="googlerecordhistory"><ent r="7" t="17" w="6398" /><ent r="7" t="17" w="6398" /></phr></stem><stem n="googlesyncprefer"><phr n="googlesyncpreferences"><ent r="7" t="17" w="6412" /><ent r="7" t="17" w="6412" /></phr></stem><stem n="offlin"><phr n="Offline"><ent r="7" t="17" w="6416" /><ent r="7" t="17" w="6416" /></phr></stem><stem n="admin"><phr n="admin"><ent r="7" t="17" w="6426" /><ent r="7" t="17" w="6426" /></phr></stem><stem n="timer"><phr n="Timer"><ent r="7" t="17" w="6441" /></phr><phr n="timer"><ent r="7" t="17" w="6450" /><ent r="7" t="17" w="6450" /></phr></stem><stem n="menusandtoolbar"><phr n="menusAndToolbars"><ent r="7" t="17" w="6488" /><ent r="7" t="17" w="6488" /></phr></stem><stem n="small"><phr n="Small"><ent r="7" t="17" w="6491" /><ent r="7" t="17" w="6491" /></phr></stem><stem n="showsmallbutton"><phr n="showsmallbuttons"><ent r="7" t="17" w="6503" /><ent r="7" t="17" w="6503" /></phr></stem><stem n="showlargebutton"><phr n="showlargebuttons"><ent r="7" t="17" w="6518" /><ent r="7" t="17" w="6518" /></phr></stem><stem n="resetbar"><phr n="resetBars"><ent r="7" t="17" w="6533" /><ent r="7" t="17" w="6533" /></phr></stem><stem n="olor"><phr n="olor"><ent r="7" t="17" w="6536" /><ent r="7" t="17" w="6536" /></phr></stem><stem n="scheme"><phr n="Scheme"><ent r="7" t="17" w="6537" /><ent r="7" t="17" w="6537" /></phr></stem><stem n="colorschem"><phr n="colorscheme"><ent r="7" t="17" w="6547" /><ent r="7" t="17" w="6547" /></phr></stem><stem n="ferenc"><phr n="ferences"><ent r="7" t="17" w="6550" /><ent r="7" t="17" w="6550" /></phr></stem><stem n="cascad"><phr n="Cascade"><ent r="7" t="17" w="6596" /><ent r="7" t="17" w="6596" /></phr><phr n="cascade"><ent r="7" t="17" w="6605" /><ent r="7" t="17" w="6605" /></phr><phr n="cascading"><ent r="3" t="34" w="127" /><ent r="3" t="34" w="127" /></phr></stem><stem n="tile"><phr n="Tile"><ent r="7" t="17" w="6607" /><ent r="7" t="17" w="6607" /><ent r="7" t="17" w="6619" /><ent r="7" t="17" w="6619" /></phr></stem></index>