<?xml version="1.0" encoding="utf-8"?><index><stem n="double-click"><phr n="double-click"><ent r="4" t="0" w="83" /><ent r="4" t="0" w="83" /><ent r="4" t="0" w="225" /><ent r="4" t="0" w="225" /><ent r="7" t="3" w="330" /><ent r="7" t="3" w="330" /><ent r="3" t="70" w="16" /><ent r="3" t="70" w="16" /><ent r="7" t="80" w="347" /><ent r="7" t="80" w="347" /></phr><phr n="Double-click"><ent r="7" t="3" w="617" /><ent r="7" t="3" w="617" /><ent r="7" t="3" w="772" /><ent r="7" t="3" w="772" /><ent r="7" t="80" w="621" /><ent r="7" t="80" w="621" /></phr></stem><stem n="doubl"><phr n="double"><ent r="4" t="0" w="83" /><ent r="4" t="0" w="225" /><ent r="7" t="3" w="330" /><ent r="3" t="70" w="16" /><ent r="7" t="80" w="347" /></phr><phr n="Double"><ent r="7" t="3" w="617" /><ent r="7" t="3" w="772" /><ent r="100" t="6" w="6" /><ent r="100" t="6" w="6" /><ent r="100" t="74" w="6" /><ent r="100" t="74" w="6" /><ent r="6" t="75" w="117" /><ent r="6" t="75" w="117" /><ent r="7" t="80" w="621" /></phr></stem><stem n="click"><phr n="click"><ent r="4" t="0" w="84" /><ent r="4" t="0" w="226" /><ent r="7" t="3" w="331" /><ent r="7" t="3" w="424" /><ent r="7" t="3" w="424" /><ent r="7" t="3" w="618" /><ent r="8" t="3" w="640" /><ent r="8" t="3" w="640" /><ent r="7" t="3" w="773" /><ent r="8" t="3" w="838" /><ent r="8" t="3" w="838" /><ent r="8" t="3" w="860" /><ent r="8" t="3" w="860" /><ent r="8" t="3" w="888" /><ent r="8" t="3" w="888" /><ent r="8" t="3" w="930" /><ent r="8" t="3" w="930" /><ent r="3" t="4" w="289" /><ent r="3" t="4" w="289" /><ent r="3" t="70" w="17" /><ent r="7" t="80" w="348" /><ent r="7" t="80" w="441" /><ent r="7" t="80" w="441" /><ent r="7" t="80" w="622" /><ent r="8" t="80" w="644" /><ent r="8" t="80" w="644" /></phr><phr n="Click"><ent r="7" t="3" w="98" /><ent r="7" t="3" w="98" /><ent r="7" t="3" w="153" /><ent r="7" t="3" w="153" /><ent r="8" t="3" w="207" /><ent r="8" t="3" w="207" /><ent r="7" t="3" w="276" /><ent r="7" t="3" w="276" /><ent r="7" t="3" w="384" /><ent r="7" t="3" w="384" /><ent r="8" t="3" w="742" /><ent r="8" t="3" w="742" /><ent r="8" t="3" w="754" /><ent r="8" t="3" w="754" /><ent r="7" t="3" w="793" /><ent r="7" t="3" w="793" /><ent r="4" t="3" w="1003" /><ent r="4" t="3" w="1003" /><ent r="4" t="3" w="1036" /><ent r="4" t="3" w="1036" /><ent r="3" t="17" w="16" /><ent r="3" t="17" w="16" /><ent r="64" t="37" w="195" /><ent r="64" t="37" w="195" /><ent r="64" t="38" w="170" /><ent r="64" t="38" w="170" /><ent r="3" t="60" w="71" /><ent r="3" t="60" w="71" /><ent r="7" t="80" w="98" /><ent r="7" t="80" w="98" /><ent r="7" t="80" w="153" /><ent r="7" t="80" w="153" /><ent r="8" t="80" w="208" /><ent r="8" t="80" w="208" /><ent r="7" t="80" w="293" /><ent r="7" t="80" w="293" /><ent r="7" t="80" w="401" /><ent r="7" t="80" w="401" /></phr><phr n="clicking"><ent r="7" t="3" w="114" /><ent r="7" t="3" w="114" /><ent r="7" t="3" w="142" /><ent r="7" t="3" w="142" /><ent r="7" t="3" w="602" /><ent r="7" t="3" w="602" /><ent r="3" t="61" w="253" /><ent r="3" t="61" w="253" /><ent r="4" t="67" w="174" /><ent r="4" t="67" w="174" /><ent r="4" t="68" w="178" /><ent r="4" t="68" w="178" /><ent r="4" t="69" w="121" /><ent r="4" t="69" w="121" /><ent r="7" t="80" w="114" /><ent r="7" t="80" w="114" /><ent r="7" t="80" w="142" /><ent r="7" t="80" w="142" /><ent r="7" t="80" w="606" /><ent r="7" t="80" w="606" /></phr><phr n="clicked"><ent r="4" t="61" w="360" /><ent r="3" t="65" w="315" /></phr></stem><stem n="chm"><phr n="chm"><ent r="4" t="0" w="88" /><ent r="4" t="0" w="88" /><ent r="4" t="0" w="230" /><ent r="4" t="0" w="230" /><ent r="4" t="70" w="22" /><ent r="4" t="70" w="22" /></phr></stem><stem n="file"><phr n="file"><ent r="4" t="0" w="89" /><ent r="4" t="0" w="89" /><ent r="4" t="0" w="231" /><ent r="4" t="0" w="231" /><ent r="4" t="0" w="288" /><ent r="65" t="1" w="233" /><ent r="65" t="1" w="233" /><ent r="3" t="2" w="461" /><ent r="3" t="2" w="461" /><ent r="3" t="2" w="478" /><ent r="3" t="2" w="478" /><ent r="7" t="3" w="597" /><ent r="7" t="3" w="597" /><ent r="3" t="9" w="32" /><ent r="3" t="9" w="32" /><ent r="3" t="9" w="39" /><ent r="3" t="9" w="39" /><ent r="3" t="9" w="61" /><ent r="3" t="9" w="61" /><ent r="3" t="9" w="87" /><ent r="3" t="9" w="87" /><ent r="3" t="9" w="99" /><ent r="3" t="9" w="99" /><ent r="3" t="9" w="115" /><ent r="3" t="9" w="115" /><ent r="3" t="9" w="125" /><ent r="3" t="9" w="125" /><ent r="3" t="9" w="140" /><ent r="3" t="9" w="140" /><ent r="3" t="15" w="109" /><ent r="3" t="15" w="109" /><ent r="3" t="15" w="180" /><ent r="3" t="15" w="180" /><ent r="3" t="15" w="193" /><ent r="3" t="15" w="193" /><ent r="4" t="15" w="258" /><ent r="4" t="15" w="258" /><ent r="4" t="15" w="389" /><ent r="4" t="15" w="389" /><ent r="4" t="15" w="396" /><ent r="4" t="15" w="396" /><ent r="4" t="15" w="418" /><ent r="4" t="15" w="418" /><ent r="4" t="15" w="442" /><ent r="4" t="15" w="442" /><ent r="4" t="15" w="454" /><ent r="4" t="15" w="454" /><ent r="4" t="15" w="457" /><ent r="4" t="15" w="457" /><ent r="4" t="15" w="470" /><ent r="4" t="15" w="470" /><ent r="4" t="15" w="480" /><ent r="4" t="15" w="480" /><ent r="4" t="15" w="495" /><ent r="4" t="15" w="495" /><ent r="3" t="16" w="134" /><ent r="3" t="16" w="134" /><ent r="3" t="16" w="147" /><ent r="3" t="16" w="147" /><ent r="5" t="17" w="84" /><ent r="5" t="17" w="84" /><ent r="7" t="17" w="94" /><ent r="7" t="17" w="94" /><ent r="7" t="17" w="105" /><ent r="7" t="17" w="117" /><ent r="7" t="17" w="128" /><ent r="7" t="17" w="139" /><ent r="7" t="17" w="152" /><ent r="7" t="17" w="164" /><ent r="7" t="17" w="182" /><ent r="7" t="17" w="198" /><ent r="7" t="17" w="214" /><ent r="7" t="17" w="225" /><ent r="7" t="17" w="237" /><ent r="7" t="17" w="253" /><ent r="7" t="17" w="264" /><ent r="7" t="17" w="277" /><ent r="7" t="17" w="289" /><ent r="7" t="17" w="300" /><ent r="7" t="17" w="313" /><ent r="7" t="17" w="326" /><ent r="7" t="17" w="340" /><ent r="7" t="17" w="351" /><ent r="7" t="17" w="365" /><ent r="8" t="17" w="379" /><ent r="7" t="17" w="6241" /><ent r="7" t="17" w="6255" /><ent r="7" t="17" w="6267" /><ent r="7" t="17" w="6280" /><ent r="4" t="38" w="70" /><ent r="3" t="43" w="76" /><ent r="3" t="43" w="76" /><ent r="3" t="50" w="403" /><ent r="3" t="50" w="403" /><ent r="3" t="51" w="11" /><ent r="3" t="51" w="11" /><ent r="4" t="61" w="338" /><ent r="4" t="61" w="338" /><ent r="4" t="61" w="366" /><ent r="4" t="61" w="366" /><ent r="4" t="61" w="371" /><ent r="4" t="61" w="371" /><ent r="4" t="61" w="433" /><ent r="4" t="61" w="433" /><ent r="4" t="63" w="230" /><ent r="4" t="63" w="230" /><ent r="4" t="63" w="249" /><ent r="4" t="63" w="249" /><ent r="3" t="65" w="92" /><ent r="3" t="65" w="92" /><ent r="3" t="65" w="102" /><ent r="3" t="65" w="102" /><ent r="4" t="67" w="75" /><ent r="4" t="67" w="75" /><ent r="4" t="67" w="94" /><ent r="4" t="67" w="94" /><ent r="4" t="67" w="158" /><ent r="4" t="67" w="184" /><ent r="4" t="67" w="184" /><ent r="4" t="68" w="114" /><ent r="4" t="68" w="114" /><ent r="4" t="68" w="133" /><ent r="4" t="68" w="133" /><ent r="4" t="68" w="151" /><ent r="4" t="68" w="188" /><ent r="4" t="68" w="188" /><ent r="3" t="68" w="230" /><ent r="3" t="68" w="236" /><ent r="3" t="68" w="236" /><ent r="4" t="69" w="89" /><ent r="4" t="69" w="89" /><ent r="4" t="69" w="108" /><ent r="4" t="69" w="108" /><ent r="4" t="69" w="131" /><ent r="4" t="69" w="131" /><ent r="4" t="69" w="193" /><ent r="3" t="69" w="289" /><ent r="3" t="69" w="289" /><ent r="3" t="69" w="303" /><ent r="3" t="69" w="303" /><ent r="4" t="69" w="363" /><ent r="3" t="70" w="24" /><ent r="3" t="70" w="24" /><ent r="4" t="77" w="109" /><ent r="4" t="77" w="109" /><ent r="7" t="80" w="601" /><ent r="7" t="80" w="601" /></phr><phr n="files"><ent r="4" t="0" w="98" /><ent r="4" t="0" w="240" /><ent r="100" t="9" w="7" /><ent r="100" t="9" w="7" /><ent r="5" t="14" w="61" /><ent r="3" t="15" w="125" /><ent r="3" t="15" w="125" /><ent r="3" t="15" w="137" /><ent r="3" t="15" w="137" /><ent r="3" t="15" w="145" /><ent r="3" t="15" w="145" /><ent r="3" t="15" w="169" /><ent r="3" t="15" w="215" /><ent r="3" t="15" w="217" /><ent r="3" t="15" w="217" /><ent r="64" t="15" w="231" /><ent r="64" t="15" w="231" /><ent r="4" t="15" w="525" /><ent r="4" t="15" w="525" /><ent r="4" t="15" w="667" /><ent r="4" t="15" w="702" /><ent r="4" t="15" w="702" /><ent r="1000" t="16" w="2" /><ent r="1000" t="16" w="2" /><ent r="100" t="16" w="5" /><ent r="100" t="16" w="5" /><ent r="102" t="16" w="8" /><ent r="102" t="16" w="8" /><ent r="3" t="16" w="20" /><ent r="64" t="16" w="24" /><ent r="64" t="16" w="24" /><ent r="64" t="16" w="30" /><ent r="64" t="16" w="30" /><ent r="4" t="16" w="35" /><ent r="4" t="16" w="35" /><ent r="3" t="16" w="38" /><ent r="3" t="16" w="38" /><ent r="4" t="16" w="73" /><ent r="4" t="16" w="73" /><ent r="3" t="16" w="84" /><ent r="3" t="16" w="84" /><ent r="3" t="16" w="109" /><ent r="3" t="16" w="109" /><ent r="3" t="16" w="126" /><ent r="4" t="69" w="250" /><ent r="3" t="70" w="33" /><ent r="1000" t="77" w="3" /><ent r="1000" t="77" w="3" /><ent r="100" t="77" w="6" /><ent r="102" t="77" w="11" /><ent r="102" t="77" w="11" /><ent r="3" t="77" w="15" /><ent r="4" t="77" w="37" /><ent r="4" t="77" w="37" /><ent r="4" t="77" w="59" /><ent r="4" t="77" w="68" /><ent r="4" t="77" w="75" /><ent r="4" t="77" w="75" /><ent r="4" t="77" w="127" /><ent r="4" t="77" w="127" /><ent r="4" t="77" w="149" /><ent r="4" t="77" w="149" /><ent r="3" t="77" w="155" /><ent r="3" t="77" w="155" /><ent r="3" t="77" w="201" /><ent r="3" t="77" w="201" /><ent r="1000" t="78" w="3" /><ent r="1000" t="78" w="3" /><ent r="100" t="78" w="6" /><ent r="102" t="78" w="11" /><ent r="102" t="78" w="11" /><ent r="3" t="78" w="15" /><ent r="4" t="78" w="59" /><ent r="4" t="78" w="59" /><ent r="4" t="78" w="67" /><ent r="4" t="78" w="67" /><ent r="4" t="78" w="96" /><ent r="4" t="78" w="156" /><ent r="4" t="78" w="156" /><ent r="3" t="78" w="162" /><ent r="3" t="78" w="162" /><ent r="4" t="78" w="175" /><ent r="4" t="78" w="175" /><ent r="3" t="78" w="201" /><ent r="3" t="78" w="218" /></phr><phr n="File"><ent r="92" t="2" w="443" /><ent r="92" t="2" w="443" /><ent r="1000" t="9" w="1" /><ent r="1000" t="9" w="1" /><ent r="102" t="9" w="13" /><ent r="102" t="9" w="13" /><ent r="5" t="16" w="157" /><ent r="5" t="16" w="157" /><ent r="5" t="16" w="161" /><ent r="5" t="16" w="161" /><ent r="6" t="17" w="76" /><ent r="6" t="17" w="76" /><ent r="7" t="17" w="86" /><ent r="7" t="17" w="86" /><ent r="7" t="17" w="3686" /><ent r="8" t="17" w="3963" /><ent r="7" t="17" w="4361" /><ent r="8" t="17" w="4790" /><ent r="92" t="50" w="388" /><ent r="92" t="50" w="388" /><ent r="3" t="50" w="391" /><ent r="3" t="50" w="391" /></phr><phr n="Files"><ent r="100" t="9" w="9" /><ent r="100" t="15" w="7" /><ent r="4" t="15" w="263" /><ent r="4" t="15" w="309" /><ent r="100" t="16" w="10" /><ent r="7" t="17" w="269" /><ent r="7" t="17" w="305" /></phr></stem><stem n="folder"><phr n="folder"><ent r="4" t="0" w="92" /><ent r="4" t="0" w="92" /><ent r="4" t="0" w="234" /><ent r="4" t="0" w="234" /><ent r="3" t="2" w="280" /><ent r="3" t="2" w="309" /><ent r="3" t="2" w="313" /><ent r="3" t="2" w="313" /><ent r="92" t="2" w="445" /><ent r="92" t="2" w="445" /><ent r="3" t="2" w="465" /><ent r="3" t="2" w="465" /><ent r="3" t="2" w="470" /><ent r="3" t="3" w="690" /><ent r="3" t="9" w="25" /><ent r="3" t="9" w="25" /><ent r="3" t="9" w="76" /><ent r="3" t="9" w="76" /><ent r="100" t="15" w="8" /><ent r="100" t="15" w="8" /><ent r="3" t="15" w="65" /><ent r="3" t="15" w="65" /><ent r="3" t="15" w="75" /><ent r="3" t="15" w="79" /><ent r="3" t="15" w="106" /><ent r="3" t="15" w="106" /><ent r="4" t="15" w="246" /><ent r="4" t="15" w="246" /><ent r="4" t="15" w="276" /><ent r="4" t="15" w="276" /><ent r="4" t="15" w="291" /><ent r="4" t="15" w="291" /><ent r="4" t="15" w="324" /><ent r="4" t="15" w="324" /><ent r="4" t="15" w="340" /><ent r="4" t="15" w="340" /><ent r="4" t="15" w="360" /><ent r="4" t="15" w="360" /><ent r="4" t="15" w="370" /><ent r="4" t="15" w="370" /><ent r="4" t="15" w="382" /><ent r="4" t="15" w="382" /><ent r="4" t="15" w="433" /><ent r="4" t="15" w="433" /><ent r="4" t="15" w="523" /><ent r="4" t="15" w="523" /><ent r="4" t="15" w="549" /><ent r="4" t="15" w="549" /><ent r="4" t="15" w="567" /><ent r="4" t="15" w="567" /><ent r="4" t="15" w="586" /><ent r="4" t="15" w="586" /><ent r="4" t="15" w="628" /><ent r="4" t="15" w="628" /><ent r="4" t="15" w="665" /><ent r="4" t="15" w="665" /><ent r="4" t="15" w="688" /><ent r="4" t="15" w="688" /><ent r="4" t="15" w="700" /><ent r="4" t="15" w="700" /><ent r="4" t="15" w="722" /><ent r="4" t="15" w="722" /><ent r="4" t="15" w="734" /><ent r="4" t="15" w="734" /><ent r="4" t="15" w="749" /><ent r="4" t="15" w="749" /><ent r="4" t="15" w="761" /><ent r="4" t="15" w="761" /><ent r="4" t="61" w="204" /><ent r="3" t="62" w="27" /><ent r="3" t="62" w="27" /><ent r="4" t="63" w="169" /><ent r="4" t="63" w="254" /><ent r="4" t="67" w="85" /><ent r="4" t="67" w="195" /><ent r="4" t="67" w="195" /><ent r="3" t="68" w="96" /><ent r="3" t="68" w="96" /><ent r="3" t="68" w="101" /><ent r="4" t="68" w="124" /><ent r="4" t="68" w="199" /><ent r="4" t="68" w="199" /><ent r="4" t="69" w="99" /><ent r="4" t="69" w="142" /><ent r="4" t="69" w="142" /><ent r="3" t="69" w="158" /><ent r="3" t="69" w="158" /><ent r="3" t="69" w="164" /><ent r="3" t="69" w="164" /><ent r="3" t="69" w="171" /><ent r="3" t="69" w="171" /><ent r="4" t="69" w="180" /><ent r="4" t="69" w="180" /><ent r="4" t="69" w="201" /><ent r="4" t="69" w="201" /><ent r="4" t="69" w="207" /><ent r="4" t="69" w="207" /><ent r="3" t="69" w="223" /><ent r="3" t="69" w="223" /><ent r="3" t="69" w="229" /><ent r="3" t="69" w="229" /><ent r="3" t="69" w="237" /><ent r="3" t="69" w="237" /><ent r="4" t="69" w="375" /><ent r="4" t="69" w="375" /><ent r="3" t="70" w="27" /><ent r="3" t="70" w="27" /></phr><phr n="Folder"><ent r="65" t="1" w="227" /><ent r="65" t="1" w="227" /><ent r="1000" t="15" w="1" /><ent r="1000" t="15" w="1" /><ent r="100" t="15" w="4" /><ent r="100" t="15" w="4" /><ent r="102" t="15" w="11" /><ent r="102" t="15" w="11" /><ent r="64" t="16" w="153" /><ent r="64" t="16" w="153" /></phr><phr n="folders"><ent r="3" t="15" w="23" /><ent r="3" t="15" w="23" /><ent r="3" t="15" w="39" /><ent r="3" t="15" w="39" /><ent r="3" t="15" w="83" /><ent r="3" t="15" w="129" /><ent r="3" t="15" w="129" /><ent r="3" t="15" w="149" /><ent r="3" t="15" w="167" /><ent r="3" t="15" w="167" /><ent r="3" t="15" w="209" /><ent r="3" t="15" w="209" /><ent r="3" t="15" w="221" /><ent r="3" t="15" w="221" /></phr><phr n="Folders"><ent r="92" t="15" w="237" /><ent r="92" t="15" w="237" /><ent r="92" t="15" w="651" /><ent r="92" t="15" w="651" /></phr></stem><stem n="extract"><phr n="extracted"><ent r="4" t="0" w="95" /><ent r="4" t="0" w="95" /><ent r="4" t="0" w="237" /><ent r="4" t="0" w="237" /><ent r="3" t="70" w="30" /><ent r="3" t="70" w="30" /></phr></stem><stem n="function"><phr n="functional"><ent r="65" t="0" w="102" /><ent r="65" t="0" w="102" /><ent r="3" t="28" w="507" /><ent r="3" t="28" w="507" /></phr><phr n="functionality"><ent r="3" t="1" w="53" /><ent r="3" t="1" w="53" /><ent r="3" t="4" w="36" /><ent r="3" t="4" w="36" /><ent r="3" t="5" w="14" /><ent r="3" t="11" w="28" /><ent r="3" t="11" w="28" /><ent r="3" t="12" w="36" /><ent r="3" t="12" w="36" /><ent r="3" t="34" w="314" /><ent r="3" t="34" w="314" /><ent r="3" t="35" w="100" /><ent r="3" t="35" w="100" /><ent r="92" t="36" w="81" /><ent r="92" t="36" w="81" /><ent r="92" t="36" w="131" /><ent r="92" t="36" w="131" /><ent r="3" t="36" w="146" /><ent r="3" t="36" w="146" /><ent r="4" t="37" w="181" /><ent r="4" t="37" w="471" /><ent r="4" t="37" w="471" /><ent r="3" t="39" w="172" /><ent r="3" t="39" w="172" /><ent r="3" t="39" w="210" /><ent r="3" t="39" w="210" /><ent r="3" t="44" w="23" /><ent r="3" t="44" w="23" /><ent r="3" t="44" w="33" /><ent r="3" t="44" w="33" /><ent r="92" t="45" w="345" /><ent r="92" t="45" w="345" /><ent r="4" t="46" w="75" /><ent r="4" t="46" w="75" /><ent r="3" t="48" w="154" /><ent r="3" t="48" w="154" /><ent r="3" t="48" w="215" /><ent r="3" t="48" w="215" /><ent r="3" t="48" w="295" /><ent r="3" t="48" w="295" /><ent r="3" t="48" w="365" /><ent r="3" t="48" w="365" /><ent r="3" t="49" w="137" /><ent r="3" t="60" w="45" /><ent r="3" t="60" w="45" /></phr><phr n="functions"><ent r="6" t="5" w="77" /><ent r="3" t="13" w="34" /><ent r="3" t="13" w="97" /><ent r="3" t="13" w="97" /></phr><phr n="function"><ent r="6" t="5" w="153" /><ent r="6" t="5" w="153" /><ent r="4" t="61" w="111" /><ent r="4" t="61" w="111" /><ent r="5" t="63" w="74" /><ent r="5" t="63" w="74" /><ent r="4" t="64" w="209" /><ent r="3" t="64" w="305" /><ent r="3" t="64" w="307" /><ent r="3" t="64" w="307" /><ent r="3" t="65" w="51" /><ent r="3" t="65" w="51" /><ent r="3" t="65" w="345" /><ent r="3" t="65" w="345" /></phr><phr n="Functional"><ent r="3" t="13" w="79" /><ent r="3" t="13" w="79" /><ent r="1000" t="71" w="1" /><ent r="1000" t="71" w="1" /><ent r="102" t="71" w="10" /><ent r="102" t="71" w="10" /></phr><phr n="Functions"><ent r="3" t="65" w="97" /><ent r="3" t="65" w="97" /></phr></stem><stem n="chang"><phr n="changes"><ent r="65" t="0" w="103" /><ent r="65" t="0" w="103" /><ent r="3" t="27" w="69" /><ent r="3" t="27" w="69" /><ent r="3" t="29" w="80" /><ent r="3" t="29" w="80" /><ent r="3" t="32" w="96" /><ent r="3" t="32" w="96" /><ent r="3" t="35" w="517" /><ent r="3" t="35" w="517" /><ent r="3" t="39" w="520" /><ent r="3" t="39" w="520" /><ent r="4" t="42" w="114" /><ent r="4" t="42" w="114" /><ent r="3" t="49" w="224" /><ent r="3" t="49" w="224" /><ent r="3" t="50" w="216" /><ent r="3" t="50" w="216" /><ent r="3" t="50" w="404" /><ent r="3" t="50" w="404" /><ent r="4" t="65" w="558" /><ent r="4" t="65" w="558" /><ent r="3" t="68" w="221" /><ent r="3" t="68" w="221" /><ent r="3" t="68" w="245" /><ent r="3" t="69" w="70" /><ent r="3" t="69" w="70" /><ent r="3" t="69" w="279" /><ent r="3" t="69" w="279" /><ent r="3" t="69" w="312" /><ent r="3" t="69" w="343" /><ent r="3" t="69" w="343" /><ent r="4" t="69" w="384" /><ent r="4" t="69" w="384" /><ent r="1000" t="71" w="2" /><ent r="1000" t="71" w="2" /><ent r="102" t="71" w="11" /><ent r="102" t="71" w="11" /><ent r="3" t="71" w="24" /><ent r="3" t="71" w="24" /></phr><phr n="change"><ent r="3" t="2" w="173" /><ent r="3" t="2" w="173" /><ent r="3" t="4" w="326" /><ent r="3" t="4" w="326" /><ent r="3" t="4" w="334" /><ent r="3" t="4" w="334" /><ent r="3" t="29" w="32" /><ent r="3" t="29" w="32" /><ent r="3" t="29" w="50" /><ent r="3" t="29" w="50" /><ent r="3" t="29" w="229" /><ent r="3" t="29" w="229" /><ent r="3" t="29" w="343" /><ent r="3" t="29" w="343" /><ent r="3" t="29" w="426" /><ent r="3" t="29" w="426" /><ent r="3" t="29" w="473" /><ent r="3" t="29" w="473" /><ent r="3" t="32" w="33" /><ent r="3" t="32" w="33" /><ent r="3" t="32" w="47" /><ent r="3" t="32" w="47" /><ent r="3" t="35" w="134" /><ent r="3" t="35" w="134" /><ent r="3" t="38" w="330" /><ent r="3" t="38" w="330" /><ent r="3" t="39" w="107" /><ent r="3" t="39" w="107" /><ent r="3" t="39" w="252" /><ent r="3" t="39" w="252" /><ent r="3" t="61" w="474" /><ent r="3" t="61" w="474" /><ent r="4" t="69" w="354" /><ent r="4" t="69" w="354" /><ent r="3" t="72" w="295" /><ent r="3" t="72" w="295" /></phr><phr n="changed"><ent r="3" t="2" w="206" /><ent r="3" t="2" w="206" /><ent r="3" t="13" w="112" /><ent r="7" t="17" w="243" /><ent r="7" t="17" w="243" /><ent r="3" t="27" w="637" /><ent r="3" t="27" w="637" /><ent r="3" t="27" w="703" /><ent r="3" t="27" w="703" /><ent r="3" t="38" w="304" /><ent r="3" t="38" w="304" /><ent r="3" t="50" w="313" /><ent r="3" t="50" w="313" /><ent r="3" t="50" w="344" /><ent r="3" t="50" w="344" /><ent r="3" t="76" w="39" /></phr><phr n="changing"><ent r="6" t="7" w="342" /><ent r="6" t="7" w="342" /><ent r="3" t="32" w="88" /><ent r="3" t="32" w="88" /><ent r="3" t="38" w="334" /><ent r="3" t="38" w="334" /><ent r="4" t="69" w="333" /><ent r="4" t="69" w="333" /></phr><phr n="Changes"><ent r="7" t="17" w="415" /><ent r="7" t="17" w="415" /></phr><phr n="Changing"><ent r="4" t="25" w="415" /><ent r="4" t="25" w="415" /><ent r="4" t="25" w="447" /><ent r="4" t="25" w="447" /></phr><phr n="Change"><ent r="4" t="68" w="251" /><ent r="4" t="68" w="251" /><ent r="4" t="68" w="258" /><ent r="4" t="68" w="258" /><ent r="4" t="69" w="318" /><ent r="4" t="69" w="318" /><ent r="4" t="69" w="326" /><ent r="4" t="69" w="326" /></phr></stem><stem n="white"><phr n="white"><ent r="4" t="0" w="108" /><ent r="4" t="0" w="108" /><ent r="4" t="0" w="185" /><ent r="4" t="0" w="185" /></phr></stem><stem n="paper"><phr n="papers"><ent r="4" t="0" w="109" /><ent r="4" t="0" w="186" /></phr></stem><stem n="blog"><phr n="blogs"><ent r="4" t="0" w="110" /><ent r="4" t="0" w="188" /><ent r="3" t="4" w="179" /></phr></stem><stem n="forum"><phr n="forums"><ent r="4" t="0" w="111" /><ent r="4" t="0" w="191" /><ent r="3" t="4" w="180" /></phr></stem><stem n="materi"><phr n="material"><ent r="4" t="0" w="114" /><ent r="4" t="0" w="114" /><ent r="6" t="18" w="240" /><ent r="67" t="18" w="245" /><ent r="67" t="18" w="245" /><ent r="82" t="19" w="169" /><ent r="82" t="19" w="169" /><ent r="82" t="20" w="132" /><ent r="82" t="20" w="132" /><ent r="82" t="21" w="99" /><ent r="82" t="21" w="99" /><ent r="1000" t="22" w="2" /><ent r="1000" t="22" w="2" /><ent r="102" t="22" w="5" /><ent r="102" t="22" w="5" /><ent r="3" t="72" w="120" /><ent r="3" t="72" w="120" /><ent r="3" t="72" w="226" /><ent r="3" t="72" w="282" /><ent r="3" t="72" w="282" /><ent r="3" t="72" w="291" /><ent r="3" t="72" w="291" /></phr></stem><stem n="network"><phr n="Network"><ent r="4" t="0" w="121" /><ent r="65" t="0" w="179" /><ent r="65" t="0" w="179" /><ent r="92" t="4" w="164" /><ent r="92" t="4" w="164" /><ent r="3" t="4" w="171" /><ent r="3" t="4" w="171" /><ent r="3" t="4" w="186" /><ent r="3" t="4" w="186" /><ent r="3" t="4" w="275" /><ent r="3" t="4" w="275" /><ent r="3" t="45" w="278" /><ent r="3" t="45" w="278" /><ent r="3" t="51" w="112" /><ent r="3" t="51" w="112" /></phr><phr n="network"><ent r="3" t="24" w="104" /><ent r="3" t="50" w="37" /><ent r="3" t="50" w="279" /></phr></stem><stem n="visit"><phr n="Visit"><ent r="4" t="0" w="122" /><ent r="4" t="0" w="122" /><ent r="3" t="4" w="140" /><ent r="3" t="4" w="140" /></phr></stem><stem n="http"><phr n="http"><ent r="65" t="0" w="124" /><ent r="64" t="4" w="126" /><ent r="64" t="4" w="155" /><ent r="64" t="4" w="207" /><ent r="64" t="4" w="265" /><ent r="64" t="4" w="284" /><ent r="67" t="5" w="232" /><ent r="64" t="45" w="281" /><ent r="64" t="51" w="115" /></phr></stem><stem n="commun"><phr n="community"><ent r="65" t="0" w="125" /><ent r="4" t="0" w="190" /><ent r="4" t="0" w="190" /><ent r="3" t="4" w="175" /><ent r="3" t="4" w="175" /><ent r="64" t="4" w="208" /><ent r="64" t="4" w="266" /><ent r="64" t="45" w="282" /><ent r="64" t="51" w="116" /></phr><phr n="communicate"><ent r="3" t="5" w="12" /><ent r="3" t="5" w="12" /></phr><phr n="Community"><ent r="7" t="17" w="6941" /><ent r="7" t="17" w="6941" /><ent r="5" t="19" w="184" /><ent r="5" t="19" w="184" /><ent r="5" t="20" w="147" /><ent r="5" t="20" w="147" /><ent r="5" t="21" w="114" /><ent r="5" t="21" w="114" /><ent r="5" t="22" w="75" /><ent r="5" t="22" w="75" /></phr><phr n="communication"><ent r="3" t="49" w="159" /><ent r="3" t="49" w="159" /></phr></stem><stem n="com"><phr n="com"><ent r="65" t="0" w="127" /><ent r="65" t="0" w="127" /><ent r="64" t="4" w="129" /><ent r="64" t="4" w="158" /><ent r="64" t="4" w="210" /><ent r="64" t="4" w="210" /><ent r="64" t="4" w="268" /><ent r="64" t="4" w="268" /><ent r="64" t="4" w="287" /><ent r="64" t="4" w="287" /><ent r="67" t="5" w="235" /><ent r="67" t="5" w="235" /><ent r="5" t="17" w="80" /><ent r="7" t="17" w="90" /><ent r="7" t="17" w="101" /><ent r="7" t="17" w="113" /><ent r="7" t="17" w="124" /><ent r="7" t="17" w="135" /><ent r="7" t="17" w="148" /><ent r="7" t="17" w="160" /><ent r="7" t="17" w="178" /><ent r="7" t="17" w="194" /><ent r="7" t="17" w="210" /><ent r="7" t="17" w="221" /><ent r="7" t="17" w="233" /><ent r="7" t="17" w="249" /><ent r="7" t="17" w="260" /><ent r="7" t="17" w="273" /><ent r="7" t="17" w="285" /><ent r="7" t="17" w="296" /><ent r="7" t="17" w="309" /><ent r="7" t="17" w="322" /><ent r="7" t="17" w="336" /><ent r="7" t="17" w="347" /><ent r="7" t="17" w="361" /><ent r="8" t="17" w="375" /><ent r="6" t="17" w="386" /><ent r="7" t="17" w="396" /><ent r="7" t="17" w="406" /><ent r="7" t="17" w="421" /><ent r="7" t="17" w="433" /><ent r="7" t="17" w="444" /><ent r="7" t="17" w="455" /><ent r="7" t="17" w="466" /><ent r="7" t="17" w="478" /><ent r="7" t="17" w="491" /><ent r="7" t="17" w="504" /><ent r="6" t="17" w="515" /><ent r="7" t="17" w="525" /><ent r="7" t="17" w="536" /><ent r="7" t="17" w="547" /><ent r="7" t="17" w="559" /><ent r="7" t="17" w="571" /><ent r="7" t="17" w="582" /><ent r="7" t="17" w="595" /><ent r="7" t="17" w="607" /><ent r="7" t="17" w="619" /><ent r="7" t="17" w="630" /><ent r="7" t="17" w="641" /><ent r="7" t="17" w="652" /><ent r="7" t="17" w="665" /><ent r="7" t="17" w="676" /><ent r="7" t="17" w="687" /><ent r="7" t="17" w="699" /><ent r="7" t="17" w="711" /><ent r="7" t="17" w="723" /><ent r="7" t="17" w="735" /><ent r="7" t="17" w="747" /><ent r="7" t="17" w="758" /><ent r="7" t="17" w="769" /><ent r="7" t="17" w="780" /><ent r="7" t="17" w="792" /><ent r="7" t="17" w="805" /><ent r="7" t="17" w="818" /><ent r="7" t="17" w="830" /><ent r="7" t="17" w="842" /><ent r="7" t="17" w="855" /><ent r="7" t="17" w="868" /><ent r="7" t="17" w="881" /><ent r="7" t="17" w="894" /><ent r="7" t="17" w="908" /><ent r="7" t="17" w="921" /><ent r="7" t="17" w="934" /><ent r="7" t="17" w="947" /><ent r="7" t="17" w="960" /><ent r="7" t="17" w="974" /><ent r="7" t="17" w="985" /><ent r="7" t="17" w="996" /><ent r="7" t="17" w="1008" /><ent r="6" t="17" w="1019" /><ent r="8" t="17" w="1029" /><ent r="8" t="17" w="1040" /><ent r="8" t="17" w="1052" /><ent r="8" t="17" w="1064" /><ent r="8" t="17" w="1076" /><ent r="8" t="17" w="1087" /><ent r="8" t="17" w="1099" /><ent r="8" t="17" w="1111" /><ent r="8" t="17" w="1122" /><ent r="8" t="17" w="1134" /><ent r="8" t="17" w="1145" /><ent r="8" t="17" w="1157" /><ent r="8" t="17" w="1169" /><ent r="8" t="17" w="1183" /><ent r="8" t="17" w="1195" /><ent r="8" t="17" w="1206" /><ent r="8" t="17" w="1218" /><ent r="8" t="17" w="1230" /><ent r="8" t="17" w="1243" /><ent r="8" t="17" w="1258" /><ent r="8" t="17" w="1271" /><ent r="8" t="17" w="1284" /><ent r="8" t="17" w="1298" /><ent r="8" t="17" w="1311" /><ent r="8" t="17" w="1323" /><ent r="8" t="17" w="1335" /><ent r="8" t="17" w="1348" /><ent r="8" t="17" w="1360" /><ent r="8" t="17" w="1372" /><ent r="8" t="17" w="1385" /><ent r="8" t="17" w="1398" /><ent r="8" t="17" w="1411" /><ent r="8" t="17" w="1426" /><ent r="8" t="17" w="1439" /><ent r="8" t="17" w="1452" /><ent r="8" t="17" w="1466" /><ent r="8" t="17" w="1479" /><ent r="8" t="17" w="1491" /><ent r="8" t="17" w="1503" /><ent r="8" t="17" w="1516" /><ent r="8" t="17" w="1528" /><ent r="8" t="17" w="1542" /><ent r="8" t="17" w="1554" /><ent r="8" t="17" w="1567" /><ent r="8" t="17" w="1580" /><ent r="8" t="17" w="1594" /><ent r="8" t="17" w="1606" /><ent r="8" t="17" w="1620" /><ent r="5" t="17" w="1633" /><ent r="7" t="17" w="1643" /><ent r="7" t="17" w="1654" /><ent r="7" t="17" w="1666" /><ent r="7" t="17" w="1679" /><ent r="7" t="17" w="1691" /><ent r="7" t="17" w="1703" /><ent r="7" t="17" w="1715" /><ent r="7" t="17" w="1727" /><ent r="7" t="17" w="1739" /><ent r="7" t="17" w="1750" /><ent r="7" t="17" w="1762" /><ent r="7" t="17" w="1774" /><ent r="7" t="17" w="1785" /><ent r="7" t="17" w="1797" /><ent r="7" t="17" w="1808" /><ent r="7" t="17" w="1820" /><ent r="7" t="17" w="1832" /><ent r="7" t="17" w="1846" /><ent r="7" t="17" w="1858" /><ent r="7" t="17" w="1871" /><ent r="7" t="17" w="1884" /><ent r="7" t="17" w="1898" /><ent r="7" t="17" w="1911" /><ent r="7" t="17" w="1923" /><ent r="7" t="17" w="1935" /><ent r="7" t="17" w="1948" /><ent r="7" t="17" w="1960" /><ent r="7" t="17" w="1972" /><ent r="7" t="17" w="1985" /><ent r="7" t="17" w="1998" /><ent r="7" t="17" w="2011" /><ent r="7" t="17" w="2026" /><ent r="7" t="17" w="2039" /><ent r="7" t="17" w="2052" /><ent r="7" t="17" w="2066" /><ent r="7" t="17" w="2079" /><ent r="7" t="17" w="2091" /><ent r="7" t="17" w="2103" /><ent r="7" t="17" w="2116" /><ent r="7" t="17" w="2128" /><ent r="7" t="17" w="2141" /><ent r="7" t="17" w="2153" /><ent r="7" t="17" w="2166" /><ent r="7" t="17" w="2179" /><ent r="7" t="17" w="2192" /><ent r="7" t="17" w="2204" /><ent r="7" t="17" w="2218" /><ent r="7" t="17" w="2233" /><ent r="5" t="17" w="2245" /><ent r="7" t="17" w="2255" /><ent r="7" t="17" w="2266" /><ent r="7" t="17" w="2278" /><ent r="7" t="17" w="2291" /><ent r="7" t="17" w="2303" /><ent r="7" t="17" w="2315" /><ent r="7" t="17" w="2328" /><ent r="7" t="17" w="2341" /><ent r="7" t="17" w="2354" /><ent r="7" t="17" w="2366" /><ent r="7" t="17" w="2378" /><ent r="7" t="17" w="2390" /><ent r="7" t="17" w="2402" /><ent r="7" t="17" w="2414" /><ent r="7" t="17" w="2425" /><ent r="7" t="17" w="2437" /><ent r="7" t="17" w="2449" /><ent r="7" t="17" w="2460" /><ent r="7" t="17" w="2472" /><ent r="7" t="17" w="2483" /><ent r="7" t="17" w="2495" /><ent r="7" t="17" w="2507" /><ent r="7" t="17" w="2521" /><ent r="7" t="17" w="2533" /><ent r="7" t="17" w="2546" /><ent r="7" t="17" w="2559" /><ent r="7" t="17" w="2573" /><ent r="7" t="17" w="2585" /><ent r="7" t="17" w="2597" /><ent r="7" t="17" w="2609" /><ent r="7" t="17" w="2622" /><ent r="7" t="17" w="2637" /><ent r="7" t="17" w="2650" /><ent r="7" t="17" w="2663" /><ent r="7" t="17" w="2677" /><ent r="7" t="17" w="2690" /><ent r="7" t="17" w="2702" /><ent r="7" t="17" w="2714" /><ent r="7" t="17" w="2727" /><ent r="7" t="17" w="2739" /><ent r="7" t="17" w="2752" /><ent r="7" t="17" w="2764" /><ent r="7" t="17" w="2777" /><ent r="7" t="17" w="2790" /><ent r="7" t="17" w="2803" /><ent r="7" t="17" w="2815" /><ent r="7" t="17" w="2829" /><ent r="7" t="17" w="2844" /><ent r="5" t="17" w="2856" /><ent r="7" t="17" w="2866" /><ent r="7" t="17" w="2877" /><ent r="7" t="17" w="2889" /><ent r="7" t="17" w="2902" /><ent r="7" t="17" w="2914" /><ent r="7" t="17" w="2927" /><ent r="7" t="17" w="2939" /><ent r="7" t="17" w="2952" /><ent r="7" t="17" w="2965" /><ent r="7" t="17" w="2977" /><ent r="7" t="17" w="2989" /><ent r="7" t="17" w="3001" /><ent r="7" t="17" w="3013" /><ent r="7" t="17" w="3025" /><ent r="7" t="17" w="3036" /><ent r="7" t="17" w="3048" /><ent r="7" t="17" w="3060" /><ent r="7" t="17" w="3071" /><ent r="7" t="17" w="3083" /><ent r="7" t="17" w="3094" /><ent r="7" t="17" w="3106" /><ent r="7" t="17" w="3118" /><ent r="7" t="17" w="3132" /><ent r="7" t="17" w="3144" /><ent r="7" t="17" w="3157" /><ent r="7" t="17" w="3170" /><ent r="7" t="17" w="3184" /><ent r="7" t="17" w="3196" /><ent r="7" t="17" w="3208" /><ent r="7" t="17" w="3220" /><ent r="7" t="17" w="3233" /><ent r="7" t="17" w="3248" /><ent r="7" t="17" w="3261" /><ent r="7" t="17" w="3274" /><ent r="7" t="17" w="3288" /><ent r="7" t="17" w="3301" /><ent r="7" t="17" w="3313" /><ent r="7" t="17" w="3325" /><ent r="7" t="17" w="3338" /><ent r="7" t="17" w="3350" /><ent r="7" t="17" w="3362" /><ent r="7" t="17" w="3375" /><ent r="7" t="17" w="3388" /><ent r="7" t="17" w="3401" /><ent r="7" t="17" w="3416" /><ent r="7" t="17" w="3429" /><ent r="7" t="17" w="3442" /><ent r="7" t="17" w="3456" /><ent r="5" t="17" w="3468" /><ent r="7" t="17" w="3478" /><ent r="7" t="17" w="3489" /><ent r="7" t="17" w="3502" /><ent r="7" t="17" w="3514" /><ent r="7" t="17" w="3526" /><ent r="7" t="17" w="3540" /><ent r="7" t="17" w="3555" /><ent r="7" t="17" w="3568" /><ent r="7" t="17" w="3581" /><ent r="7" t="17" w="3595" /><ent r="7" t="17" w="3609" /><ent r="7" t="17" w="3623" /><ent r="7" t="17" w="3638" /><ent r="7" t="17" w="3652" /><ent r="7" t="17" w="3679" /><ent r="7" t="17" w="3690" /><ent r="8" t="17" w="3701" /><ent r="8" t="17" w="3713" /><ent r="8" t="17" w="3727" /><ent r="7" t="17" w="3739" /><ent r="7" t="17" w="3752" /><ent r="7" t="17" w="3764" /><ent r="7" t="17" w="3778" /><ent r="7" t="17" w="3793" /><ent r="6" t="17" w="3805" /><ent r="8" t="17" w="3815" /><ent r="8" t="17" w="3827" /><ent r="8" t="17" w="3839" /><ent r="8" t="17" w="3851" /><ent r="8" t="17" w="3862" /><ent r="8" t="17" w="3875" /><ent r="8" t="17" w="3888" /><ent r="8" t="17" w="3902" /><ent r="8" t="17" w="3916" /><ent r="8" t="17" w="3929" /><ent r="8" t="17" w="3956" /><ent r="8" t="17" w="3967" /><ent r="8" t="17" w="3978" /><ent r="8" t="17" w="3990" /><ent r="8" t="17" w="4004" /><ent r="8" t="17" w="4017" /><ent r="8" t="17" w="4028" /><ent r="8" t="17" w="4040" /><ent r="8" t="17" w="4052" /><ent r="8" t="17" w="4064" /><ent r="8" t="17" w="4075" /><ent r="8" t="17" w="4088" /><ent r="8" t="17" w="4101" /><ent r="8" t="17" w="4115" /><ent r="8" t="17" w="4129" /><ent r="8" t="17" w="4142" /><ent r="8" t="17" w="4169" /><ent r="5" t="17" w="4180" /><ent r="7" t="17" w="4191" /><ent r="7" t="17" w="4204" /><ent r="7" t="17" w="4218" /><ent r="7" t="17" w="4232" /><ent r="7" t="17" w="4244" /><ent r="7" t="17" w="4258" /><ent r="7" t="17" w="4271" /><ent r="7" t="17" w="4285" /><ent r="7" t="17" w="4299" /><ent r="7" t="17" w="4312" /><ent r="7" t="17" w="4326" /><ent r="7" t="17" w="4341" /><ent r="7" t="17" w="4353" /><ent r="7" t="17" w="4365" /><ent r="7" t="17" w="4377" /><ent r="8" t="17" w="4391" /><ent r="8" t="17" w="4406" /><ent r="7" t="17" w="4422" /><ent r="7" t="17" w="4436" /><ent r="7" t="17" w="4450" /><ent r="7" t="17" w="4462" /><ent r="7" t="17" w="4475" /><ent r="7" t="17" w="4489" /><ent r="7" t="17" w="4503" /><ent r="7" t="17" w="4515" /><ent r="7" t="17" w="4529" /><ent r="7" t="17" w="4542" /><ent r="7" t="17" w="4556" /><ent r="7" t="17" w="4570" /><ent r="7" t="17" w="4583" /><ent r="7" t="17" w="4597" /><ent r="5" t="17" w="4609" /><ent r="7" t="17" w="4620" /><ent r="7" t="17" w="4632" /><ent r="7" t="17" w="4646" /><ent r="7" t="17" w="4658" /><ent r="7" t="17" w="4672" /><ent r="7" t="17" w="4685" /><ent r="7" t="17" w="4699" /><ent r="8" t="17" w="4713" /><ent r="8" t="17" w="4727" /><ent r="8" t="17" w="4742" /><ent r="8" t="17" w="4756" /><ent r="8" t="17" w="4783" /><ent r="8" t="17" w="4794" /><ent r="8" t="17" w="4805" /><ent r="8" t="17" w="4818" /><ent r="8" t="17" w="4834" /><ent r="8" t="17" w="4847" /><ent r="8" t="17" w="4859" /><ent r="8" t="17" w="4873" /><ent r="8" t="17" w="4885" /><ent r="7" t="17" w="4898" /><ent r="7" t="17" w="4912" /><ent r="7" t="17" w="4927" /><ent r="7" t="17" w="4939" /><ent r="7" t="17" w="4951" /><ent r="7" t="17" w="4965" /><ent r="7" t="17" w="4977" /><ent r="7" t="17" w="4991" /><ent r="7" t="17" w="5004" /><ent r="5" t="17" w="5016" /><ent r="7" t="17" w="5026" /><ent r="7" t="17" w="5036" /><ent r="7" t="17" w="5047" /><ent r="7" t="17" w="5059" /><ent r="7" t="17" w="5070" /><ent r="7" t="17" w="5086" /><ent r="7" t="17" w="5100" /><ent r="7" t="17" w="5113" /><ent r="7" t="17" w="5127" /><ent r="7" t="17" w="5141" /><ent r="7" t="17" w="5152" /><ent r="7" t="17" w="5166" /><ent r="7" t="17" w="5179" /><ent r="7" t="17" w="5193" /><ent r="7" t="17" w="5205" /><ent r="7" t="17" w="5218" /><ent r="7" t="17" w="5230" /><ent r="7" t="17" w="5243" /><ent r="7" t="17" w="5256" /><ent r="5" t="17" w="5269" /><ent r="7" t="17" w="5281" /><ent r="7" t="17" w="5293" /><ent r="7" t="17" w="5309" /><ent r="7" t="17" w="5320" /><ent r="7" t="17" w="5332" /><ent r="7" t="17" w="5345" /><ent r="7" t="17" w="5359" /><ent r="7" t="17" w="5371" /><ent r="7" t="17" w="5388" /><ent r="7" t="17" w="5402" /><ent r="5" t="17" w="5413" /><ent r="7" t="17" w="5423" /><ent r="7" t="17" w="5434" /><ent r="7" t="17" w="5446" /><ent r="7" t="17" w="5458" /><ent r="7" t="17" w="5469" /><ent r="7" t="17" w="5481" /><ent r="7" t="17" w="5493" /><ent r="7" t="17" w="5507" /><ent r="7" t="17" w="5521" /><ent r="7" t="17" w="5533" /><ent r="7" t="17" w="5547" /><ent r="7" t="17" w="5560" /><ent r="7" t="17" w="5572" /><ent r="7" t="17" w="5584" /><ent r="7" t="17" w="5597" /><ent r="7" t="17" w="5610" /><ent r="7" t="17" w="5623" /><ent r="7" t="17" w="5637" /><ent r="7" t="17" w="5652" /><ent r="7" t="17" w="5664" /><ent r="7" t="17" w="5677" /><ent r="7" t="17" w="5690" /><ent r="7" t="17" w="5704" /><ent r="7" t="17" w="5717" /><ent r="7" t="17" w="5731" /><ent r="7" t="17" w="5745" /><ent r="7" t="17" w="5760" /><ent r="7" t="17" w="5774" /><ent r="7" t="17" w="5790" /><ent r="7" t="17" w="5805" /><ent r="7" t="17" w="5821" /><ent r="7" t="17" w="5836" /><ent r="7" t="17" w="5850" /><ent r="7" t="17" w="5863" /><ent r="7" t="17" w="5877" /><ent r="7" t="17" w="5892" /><ent r="7" t="17" w="5904" /><ent r="5" t="17" w="5915" /><ent r="7" t="17" w="5925" /><ent r="7" t="17" w="5936" /><ent r="7" t="17" w="5948" /><ent r="7" t="17" w="5960" /><ent r="7" t="17" w="5971" /><ent r="7" t="17" w="5983" /><ent r="7" t="17" w="5996" /><ent r="7" t="17" w="6008" /><ent r="7" t="17" w="6022" /><ent r="7" t="17" w="6034" /><ent r="7" t="17" w="6048" /><ent r="7" t="17" w="6063" /><ent r="7" t="17" w="6076" /><ent r="7" t="17" w="6091" /><ent r="7" t="17" w="6106" /><ent r="7" t="17" w="6120" /><ent r="7" t="17" w="6134" /><ent r="7" t="17" w="6154" /><ent r="7" t="17" w="6168" /><ent r="7" t="17" w="6184" /><ent r="7" t="17" w="6198" /><ent r="7" t="17" w="6211" /><ent r="7" t="17" w="6224" /><ent r="7" t="17" w="6237" /><ent r="7" t="17" w="6251" /><ent r="7" t="17" w="6263" /><ent r="7" t="17" w="6276" /><ent r="7" t="17" w="6290" /><ent r="7" t="17" w="6305" /><ent r="7" t="17" w="6321" /><ent r="7" t="17" w="6335" /><ent r="7" t="17" w="6349" /><ent r="7" t="17" w="6363" /><ent r="7" t="17" w="6379" /><ent r="7" t="17" w="6392" /><ent r="7" t="17" w="6406" /><ent r="7" t="17" w="6422" /><ent r="7" t="17" w="6434" /><ent r="7" t="17" w="6445" /><ent r="7" t="17" w="6456" /><ent r="7" t="17" w="6467" /><ent r="7" t="17" w="6481" /><ent r="7" t="17" w="6496" /><ent r="7" t="17" w="6511" /><ent r="7" t="17" w="6527" /><ent r="7" t="17" w="6541" /><ent r="7" t="17" w="6554" /><ent r="7" t="17" w="6567" /><ent r="5" t="17" w="6580" /><ent r="7" t="17" w="6590" /><ent r="7" t="17" w="6600" /><ent r="7" t="17" w="6612" /><ent r="7" t="17" w="6624" /><ent r="7" t="17" w="6636" /><ent r="7" t="17" w="6648" /><ent r="5" t="17" w="6659" /><ent r="6" t="17" w="6670" /><ent r="6" t="17" w="6683" /><ent r="6" t="17" w="6697" /><ent r="6" t="17" w="6711" /><ent r="6" t="17" w="6724" /><ent r="6" t="17" w="6736" /><ent r="6" t="17" w="6749" /><ent r="6" t="17" w="6761" /><ent r="6" t="17" w="6774" /><ent r="6" t="17" w="6786" /><ent r="6" t="17" w="6800" /><ent r="6" t="17" w="6813" /><ent r="5" t="17" w="6824" /><ent r="7" t="17" w="6835" /><ent r="7" t="17" w="6846" /><ent r="7" t="17" w="6859" /><ent r="7" t="17" w="6871" /><ent r="7" t="17" w="6888" /><ent r="7" t="17" w="6901" /><ent r="7" t="17" w="6916" /><ent r="7" t="17" w="6931" /><ent r="7" t="17" w="6945" /><ent r="7" t="17" w="6959" /><ent r="7" t="17" w="6972" /><ent r="7" t="17" w="6983" /><ent r="7" t="17" w="6999" /><ent r="7" t="17" w="7014" /><ent r="7" t="17" w="7028" /><ent r="7" t="17" w="7041" /><ent r="7" t="17" w="7053" /><ent r="7" t="17" w="7065" /><ent r="7" t="17" w="7078" /><ent r="64" t="45" w="284" /><ent r="64" t="45" w="284" /><ent r="64" t="51" w="118" /><ent r="64" t="51" w="118" /></phr><phr n="Com"><ent r="7" t="17" w="602" /><ent r="7" t="17" w="5991" /></phr></stem></index>