<?xml version="1.0" encoding="utf-8"?><index><stem n="uilayoutdesignermanag"><phr n="UILayoutDesignerManager"><ent r="6" t="7" w="1343" /><ent r="6" t="7" w="1343" /></phr></stem><stem n="teammanag"><phr n="TeamManager"><ent r="6" t="7" w="1351" /><ent r="6" t="7" w="1351" /><ent r="6" t="7" w="1359" /><ent r="6" t="7" w="1359" /></phr></stem><stem n="reset"><phr n="resetting"><ent r="6" t="7" w="1386" /><ent r="6" t="7" w="1386" /></phr><phr n="Reset"><ent r="7" t="17" w="6520" /><ent r="7" t="17" w="6520" /></phr></stem><stem n="permiss"><phr n="permissions"><ent r="6" t="7" w="1395" /><ent r="6" t="7" w="1395" /><ent r="4" t="77" w="93" /></phr><phr n="permission"><ent r="5" t="14" w="165" /><ent r="5" t="14" w="165" /><ent r="3" t="14" w="215" /><ent r="3" t="14" w="215" /><ent r="3" t="14" w="263" /><ent r="3" t="14" w="263" /><ent r="3" t="14" w="288" /><ent r="3" t="14" w="288" /></phr></stem><stem n="usemanag"><phr n="UseManager"><ent r="6" t="7" w="1421" /><ent r="6" t="7" w="1421" /><ent r="6" t="7" w="1429" /><ent r="6" t="7" w="1429" /></phr></stem><stem n="highli"><phr n="highly"><ent r="3" t="8" w="17" /><ent r="3" t="8" w="17" /><ent r="3" t="29" w="408" /><ent r="3" t="29" w="408" /></phr></stem><stem n="platform"><phr n="platform"><ent r="3" t="8" w="19" /><ent r="3" t="8" w="19" /><ent r="6" t="75" w="226" /><ent r="6" t="75" w="226" /><ent r="6" t="75" w="235" /><ent r="6" t="75" w="235" /><ent r="6" t="75" w="245" /><ent r="6" t="75" w="365" /><ent r="6" t="75" w="365" /><ent r="6" t="75" w="375" /><ent r="6" t="75" w="375" /><ent r="6" t="75" w="385" /></phr></stem><stem n="allow"><phr n="allows"><ent r="3" t="8" w="21" /><ent r="3" t="8" w="21" /><ent r="5" t="14" w="150" /><ent r="5" t="14" w="150" /><ent r="5" t="14" w="180" /><ent r="5" t="14" w="180" /><ent r="3" t="15" w="98" /><ent r="3" t="15" w="98" /><ent r="3" t="25" w="20" /><ent r="3" t="25" w="20" /><ent r="3" t="28" w="175" /><ent r="3" t="28" w="175" /><ent r="3" t="28" w="185" /><ent r="3" t="28" w="185" /><ent r="3" t="29" w="29" /><ent r="3" t="29" w="29" /><ent r="3" t="29" w="47" /><ent r="3" t="29" w="47" /><ent r="3" t="31" w="115" /><ent r="3" t="31" w="115" /><ent r="3" t="31" w="317" /><ent r="3" t="31" w="317" /><ent r="3" t="38" w="212" /><ent r="3" t="38" w="212" /><ent r="3" t="38" w="410" /><ent r="3" t="38" w="410" /><ent r="3" t="38" w="480" /><ent r="3" t="38" w="480" /><ent r="3" t="39" w="245" /><ent r="3" t="39" w="245" /><ent r="3" t="45" w="197" /><ent r="3" t="45" w="197" /></phr><phr n="allow"><ent r="3" t="8" w="84" /><ent r="3" t="8" w="84" /><ent r="3" t="13" w="27" /><ent r="3" t="13" w="27" /><ent r="3" t="26" w="138" /><ent r="3" t="26" w="138" /><ent r="3" t="31" w="617" /><ent r="3" t="31" w="617" /><ent r="3" t="81" w="37" /><ent r="3" t="81" w="37" /></phr></stem><stem n="rich"><phr n="rich"><ent r="3" t="8" w="22" /><ent r="3" t="8" w="22" /><ent r="3" t="12" w="31" /><ent r="3" t="12" w="31" /></phr></stem><stem n="integr"><phr n="integration"><ent r="3" t="8" w="25" /><ent r="3" t="8" w="25" /><ent r="3" t="8" w="121" /><ent r="3" t="8" w="121" /></phr><phr n="integrate"><ent r="3" t="8" w="93" /><ent r="3" t="8" w="93" /></phr><phr n="integrity"><ent r="3" t="10" w="25" /><ent r="3" t="10" w="25" /><ent r="3" t="65" w="40" /><ent r="3" t="65" w="40" /></phr><phr n="Integrate"><ent r="7" t="17" w="6343" /><ent r="7" t="17" w="6343" /></phr><phr n="Integration"><ent r="7" t="17" w="6401" /><ent r="7" t="17" w="6401" /></phr><phr n="integrated"><ent r="3" t="22" w="41" /><ent r="3" t="22" w="41" /></phr><phr n="integral"><ent r="6" t="75" w="150" /><ent r="6" t="75" w="150" /><ent r="6" t="75" w="167" /><ent r="6" t="75" w="167" /><ent r="6" t="75" w="184" /><ent r="6" t="75" w="184" /><ent r="6" t="75" w="201" /><ent r="6" t="75" w="201" /><ent r="6" t="75" w="250" /><ent r="6" t="75" w="250" /><ent r="6" t="75" w="305" /><ent r="6" t="75" w="305" /><ent r="6" t="75" w="322" /><ent r="6" t="75" w="322" /><ent r="6" t="75" w="340" /><ent r="6" t="75" w="340" /></phr></stem><stem n="empow"><phr n="empowers"><ent r="3" t="8" w="34" /><ent r="3" t="8" w="34" /></phr></stem><stem n="courtesi"><phr n="courtesy"><ent r="3" t="8" w="51" /><ent r="3" t="8" w="51" /></phr></stem><stem n="clientel"><phr n="clientele"><ent r="3" t="8" w="54" /><ent r="3" t="8" w="54" /></phr></stem><stem n="market"><phr n="markets"><ent r="3" t="8" w="57" /></phr><phr n="marketing"><ent r="7" t="17" w="743" /><ent r="7" t="17" w="743" /><ent r="6" t="17" w="6666" /><ent r="6" t="17" w="6666" /></phr></stem><stem n="compris"><phr n="comprised"><ent r="3" t="8" w="62" /><ent r="3" t="8" w="62" /></phr><phr n="comprise"><ent r="3" t="9" w="78" /><ent r="3" t="9" w="78" /><ent r="4" t="15" w="435" /><ent r="4" t="15" w="435" /></phr><phr n="comprising"><ent r="3" t="49" w="56" /><ent r="3" t="49" w="56" /></phr></stem><stem n="three"><phr n="three"><ent r="3" t="8" w="64" /><ent r="3" t="8" w="64" /><ent r="3" t="27" w="275" /></phr></stem><stem n="major"><phr n="major"><ent r="3" t="8" w="65" /><ent r="3" t="8" w="65" /><ent r="3" t="82" w="19" /><ent r="3" t="82" w="19" /><ent r="4" t="82" w="66" /><ent r="4" t="82" w="66" /><ent r="5" t="82" w="236" /><ent r="5" t="82" w="236" /></phr></stem><stem n="autom"><phr n="automate"><ent r="3" t="8" w="95" /><ent r="3" t="45" w="200" /><ent r="3" t="45" w="200" /></phr><phr n="automated"><ent r="3" t="45" w="20" /><ent r="3" t="45" w="20" /></phr></stem><stem n="portion"><phr n="portions"><ent r="3" t="8" w="99" /><ent r="3" t="8" w="99" /></phr></stem><stem n="uniqu"><phr n="unique"><ent r="3" t="8" w="107" /><ent r="3" t="8" w="107" /><ent r="3" t="27" w="97" /><ent r="3" t="27" w="97" /><ent r="3" t="27" w="111" /><ent r="3" t="27" w="111" /><ent r="3" t="27" w="131" /><ent r="3" t="27" w="165" /><ent r="3" t="27" w="189" /><ent r="3" t="27" w="189" /><ent r="3" t="29" w="65" /><ent r="3" t="29" w="65" /><ent r="3" t="64" w="273" /><ent r="3" t="64" w="273" /><ent r="3" t="65" w="233" /><ent r="3" t="65" w="233" /><ent r="6" t="73" w="170" /><ent r="6" t="73" w="170" /></phr><phr n="uniquely"><ent r="3" t="29" w="171" /><ent r="3" t="29" w="171" /><ent r="3" t="29" w="207" /><ent r="3" t="29" w="207" /></phr></stem><stem n="larg"><phr n="largely"><ent r="3" t="8" w="115" /><ent r="3" t="8" w="115" /></phr><phr n="Large"><ent r="7" t="17" w="6506" /><ent r="7" t="17" w="6506" /></phr><phr n="large"><ent r="3" t="52" w="39" /><ent r="3" t="52" w="39" /></phr></stem><stem n="take"><phr n="take"><ent r="3" t="8" w="124" /><ent r="3" t="27" w="721" /><ent r="3" t="27" w="721" /><ent r="3" t="34" w="259" /><ent r="3" t="34" w="259" /><ent r="3" t="65" w="328" /><ent r="3" t="65" w="328" /><ent r="4" t="65" w="560" /><ent r="4" t="65" w="560" /></phr><phr n="takes"><ent r="3" t="24" w="237" /><ent r="3" t="24" w="237" /><ent r="3" t="28" w="329" /><ent r="3" t="28" w="329" /><ent r="3" t="28" w="344" /><ent r="3" t="28" w="344" /><ent r="3" t="28" w="430" /><ent r="3" t="28" w="430" /><ent r="3" t="29" w="308" /><ent r="3" t="29" w="308" /><ent r="3" t="31" w="360" /><ent r="3" t="31" w="360" /><ent r="3" t="33" w="31" /><ent r="3" t="33" w="31" /><ent r="3" t="35" w="492" /><ent r="3" t="35" w="492" /><ent r="3" t="38" w="555" /><ent r="3" t="38" w="555" /></phr><phr n="taking"><ent r="3" t="45" w="44" /><ent r="3" t="45" w="44" /></phr></stem><stem n="aif"><phr n="aif"><ent r="100" t="9" w="4" /><ent r="100" t="9" w="4" /></phr></stem><stem n="pad"><phr n="pad"><ent r="100" t="9" w="16" /><ent r="100" t="9" w="16" /><ent r="4" t="52" w="189" /><ent r="4" t="53" w="132" /><ent r="4" t="54" w="119" /><ent r="4" t="55" w="155" /><ent r="4" t="56" w="138" /><ent r="4" t="56" w="205" /><ent r="5" t="57" w="112" /><ent r="4" t="58" w="94" /><ent r="5" t="59" w="113" /></phr><phr n="PAD"><ent r="3" t="9" w="62" /><ent r="4" t="15" w="419" /></phr></stem><stem n="adf"><phr n="adf"><ent r="100" t="9" w="18" /><ent r="100" t="9" w="18" /><ent r="3" t="9" w="94" /><ent r="3" t="9" w="94" /><ent r="3" t="9" w="124" /><ent r="3" t="9" w="124" /><ent r="4" t="15" w="449" /><ent r="4" t="15" w="449" /><ent r="4" t="15" w="479" /><ent r="4" t="15" w="479" /></phr><phr n="ADF"><ent r="3" t="9" w="33" /><ent r="3" t="9" w="64" /><ent r="3" t="9" w="64" /><ent r="4" t="15" w="390" /><ent r="4" t="15" w="421" /><ent r="4" t="15" w="421" /></phr></stem><stem n="log"><phr n="log"><ent r="3" t="9" w="38" /><ent r="3" t="9" w="38" /><ent r="3" t="9" w="46" /><ent r="3" t="9" w="46" /><ent r="4" t="15" w="395" /><ent r="4" t="15" w="395" /><ent r="4" t="15" w="403" /><ent r="4" t="15" w="403" /><ent r="3" t="69" w="273" /><ent r="3" t="69" w="273" /></phr><phr n="logged"><ent r="3" t="17" w="51" /><ent r="3" t="17" w="51" /><ent r="3" t="25" w="128" /><ent r="3" t="25" w="128" /><ent r="3" t="27" w="39" /><ent r="3" t="27" w="39" /><ent r="3" t="28" w="163" /><ent r="3" t="28" w="163" /><ent r="3" t="34" w="138" /><ent r="3" t="34" w="138" /><ent r="3" t="34" w="231" /><ent r="3" t="34" w="231" /><ent r="3" t="62" w="97" /><ent r="3" t="62" w="97" /></phr><phr n="Log"><ent r="6" t="17" w="6793" /><ent r="6" t="17" w="6793" /><ent r="92" t="50" w="415" /><ent r="92" t="50" w="415" /><ent r="5" t="57" w="81" /><ent r="5" t="57" w="81" /><ent r="4" t="58" w="63" /><ent r="4" t="58" w="63" /><ent r="5" t="59" w="82" /><ent r="5" t="59" w="82" /></phr><phr n="Logs"><ent r="3" t="50" w="418" /><ent r="3" t="50" w="418" /></phr><phr n="logs"><ent r="3" t="50" w="424" /><ent r="3" t="50" w="424" /></phr></stem><stem n="alf"><phr n="ALF"><ent r="3" t="9" w="40" /><ent r="3" t="9" w="66" /><ent r="3" t="9" w="66" /><ent r="4" t="15" w="397" /><ent r="4" t="15" w="423" /><ent r="4" t="15" w="423" /></phr></stem><stem n="intern"><phr n="internal"><ent r="3" t="9" w="44" /><ent r="3" t="9" w="44" /><ent r="4" t="15" w="401" /><ent r="4" t="15" w="401" /></phr><phr n="international"><ent r="4" t="15" w="617" /><ent r="4" t="15" w="617" /><ent r="4" t="15" w="792" /><ent r="4" t="15" w="792" /></phr></stem><stem n="transact"><phr n="transaction"><ent r="3" t="9" w="45" /><ent r="3" t="9" w="45" /><ent r="4" t="15" w="402" /><ent r="4" t="15" w="402" /></phr></stem><stem n="pointer"><phr n="pointer"><ent r="3" t="9" w="57" /><ent r="4" t="15" w="414" /></phr></stem><stem n="alwai"><phr n="always"><ent r="3" t="9" w="68" /><ent r="3" t="9" w="68" /><ent r="4" t="15" w="425" /><ent r="4" t="15" w="425" /><ent r="3" t="26" w="199" /><ent r="3" t="26" w="199" /><ent r="3" t="27" w="645" /><ent r="3" t="27" w="645" /><ent r="4" t="69" w="395" /><ent r="4" t="69" w="395" /></phr></stem><stem n="same"><phr n="same"><ent r="3" t="9" w="75" /><ent r="3" t="9" w="75" /><ent r="4" t="15" w="432" /><ent r="4" t="15" w="432" /><ent r="3" t="25" w="275" /><ent r="3" t="25" w="275" /><ent r="3" t="27" w="442" /><ent r="3" t="27" w="442" /><ent r="3" t="27" w="504" /><ent r="3" t="27" w="504" /><ent r="3" t="27" w="556" /><ent r="3" t="27" w="556" /><ent r="3" t="28" w="481" /><ent r="3" t="28" w="481" /><ent r="3" t="28" w="620" /><ent r="3" t="28" w="620" /><ent r="3" t="31" w="259" /><ent r="3" t="31" w="259" /><ent r="3" t="34" w="45" /><ent r="3" t="34" w="45" /><ent r="3" t="34" w="313" /><ent r="3" t="34" w="313" /><ent r="3" t="34" w="334" /><ent r="3" t="34" w="334" /><ent r="3" t="38" w="491" /><ent r="3" t="38" w="491" /><ent r="3" t="49" w="215" /><ent r="3" t="49" w="215" /><ent r="4" t="52" w="88" /><ent r="4" t="52" w="88" /><ent r="4" t="55" w="78" /><ent r="4" t="55" w="78" /><ent r="3" t="65" w="437" /><ent r="3" t="65" w="437" /><ent r="7" t="79" w="91" /><ent r="7" t="79" w="91" /><ent r="7" t="79" w="156" /><ent r="7" t="79" w="156" /></phr></stem><stem n="server"><phr n="Server"><ent r="3" t="9" w="81" /><ent r="3" t="9" w="81" /><ent r="4" t="15" w="438" /><ent r="4" t="15" w="438" /><ent r="92" t="50" w="20" /><ent r="92" t="50" w="20" /><ent r="3" t="50" w="23" /><ent r="3" t="50" w="23" /><ent r="3" t="50" w="130" /><ent r="3" t="50" w="130" /><ent r="3" t="50" w="136" /><ent r="3" t="50" w="136" /></phr><phr n="server"><ent r="3" t="50" w="28" /><ent r="3" t="50" w="28" /><ent r="3" t="50" w="45" /><ent r="3" t="50" w="45" /><ent r="3" t="50" w="73" /><ent r="3" t="50" w="73" /><ent r="3" t="50" w="112" /><ent r="3" t="50" w="112" /><ent r="3" t="50" w="125" /><ent r="3" t="50" w="125" /><ent r="3" t="50" w="166" /><ent r="3" t="50" w="166" /><ent r="3" t="50" w="193" /><ent r="4" t="69" w="152" /><ent r="4" t="69" w="217" /><ent r="4" t="77" w="115" /><ent r="3" t="77" w="195" /><ent r="4" t="78" w="146" /></phr><phr n="servers"><ent r="3" t="77" w="206" /></phr></stem><stem n="rdf"><phr n="rdf"><ent r="100" t="9" w="84" /><ent r="100" t="9" w="84" /><ent r="4" t="15" w="491" /><ent r="4" t="15" w="491" /></phr><phr n="RDF"><ent r="3" t="9" w="100" /><ent r="3" t="9" w="102" /><ent r="3" t="9" w="102" /><ent r="3" t="9" w="136" /><ent r="3" t="9" w="136" /><ent r="4" t="15" w="455" /></phr></stem><stem n="automat"><phr n="automatically"><ent r="3" t="9" w="104" /><ent r="3" t="9" w="104" /><ent r="3" t="15" w="26" /><ent r="3" t="15" w="26" /><ent r="4" t="15" w="459" /><ent r="4" t="15" w="459" /><ent r="3" t="16" w="58" /><ent r="3" t="16" w="58" /><ent r="3" t="40" w="89" /><ent r="3" t="40" w="89" /><ent r="3" t="40" w="101" /><ent r="3" t="40" w="101" /></phr></stem><stem n="itself"><phr n="itself"><ent r="3" t="9" w="116" /><ent r="3" t="9" w="116" /><ent r="4" t="15" w="471" /><ent r="4" t="15" w="471" /></phr></stem><stem n="transport"><phr n="transported"><ent r="3" t="9" w="128" /><ent r="3" t="9" w="128" /><ent r="4" t="15" w="483" /><ent r="4" t="15" w="483" /></phr><phr n="transport"><ent r="3" t="24" w="371" /><ent r="3" t="24" w="371" /></phr><phr n="transportation"><ent r="3" t="50" w="386" /></phr></stem><stem n="think"><phr n="Think"><ent r="3" t="9" w="133" /><ent r="3" t="9" w="133" /><ent r="4" t="15" w="488" /><ent r="4" t="15" w="488" /></phr></stem><stem n="zip"><phr n="zip"><ent r="3" t="9" w="139" /><ent r="3" t="9" w="139" /><ent r="4" t="15" w="494" /><ent r="4" t="15" w="494" /><ent r="8" t="17" w="1162" /><ent r="8" t="17" w="1162" /><ent r="8" t="17" w="1391" /><ent r="8" t="17" w="1391" /><ent r="7" t="17" w="1825" /><ent r="7" t="17" w="1825" /><ent r="7" t="17" w="1991" /><ent r="7" t="17" w="1991" /><ent r="7" t="17" w="2334" /><ent r="7" t="17" w="2334" /><ent r="7" t="17" w="2500" /><ent r="7" t="17" w="2500" /><ent r="7" t="17" w="3111" /><ent r="7" t="17" w="3111" /><ent r="7" t="17" w="3381" /><ent r="7" t="17" w="3381" /><ent r="4" t="67" w="74" /><ent r="4" t="67" w="74" /><ent r="4" t="68" w="113" /><ent r="4" t="68" w="113" /><ent r="4" t="69" w="88" /><ent r="4" t="69" w="88" /></phr><phr n="Zip"><ent r="8" t="17" w="1152" /><ent r="8" t="17" w="1152" /><ent r="7" t="17" w="1815" /><ent r="7" t="17" w="1815" /><ent r="7" t="17" w="2490" /><ent r="7" t="17" w="2490" /><ent r="7" t="17" w="3101" /><ent r="7" t="17" w="3101" /></phr><phr n="ZIP"><ent r="8" t="17" w="1380" /><ent r="8" t="17" w="1380" /><ent r="7" t="17" w="1980" /><ent r="7" t="17" w="1980" /><ent r="7" t="17" w="2323" /><ent r="7" t="17" w="2323" /><ent r="7" t="17" w="3370" /><ent r="7" t="17" w="3370" /></phr></stem><stem n="unpack"><phr n="unpacked"><ent r="3" t="9" w="144" /><ent r="3" t="9" w="144" /><ent r="4" t="15" w="499" /><ent r="4" t="15" w="499" /></phr></stem><stem n="client"><phr n="client"><ent r="3" t="10" w="21" /><ent r="3" t="10" w="21" /><ent r="3" t="24" w="179" /><ent r="3" t="24" w="179" /><ent r="3" t="50" w="40" /><ent r="3" t="50" w="40" /><ent r="3" t="50" w="61" /><ent r="3" t="50" w="61" /><ent r="3" t="50" w="161" /><ent r="3" t="50" w="161" /><ent r="3" t="50" w="176" /><ent r="3" t="50" w="176" /><ent r="3" t="50" w="194" /><ent r="3" t="50" w="194" /><ent r="3" t="50" w="206" /><ent r="3" t="50" w="206" /><ent r="3" t="50" w="247" /><ent r="3" t="50" w="247" /><ent r="3" t="50" w="272" /><ent r="3" t="50" w="272" /><ent r="3" t="50" w="294" /><ent r="3" t="50" w="294" /></phr><phr n="clients"><ent r="3" t="50" w="77" /><ent r="3" t="50" w="77" /></phr><phr n="Client"><ent r="92" t="50" w="153" /><ent r="92" t="50" w="153" /><ent r="3" t="50" w="156" /><ent r="3" t="50" w="156" /><ent r="3" t="50" w="252" /><ent r="3" t="50" w="252" /></phr></stem><stem n="point"><phr n="points"><ent r="3" t="10" w="33" /><ent r="3" t="10" w="33" /><ent r="6" t="73" w="142" /><ent r="6" t="73" w="142" /><ent r="6" t="73" w="237" /><ent r="6" t="73" w="237" /></phr><phr n="point"><ent r="3" t="21" w="42" /><ent r="3" t="21" w="42" /><ent r="3" t="25" w="70" /><ent r="3" t="25" w="70" /><ent r="3" t="26" w="58" /><ent r="3" t="26" w="58" /><ent r="3" t="28" w="519" /><ent r="3" t="28" w="519" /><ent r="3" t="28" w="531" /><ent r="3" t="28" w="531" /><ent r="3" t="43" w="28" /><ent r="3" t="43" w="28" /><ent r="6" t="75" w="121" /><ent r="6" t="75" w="121" /><ent r="6" t="75" w="268" /><ent r="6" t="75" w="268" /></phr></stem><stem n="crystal"><phr n="Crystal"><ent r="4" t="10" w="38" /><ent r="4" t="10" w="38" /><ent r="3" t="43" w="53" /><ent r="3" t="43" w="53" /><ent r="3" t="72" w="67" /><ent r="3" t="72" w="67" /></phr></stem><stem n="report"><phr n="Reports"><ent r="4" t="10" w="39" /><ent r="4" t="10" w="39" /><ent r="4" t="15" w="578" /><ent r="4" t="15" w="578" /><ent r="4" t="15" w="585" /><ent r="4" t="15" w="585" /><ent r="5" t="15" w="745" /><ent r="5" t="15" w="745" /><ent r="4" t="15" w="748" /><ent r="4" t="15" w="748" /><ent r="7" t="17" w="754" /><ent r="7" t="17" w="754" /><ent r="6" t="17" w="5409" /><ent r="6" t="17" w="5409" /><ent r="7" t="17" w="5419" /><ent r="7" t="17" w="5419" /><ent r="7" t="17" w="5556" /><ent r="7" t="17" w="5568" /><ent r="7" t="17" w="5568" /><ent r="7" t="17" w="5633" /><ent r="7" t="17" w="5648" /><ent r="7" t="17" w="5648" /><ent r="7" t="17" w="5727" /><ent r="7" t="17" w="5741" /><ent r="7" t="17" w="5741" /><ent r="7" t="17" w="5873" /><ent r="3" t="43" w="54" /></phr><phr n="reports"><ent r="4" t="15" w="591" /><ent r="4" t="15" w="591" /><ent r="4" t="15" w="751" /><ent r="4" t="15" w="751" /><ent r="4" t="15" w="766" /><ent r="4" t="15" w="766" /><ent r="3" t="43" w="45" /><ent r="3" t="43" w="45" /><ent r="3" t="78" w="202" /></phr><phr n="Report"><ent r="6" t="16" w="213" /><ent r="6" t="16" w="213" /><ent r="6" t="16" w="218" /><ent r="6" t="16" w="218" /><ent r="7" t="17" w="5430" /><ent r="7" t="17" w="5430" /><ent r="7" t="17" w="5801" /><ent r="7" t="17" w="5801" /></phr><phr n="report"><ent r="5" t="17" w="5417" /><ent r="5" t="17" w="5417" /><ent r="7" t="17" w="5427" /><ent r="7" t="17" w="5427" /><ent r="7" t="17" w="5438" /><ent r="7" t="17" w="5450" /><ent r="7" t="17" w="5462" /><ent r="7" t="17" w="5473" /><ent r="7" t="17" w="5485" /><ent r="7" t="17" w="5497" /><ent r="7" t="17" w="5511" /><ent r="7" t="17" w="5525" /><ent r="7" t="17" w="5537" /><ent r="7" t="17" w="5551" /><ent r="7" t="17" w="5564" /><ent r="7" t="17" w="5576" /><ent r="7" t="17" w="5588" /><ent r="7" t="17" w="5601" /><ent r="7" t="17" w="5614" /><ent r="7" t="17" w="5627" /><ent r="7" t="17" w="5641" /><ent r="7" t="17" w="5656" /><ent r="7" t="17" w="5668" /><ent r="7" t="17" w="5681" /><ent r="7" t="17" w="5694" /><ent r="7" t="17" w="5708" /><ent r="7" t="17" w="5721" /><ent r="7" t="17" w="5735" /><ent r="7" t="17" w="5749" /><ent r="7" t="17" w="5764" /><ent r="7" t="17" w="5778" /><ent r="7" t="17" w="5794" /><ent r="7" t="17" w="5809" /><ent r="7" t="17" w="5825" /><ent r="7" t="17" w="5840" /><ent r="7" t="17" w="5854" /><ent r="7" t="17" w="5867" /><ent r="7" t="17" w="5881" /><ent r="7" t="17" w="5896" /><ent r="7" t="17" w="5908" /><ent r="3" t="43" w="48" /><ent r="3" t="43" w="48" /><ent r="4" t="77" w="160" /><ent r="4" t="77" w="160" /><ent r="4" t="78" w="166" /><ent r="4" t="78" w="166" /></phr><phr n="reporting"><ent r="3" t="36" w="14" /><ent r="3" t="36" w="14" /></phr></stem><stem n="engin"><phr n="engine"><ent r="3" t="11" w="23" /><ent r="3" t="11" w="23" /><ent r="4" t="46" w="130" /><ent r="4" t="46" w="130" /><ent r="4" t="46" w="149" /><ent r="4" t="46" w="149" /><ent r="3" t="50" w="384" /><ent r="3" t="50" w="384" /></phr><phr n="Engineering"><ent r="3" t="51" w="105" /></phr></stem><stem n="busi"><phr n="business"><ent r="3" t="11" w="35" /><ent r="3" t="11" w="35" /><ent r="4" t="23" w="98" /><ent r="4" t="23" w="98" /><ent r="4" t="82" w="35" /><ent r="4" t="82" w="35" /><ent r="5" t="82" w="204" /><ent r="5" t="82" w="204" /></phr><phr n="Business"><ent r="3" t="72" w="58" /><ent r="3" t="72" w="58" /><ent r="3" t="72" w="62" /><ent r="3" t="72" w="62" /><ent r="3" t="72" w="75" /><ent r="3" t="72" w="75" /></phr></stem><stem n="layer"><phr n="layer"><ent r="3" t="11" w="36" /><ent r="3" t="11" w="36" /><ent r="4" t="82" w="37" /><ent r="4" t="82" w="100" /><ent r="4" t="82" w="100" /><ent r="5" t="82" w="206" /></phr></stem><stem n="manner"><phr n="manner"><ent r="3" t="11" w="49" /></phr></stem><stem n="portal"><phr n="portal"><ent r="3" t="12" w="24" /><ent r="3" t="12" w="24" /></phr></stem><stem n="graphic"><phr n="Graphical"><ent r="3" t="12" w="32" /><ent r="3" t="12" w="32" /></phr><phr n="graphical"><ent r="3" t="36" w="19" /><ent r="3" t="36" w="19" /><ent r="3" t="36" w="25" /><ent r="3" t="36" w="25" /></phr><phr n="graphics"><ent r="3" t="78" w="213" /></phr></stem><stem n="gui"><phr n="GUI"><ent r="3" t="12" w="35" /></phr></stem><stem n="present"><phr n="present"><ent r="3" t="12" w="39" /><ent r="3" t="12" w="39" /><ent r="4" t="18" w="56" /><ent r="4" t="18" w="56" /><ent r="3" t="27" w="316" /><ent r="3" t="39" w="94" /><ent r="3" t="39" w="94" /></phr><phr n="presentation"><ent r="3" t="37" w="154" /><ent r="3" t="37" w="154" /><ent r="4" t="82" w="99" /><ent r="4" t="82" w="99" /></phr></stem><stem n="edg"><phr n="edges"><ent r="3" t="12" w="51" /></phr></stem><stem n="protect"><phr n="protect"><ent r="3" t="13" w="23" /><ent r="3" t="13" w="23" /></phr><phr n="protected"><ent r="3" t="28" w="341" /><ent r="3" t="28" w="341" /><ent r="3" t="61" w="466" /><ent r="3" t="61" w="466" /></phr></stem><stem n="defin"><phr n="defined"><ent r="3" t="13" w="40" /><ent r="3" t="13" w="40" /><ent r="3" t="13" w="82" /><ent r="3" t="13" w="82" /><ent r="3" t="14" w="244" /><ent r="3" t="14" w="273" /><ent r="3" t="14" w="273" /><ent r="3" t="24" w="389" /><ent r="3" t="39" w="601" /><ent r="3" t="39" w="601" /><ent r="3" t="45" w="143" /><ent r="3" t="61" w="48" /><ent r="3" t="61" w="48" /><ent r="3" t="64" w="25" /><ent r="3" t="64" w="25" /><ent r="3" t="65" w="18" /><ent r="3" t="65" w="18" /><ent r="3" t="65" w="98" /><ent r="3" t="65" w="98" /></phr><phr n="define"><ent r="4" t="15" w="557" /><ent r="4" t="15" w="557" /><ent r="3" t="24" w="323" /><ent r="3" t="24" w="323" /><ent r="3" t="27" w="217" /><ent r="3" t="27" w="217" /><ent r="3" t="27" w="297" /><ent r="3" t="27" w="297" /><ent r="3" t="27" w="310" /><ent r="3" t="27" w="310" /><ent r="3" t="27" w="538" /><ent r="3" t="27" w="538" /><ent r="3" t="27" w="711" /><ent r="3" t="27" w="711" /><ent r="3" t="27" w="775" /><ent r="3" t="27" w="775" /><ent r="3" t="29" w="102" /><ent r="3" t="29" w="102" /><ent r="3" t="29" w="147" /><ent r="3" t="29" w="147" /><ent r="3" t="29" w="233" /><ent r="3" t="29" w="233" /><ent r="3" t="40" w="23" /><ent r="3" t="40" w="23" /><ent r="3" t="79" w="25" /><ent r="3" t="79" w="25" /><ent r="4" t="82" w="140" /><ent r="4" t="82" w="140" /></phr><phr n="Define"><ent r="7" t="17" w="5943" /><ent r="7" t="17" w="5943" /></phr><phr n="defines"><ent r="3" t="39" w="305" /><ent r="3" t="39" w="305" /></phr><phr n="defining"><ent r="3" t="39" w="540" /><ent r="3" t="39" w="540" /><ent r="3" t="40" w="30" /><ent r="3" t="40" w="30" /></phr></stem><stem n="store"><phr n="stored"><ent r="3" t="13" w="42" /><ent r="3" t="13" w="42" /><ent r="3" t="15" w="61" /><ent r="3" t="15" w="61" /><ent r="3" t="15" w="71" /><ent r="3" t="15" w="71" /><ent r="3" t="16" w="86" /><ent r="3" t="16" w="86" /><ent r="3" t="24" w="154" /><ent r="3" t="24" w="154" /><ent r="3" t="24" w="380" /><ent r="3" t="24" w="380" /><ent r="3" t="39" w="603" /><ent r="3" t="39" w="603" /><ent r="4" t="45" w="319" /><ent r="4" t="45" w="319" /><ent r="6" t="75" w="73" /><ent r="6" t="75" w="73" /><ent r="4" t="77" w="128" /><ent r="4" t="77" w="128" /><ent r="4" t="78" w="18" /><ent r="4" t="78" w="18" /><ent r="4" t="78" w="48" /><ent r="4" t="78" w="48" /></phr><phr n="store"><ent r="3" t="15" w="48" /><ent r="3" t="15" w="48" /><ent r="3" t="15" w="159" /><ent r="3" t="15" w="159" /><ent r="4" t="15" w="250" /><ent r="4" t="15" w="250" /><ent r="4" t="15" w="295" /><ent r="4" t="15" w="295" /><ent r="3" t="27" w="692" /><ent r="3" t="27" w="692" /><ent r="3" t="50" w="308" /><ent r="3" t="50" w="308" /><ent r="3" t="50" w="359" /><ent r="3" t="50" w="359" /><ent r="3" t="50" w="426" /><ent r="3" t="50" w="426" /></phr><phr n="stores"><ent r="3" t="15" w="81" /><ent r="3" t="15" w="81" /><ent r="3" t="50" w="406" /><ent r="3" t="50" w="406" /></phr><phr n="Stored"><ent r="4" t="24" w="147" /><ent r="4" t="24" w="147" /></phr><phr n="storing"><ent r="3" t="39" w="542" /><ent r="3" t="39" w="542" /></phr></stem><stem n="record-level"><phr n="record-level"><ent r="3" t="13" w="59" /><ent r="3" t="13" w="59" /></phr></stem><stem n="enforc"><phr n="enforced"><ent r="3" t="13" w="64" /><ent r="3" t="13" w="64" /></phr></stem><stem n="serv"><phr n="serving"><ent r="3" t="13" w="74" /><ent r="3" t="13" w="74" /></phr></stem><stem n="gatekeep"><phr n="gatekeeper"><ent r="3" t="13" w="77" /></phr></stem><stem n="privileg"><phr n="privileges"><ent r="3" t="13" w="89" /><ent r="3" t="13" w="89" /></phr></stem><stem n="cannot"><phr n="cannot"><ent r="3" t="13" w="110" /><ent r="3" t="13" w="110" /><ent r="5" t="14" w="192" /><ent r="5" t="14" w="192" /><ent r="3" t="27" w="635" /><ent r="3" t="27" w="635" /><ent r="3" t="76" w="62" /><ent r="3" t="76" w="62" /><ent r="3" t="77" w="202" /><ent r="3" t="77" w="202" /><ent r="7" t="81" w="123" /><ent r="7" t="81" w="123" /><ent r="7" t="81" w="149" /><ent r="7" t="81" w="149" /></phr><phr n="Cannot"><ent r="4" t="77" w="104" /><ent r="4" t="77" w="104" /><ent r="4" t="77" w="117" /><ent r="4" t="77" w="117" /></phr></stem><stem n="manag"><phr n="managers"><ent r="3" t="13" w="119" /><ent r="3" t="13" w="119" /><ent r="3" t="28" w="606" /><ent r="3" t="28" w="606" /></phr><phr n="management"><ent r="5" t="14" w="69" /><ent r="5" t="14" w="69" /><ent r="5" t="14" w="104" /><ent r="5" t="14" w="104" /><ent r="3" t="35" w="133" /></phr><phr n="Manager"><ent r="5" t="14" w="79" /><ent r="5" t="14" w="79" /><ent r="8" t="17" w="1563" /><ent r="7" t="17" w="2162" /><ent r="7" t="17" w="2773" /><ent r="7" t="17" w="2948" /><ent r="7" t="17" w="5756" /><ent r="7" t="17" w="5756" /><ent r="7" t="17" w="5817" /><ent r="7" t="17" w="5817" /><ent r="3" t="28" w="477" /><ent r="3" t="37" w="69" /><ent r="3" t="37" w="69" /><ent r="3" t="48" w="261" /></phr><phr n="Manage"><ent r="7" t="17" w="955" /><ent r="7" t="17" w="955" /><ent r="7" t="17" w="4906" /><ent r="7" t="17" w="4906" /><ent r="7" t="17" w="4920" /><ent r="7" t="17" w="4920" /><ent r="8" t="17" w="5093" /><ent r="8" t="17" w="5093" /><ent r="7" t="17" w="6029" /><ent r="7" t="17" w="6029" /><ent r="7" t="17" w="6042" /><ent r="7" t="17" w="6042" /><ent r="7" t="17" w="6561" /><ent r="7" t="17" w="6561" /><ent r="7" t="17" w="6572" /><ent r="7" t="17" w="6572" /><ent r="6" t="17" w="6718" /><ent r="6" t="17" w="6718" /><ent r="6" t="17" w="6768" /><ent r="6" t="17" w="6768" /></phr><phr n="manage"><ent r="7" t="17" w="5104" /><ent r="7" t="17" w="5104" /><ent r="7" t="17" w="5210" /><ent r="7" t="17" w="5210" /><ent r="7" t="17" w="5235" /><ent r="7" t="17" w="5248" /><ent r="7" t="17" w="5261" /><ent r="3" t="36" w="46" /><ent r="3" t="36" w="46" /></phr><phr n="Manag"><ent r="7" t="17" w="5200" /></phr><phr n="manager"><ent r="3" t="26" w="84" /><ent r="3" t="26" w="84" /><ent r="3" t="28" w="397" /><ent r="3" t="28" w="397" /><ent r="3" t="28" w="497" /><ent r="3" t="28" w="497" /><ent r="3" t="28" w="575" /><ent r="3" t="28" w="575" /><ent r="3" t="28" w="625" /><ent r="4" t="41" w="81" /><ent r="4" t="41" w="81" /><ent r="4" t="45" w="81" /><ent r="4" t="45" w="81" /><ent r="4" t="45" w="110" /><ent r="4" t="45" w="110" /><ent r="3" t="49" w="106" /><ent r="3" t="49" w="106" /><ent r="65" t="51" w="56" /><ent r="65" t="51" w="56" /><ent r="1000" t="56" w="4" /><ent r="1000" t="56" w="4" /><ent r="102" t="56" w="9" /><ent r="102" t="56" w="9" /><ent r="3" t="56" w="13" /><ent r="3" t="56" w="13" /><ent r="3" t="56" w="37" /><ent r="3" t="56" w="37" /><ent r="3" t="56" w="55" /><ent r="3" t="56" w="55" /><ent r="4" t="56" w="143" /><ent r="4" t="56" w="143" /><ent r="4" t="56" w="151" /><ent r="3" t="56" w="159" /><ent r="3" t="56" w="159" /><ent r="4" t="56" w="210" /><ent r="4" t="56" w="210" /><ent r="4" t="56" w="218" /></phr><phr n="Managers"><ent r="3" t="36" w="40" /><ent r="3" t="36" w="40" /></phr></stem></index>