<?xml version="1.0" encoding="utf-8"?><index><stem n="execut"><phr n="execute"><ent r="3" t="1" w="84" /><ent r="3" t="1" w="84" /><ent r="3" t="64" w="312" /><ent r="3" t="64" w="312" /><ent r="3" t="65" w="347" /></phr><phr n="executing"><ent r="3" t="24" w="166" /><ent r="3" t="24" w="166" /></phr><phr n="executed"><ent r="3" t="24" w="335" /><ent r="3" t="24" w="335" /><ent r="3" t="24" w="355" /><ent r="3" t="24" w="355" /></phr></stem><stem n="program"><phr n="programs"><ent r="3" t="1" w="86" /><ent r="6" t="7" w="961" /><ent r="6" t="7" w="961" /></phr><phr n="program"><ent r="64" t="4" w="133" /><ent r="3" t="24" w="151" /><ent r="3" t="24" w="151" /><ent r="3" t="28" w="584" /><ent r="3" t="28" w="584" /></phr><phr n="programming"><ent r="6" t="5" w="68" /><ent r="6" t="5" w="68" /><ent r="6" t="5" w="216" /><ent r="6" t="5" w="216" /></phr><phr n="Program"><ent r="4" t="15" w="262" /><ent r="4" t="15" w="262" /><ent r="4" t="15" w="308" /><ent r="4" t="15" w="308" /></phr></stem><stem n="onlin"><phr n="online"><ent r="3" t="1" w="89" /><ent r="3" t="1" w="89" /><ent r="100" t="3" w="17" /><ent r="100" t="3" w="17" /><ent r="3" t="3" w="33" /><ent r="3" t="3" w="33" /><ent r="7" t="3" w="461" /><ent r="7" t="3" w="461" /><ent r="3" t="3" w="653" /><ent r="3" t="3" w="653" /><ent r="3" t="4" w="151" /><ent r="3" t="4" w="151" /><ent r="3" t="4" w="174" /><ent r="3" t="4" w="174" /><ent r="3" t="4" w="222" /><ent r="3" t="4" w="222" /><ent r="3" t="13" w="136" /><ent r="3" t="13" w="136" /><ent r="3" t="14" w="306" /><ent r="3" t="14" w="306" /><ent r="4" t="19" w="190" /><ent r="4" t="19" w="190" /><ent r="4" t="20" w="153" /><ent r="4" t="20" w="153" /><ent r="4" t="21" w="120" /><ent r="4" t="21" w="120" /><ent r="4" t="22" w="81" /><ent r="4" t="22" w="81" /><ent r="4" t="25" w="423" /><ent r="4" t="25" w="423" /><ent r="3" t="25" w="456" /><ent r="3" t="25" w="456" /><ent r="3" t="36" w="194" /><ent r="3" t="36" w="194" /><ent r="3" t="40" w="150" /><ent r="3" t="40" w="150" /><ent r="3" t="42" w="41" /><ent r="3" t="42" w="41" /><ent r="3" t="45" w="129" /><ent r="3" t="45" w="129" /><ent r="100" t="80" w="17" /><ent r="100" t="80" w="17" /><ent r="3" t="80" w="33" /><ent r="3" t="80" w="33" /></phr><phr n="Online"><ent r="7" t="17" w="6866" /><ent r="7" t="17" w="6866" /><ent r="7" t="17" w="6940" /><ent r="7" t="17" w="6940" /><ent r="7" t="17" w="6978" /><ent r="7" t="17" w="6978" /></phr></stem><stem n="full"><phr n="full"><ent r="3" t="1" w="102" /><ent r="3" t="1" w="102" /><ent r="100" t="3" w="11" /><ent r="100" t="3" w="11" /><ent r="3" t="3" w="46" /><ent r="7" t="3" w="175" /><ent r="6" t="3" w="339" /><ent r="6" t="3" w="344" /><ent r="7" t="3" w="380" /><ent r="3" t="3" w="648" /><ent r="3" t="17" w="37" /><ent r="3" t="17" w="37" /><ent r="4" t="61" w="173" /><ent r="4" t="61" w="173" /><ent r="4" t="63" w="132" /><ent r="4" t="63" w="132" /><ent r="100" t="79" w="6" /><ent r="100" t="79" w="6" /><ent r="100" t="80" w="11" /><ent r="100" t="80" w="11" /><ent r="3" t="80" w="46" /><ent r="7" t="80" w="176" /><ent r="6" t="80" w="356" /><ent r="6" t="80" w="361" /><ent r="7" t="80" w="397" /><ent r="100" t="81" w="6" /><ent r="100" t="81" w="6" /></phr></stem><stem n="list"><phr n="list"><ent r="3" t="1" w="103" /><ent r="3" t="1" w="103" /><ent r="6" t="3" w="86" /><ent r="6" t="3" w="86" /><ent r="6" t="3" w="243" /><ent r="6" t="3" w="243" /><ent r="6" t="3" w="269" /><ent r="7" t="3" w="324" /><ent r="7" t="3" w="433" /><ent r="7" t="3" w="433" /><ent r="8" t="3" w="471" /><ent r="8" t="3" w="471" /><ent r="7" t="3" w="625" /><ent r="7" t="3" w="782" /><ent r="7" t="3" w="810" /><ent r="6" t="7" w="506" /><ent r="6" t="7" w="506" /><ent r="6" t="7" w="544" /><ent r="6" t="7" w="544" /><ent r="6" t="7" w="596" /><ent r="6" t="7" w="596" /><ent r="6" t="7" w="711" /><ent r="6" t="7" w="721" /><ent r="6" t="7" w="734" /><ent r="6" t="7" w="744" /><ent r="6" t="7" w="754" /><ent r="6" t="7" w="1095" /><ent r="6" t="7" w="1106" /><ent r="6" t="7" w="1117" /><ent r="6" t="7" w="1268" /><ent r="6" t="7" w="1268" /><ent r="6" t="7" w="1442" /><ent r="6" t="7" w="1442" /><ent r="7" t="17" w="5629" /><ent r="7" t="17" w="5629" /><ent r="7" t="17" w="5710" /><ent r="7" t="17" w="5710" /><ent r="3" t="24" w="205" /><ent r="3" t="24" w="228" /><ent r="3" t="24" w="228" /><ent r="3" t="24" w="236" /><ent r="3" t="24" w="236" /><ent r="3" t="24" w="250" /><ent r="3" t="24" w="250" /><ent r="3" t="24" w="349" /><ent r="4" t="24" w="407" /><ent r="3" t="24" w="410" /><ent r="3" t="24" w="410" /><ent r="3" t="24" w="441" /><ent r="3" t="25" w="207" /><ent r="3" t="25" w="207" /><ent r="92" t="25" w="319" /><ent r="92" t="25" w="319" /><ent r="3" t="25" w="329" /><ent r="3" t="25" w="329" /><ent r="3" t="28" w="46" /><ent r="3" t="28" w="46" /><ent r="3" t="28" w="56" /><ent r="3" t="28" w="56" /><ent r="92" t="28" w="135" /><ent r="92" t="28" w="135" /><ent r="3" t="28" w="154" /><ent r="3" t="28" w="154" /><ent r="3" t="34" w="209" /><ent r="3" t="34" w="274" /><ent r="3" t="34" w="274" /><ent r="3" t="34" w="304" /><ent r="3" t="34" w="351" /><ent r="3" t="34" w="351" /><ent r="3" t="34" w="383" /><ent r="3" t="34" w="383" /><ent r="92" t="35" w="169" /><ent r="92" t="35" w="169" /><ent r="3" t="35" w="183" /><ent r="3" t="35" w="183" /><ent r="3" t="35" w="187" /><ent r="3" t="35" w="187" /><ent r="3" t="35" w="210" /><ent r="3" t="35" w="252" /><ent r="3" t="35" w="252" /><ent r="3" t="35" w="278" /><ent r="3" t="35" w="278" /><ent r="3" t="36" w="21" /><ent r="3" t="36" w="21" /><ent r="3" t="37" w="413" /><ent r="3" t="37" w="413" /><ent r="3" t="37" w="417" /><ent r="3" t="37" w="417" /><ent r="3" t="39" w="412" /><ent r="3" t="39" w="412" /><ent r="3" t="39" w="423" /><ent r="3" t="39" w="423" /><ent r="3" t="43" w="60" /><ent r="3" t="43" w="60" /><ent r="65" t="51" w="42" /><ent r="65" t="51" w="42" /><ent r="65" t="51" w="49" /><ent r="65" t="51" w="49" /><ent r="4" t="52" w="74" /><ent r="4" t="52" w="74" /><ent r="3" t="53" w="26" /><ent r="4" t="53" w="74" /><ent r="3" t="53" w="96" /><ent r="3" t="53" w="96" /><ent r="4" t="54" w="41" /><ent r="4" t="54" w="41" /><ent r="4" t="55" w="41" /><ent r="4" t="55" w="41" /><ent r="4" t="55" w="58" /><ent r="4" t="55" w="58" /><ent r="4" t="55" w="92" /><ent r="4" t="55" w="92" /><ent r="1000" t="58" w="3" /><ent r="1000" t="58" w="3" /><ent r="102" t="58" w="9" /><ent r="102" t="58" w="9" /><ent r="3" t="58" w="22" /><ent r="3" t="58" w="22" /><ent r="1000" t="59" w="3" /><ent r="1000" t="59" w="3" /><ent r="102" t="59" w="11" /><ent r="102" t="59" w="11" /><ent r="4" t="59" w="55" /><ent r="4" t="59" w="55" /><ent r="5" t="59" w="128" /><ent r="4" t="64" w="76" /><ent r="4" t="64" w="76" /><ent r="4" t="64" w="83" /><ent r="4" t="64" w="83" /><ent r="4" t="64" w="90" /><ent r="4" t="64" w="90" /><ent r="4" t="64" w="95" /><ent r="4" t="64" w="95" /><ent r="4" t="64" w="104" /><ent r="4" t="64" w="104" /><ent r="3" t="64" w="144" /><ent r="3" t="64" w="144" /><ent r="3" t="64" w="257" /><ent r="3" t="65" w="74" /><ent r="3" t="65" w="74" /><ent r="6" t="80" w="86" /><ent r="6" t="80" w="86" /><ent r="6" t="80" w="244" /><ent r="6" t="80" w="244" /><ent r="6" t="80" w="270" /><ent r="7" t="80" w="341" /><ent r="7" t="80" w="451" /><ent r="7" t="80" w="451" /><ent r="8" t="80" w="475" /><ent r="8" t="80" w="475" /><ent r="7" t="80" w="629" /></phr><phr n="List"><ent r="4" t="1" w="166" /><ent r="4" t="1" w="166" /><ent r="8" t="3" w="426" /><ent r="8" t="3" w="426" /><ent r="7" t="17" w="567" /><ent r="7" t="17" w="567" /><ent r="7" t="17" w="615" /><ent r="7" t="17" w="615" /><ent r="7" t="17" w="695" /><ent r="7" t="17" w="695" /><ent r="7" t="17" w="707" /><ent r="7" t="17" w="707" /><ent r="7" t="17" w="731" /><ent r="7" t="17" w="731" /><ent r="7" t="17" w="3634" /><ent r="7" t="17" w="3648" /><ent r="8" t="17" w="3912" /><ent r="8" t="17" w="4125" /><ent r="7" t="17" w="4295" /><ent r="7" t="17" w="4566" /><ent r="8" t="17" w="4738" /><ent r="8" t="17" w="4752" /><ent r="7" t="17" w="4908" /><ent r="7" t="17" w="5454" /><ent r="7" t="17" w="5454" /><ent r="7" t="17" w="5619" /><ent r="7" t="17" w="5619" /><ent r="7" t="17" w="5700" /><ent r="7" t="17" w="5700" /><ent r="92" t="23" w="124" /><ent r="92" t="23" w="124" /><ent r="3" t="49" w="136" /><ent r="3" t="49" w="136" /><ent r="8" t="80" w="443" /><ent r="8" t="80" w="443" /></phr><phr n="lists"><ent r="4" t="1" w="183" /><ent r="4" t="1" w="183" /><ent r="4" t="24" w="183" /><ent r="4" t="24" w="183" /><ent r="3" t="24" w="186" /><ent r="3" t="24" w="186" /><ent r="3" t="24" w="196" /><ent r="3" t="24" w="196" /><ent r="3" t="26" w="196" /><ent r="3" t="26" w="196" /><ent r="3" t="26" w="227" /><ent r="3" t="26" w="227" /><ent r="3" t="28" w="551" /><ent r="3" t="28" w="551" /><ent r="3" t="31" w="745" /><ent r="3" t="34" w="174" /><ent r="3" t="34" w="174" /><ent r="3" t="35" w="41" /><ent r="3" t="35" w="41" /></phr><phr n="listed"><ent r="3" t="7" w="42" /></phr></stem><stem n="descript"><phr n="descriptions"><ent r="3" t="1" w="111" /><ent r="64" t="6" w="38" /><ent r="64" t="6" w="38" /><ent r="64" t="6" w="45" /><ent r="64" t="6" w="45" /><ent r="3" t="16" w="144" /><ent r="3" t="16" w="144" /><ent r="64" t="74" w="38" /><ent r="64" t="74" w="38" /><ent r="64" t="74" w="45" /><ent r="64" t="74" w="45" /></phr><phr n="Description"><ent r="5" t="5" w="31" /><ent r="5" t="5" w="31" /><ent r="3" t="48" w="169" /><ent r="3" t="48" w="169" /><ent r="6" t="73" w="27" /><ent r="6" t="73" w="27" /><ent r="5" t="75" w="24" /><ent r="5" t="75" w="24" /></phr><phr n="description"><ent r="4" t="23" w="68" /><ent r="4" t="23" w="68" /><ent r="4" t="23" w="74" /><ent r="4" t="23" w="74" /><ent r="4" t="23" w="84" /><ent r="4" t="23" w="84" /><ent r="4" t="23" w="96" /><ent r="4" t="23" w="96" /><ent r="3" t="27" w="355" /><ent r="3" t="29" w="34" /><ent r="3" t="29" w="34" /></phr></stem><stem n="see"><phr n="see"><ent r="3" t="1" w="112" /><ent r="3" t="1" w="112" /><ent r="3" t="7" w="56" /><ent r="3" t="7" w="56" /><ent r="3" t="7" w="129" /><ent r="3" t="7" w="129" /><ent r="6" t="7" w="1450" /><ent r="6" t="7" w="1450" /><ent r="3" t="13" w="131" /><ent r="3" t="13" w="131" /><ent r="3" t="14" w="301" /><ent r="3" t="14" w="301" /><ent r="3" t="16" w="151" /><ent r="3" t="16" w="151" /><ent r="6" t="18" w="241" /><ent r="6" t="18" w="241" /><ent r="4" t="19" w="149" /><ent r="4" t="19" w="149" /><ent r="4" t="19" w="174" /><ent r="4" t="19" w="174" /><ent r="4" t="20" w="112" /><ent r="4" t="20" w="112" /><ent r="4" t="20" w="137" /><ent r="4" t="20" w="137" /><ent r="4" t="21" w="79" /><ent r="4" t="21" w="79" /><ent r="4" t="21" w="104" /><ent r="4" t="21" w="104" /><ent r="4" t="22" w="55" /><ent r="4" t="22" w="55" /><ent r="4" t="22" w="67" /><ent r="4" t="22" w="67" /><ent r="4" t="25" w="412" /><ent r="4" t="25" w="412" /><ent r="3" t="25" w="443" /><ent r="3" t="25" w="443" /><ent r="3" t="29" w="480" /><ent r="3" t="31" w="770" /><ent r="3" t="31" w="770" /><ent r="3" t="35" w="213" /><ent r="3" t="35" w="213" /><ent r="3" t="36" w="189" /><ent r="3" t="36" w="189" /><ent r="3" t="40" w="141" /><ent r="3" t="40" w="141" /><ent r="3" t="42" w="34" /><ent r="3" t="42" w="34" /><ent r="3" t="45" w="124" /><ent r="3" t="45" w="124" /><ent r="3" t="51" w="106" /><ent r="3" t="51" w="106" /><ent r="3" t="66" w="45" /><ent r="3" t="66" w="45" /></phr><phr n="See"><ent r="3" t="7" w="62" /><ent r="3" t="7" w="62" /><ent r="3" t="15" w="228" /><ent r="3" t="15" w="228" /><ent r="3" t="25" w="241" /><ent r="3" t="25" w="241" /><ent r="3" t="25" w="339" /><ent r="3" t="25" w="339" /></phr></stem><stem n="modifi"><phr n="modifying"><ent r="4" t="1" w="133" /><ent r="4" t="1" w="133" /><ent r="6" t="7" w="392" /><ent r="6" t="7" w="392" /></phr><phr n="modify"><ent r="5" t="14" w="193" /><ent r="5" t="14" w="193" /><ent r="3" t="40" w="48" /><ent r="3" t="40" w="48" /><ent r="3" t="49" w="124" /><ent r="3" t="49" w="124" /><ent r="3" t="66" w="55" /><ent r="3" t="66" w="55" /></phr><phr n="modifiable"><ent r="3" t="15" w="116" /></phr><phr n="modified"><ent r="3" t="29" w="250" /><ent r="3" t="49" w="84" /><ent r="3" t="49" w="84" /><ent r="3" t="64" w="65" /></phr></stem><stem n="main"><phr n="main"><ent r="4" t="1" w="140" /><ent r="4" t="1" w="140" /><ent r="3" t="24" w="27" /><ent r="3" t="24" w="27" /><ent r="3" t="24" w="40" /><ent r="3" t="24" w="40" /><ent r="3" t="24" w="72" /><ent r="3" t="24" w="72" /><ent r="3" t="24" w="86" /><ent r="3" t="24" w="86" /><ent r="3" t="24" w="118" /><ent r="3" t="24" w="118" /><ent r="3" t="24" w="128" /><ent r="3" t="24" w="128" /><ent r="3" t="24" w="275" /><ent r="3" t="24" w="275" /><ent r="3" t="24" w="306" /><ent r="3" t="24" w="306" /><ent r="3" t="24" w="433" /><ent r="3" t="24" w="433" /><ent r="3" t="38" w="430" /><ent r="3" t="38" w="430" /><ent r="3" t="38" w="469" /><ent r="3" t="38" w="469" /><ent r="3" t="49" w="20" /><ent r="3" t="49" w="20" /><ent r="3" t="49" w="45" /><ent r="3" t="49" w="45" /><ent r="3" t="49" w="49" /><ent r="3" t="49" w="49" /><ent r="3" t="49" w="154" /><ent r="3" t="49" w="154" /><ent r="3" t="49" w="162" /><ent r="3" t="49" w="162" /><ent r="3" t="50" w="54" /><ent r="3" t="50" w="54" /><ent r="3" t="50" w="90" /><ent r="3" t="50" w="90" /></phr><phr n="Main"><ent r="8" t="17" w="1343" /><ent r="8" t="17" w="1343" /><ent r="7" t="17" w="1943" /><ent r="7" t="17" w="1943" /><ent r="7" t="17" w="2286" /><ent r="7" t="17" w="2286" /><ent r="7" t="17" w="3333" /><ent r="7" t="17" w="3333" /><ent r="4" t="24" w="54" /><ent r="4" t="24" w="54" /></phr></stem><stem n="area"><phr n="areas"><ent r="4" t="1" w="141" /><ent r="4" t="1" w="141" /><ent r="3" t="14" w="14" /><ent r="3" t="14" w="14" /><ent r="5" t="14" w="50" /><ent r="5" t="14" w="50" /><ent r="5" t="14" w="154" /><ent r="5" t="14" w="154" /><ent r="3" t="14" w="221" /><ent r="3" t="14" w="221" /><ent r="3" t="14" w="227" /><ent r="4" t="82" w="68" /><ent r="4" t="82" w="68" /><ent r="5" t="82" w="238" /><ent r="5" t="82" w="238" /></phr><phr n="area"><ent r="3" t="39" w="100" /><ent r="3" t="39" w="100" /><ent r="3" t="39" w="189" /><ent r="3" t="39" w="189" /></phr></stem><stem n="follow"><phr n="following"><ent r="4" t="1" w="147" /><ent r="3" t="3" w="62" /><ent r="3" t="3" w="62" /><ent r="7" t="3" w="446" /><ent r="7" t="3" w="446" /><ent r="4" t="3" w="1015" /><ent r="4" t="3" w="1015" /><ent r="4" t="3" w="1058" /><ent r="6" t="5" w="109" /><ent r="6" t="5" w="109" /><ent r="3" t="6" w="17" /><ent r="3" t="6" w="17" /><ent r="3" t="11" w="48" /><ent r="3" t="11" w="48" /><ent r="3" t="15" w="205" /><ent r="3" t="15" w="205" /><ent r="3" t="16" w="119" /><ent r="3" t="16" w="119" /><ent r="3" t="23" w="63" /><ent r="3" t="36" w="93" /><ent r="3" t="36" w="93" /><ent r="3" t="36" w="115" /><ent r="3" t="36" w="115" /><ent r="3" t="36" w="162" /><ent r="3" t="36" w="162" /><ent r="3" t="37" w="158" /><ent r="3" t="37" w="158" /><ent r="3" t="37" w="434" /><ent r="3" t="37" w="434" /><ent r="3" t="39" w="432" /><ent r="3" t="39" w="432" /><ent r="3" t="41" w="51" /><ent r="3" t="41" w="51" /><ent r="3" t="41" w="139" /><ent r="3" t="41" w="139" /><ent r="3" t="45" w="357" /><ent r="3" t="45" w="357" /><ent r="3" t="46" w="39" /><ent r="3" t="46" w="39" /><ent r="3" t="48" w="404" /><ent r="3" t="48" w="404" /><ent r="3" t="50" w="8" /><ent r="3" t="50" w="8" /><ent r="3" t="52" w="52" /><ent r="3" t="52" w="52" /><ent r="3" t="53" w="31" /><ent r="3" t="53" w="31" /><ent r="3" t="54" w="29" /><ent r="3" t="54" w="29" /><ent r="3" t="55" w="29" /><ent r="3" t="55" w="29" /><ent r="3" t="57" w="28" /><ent r="3" t="57" w="28" /><ent r="3" t="69" w="349" /><ent r="3" t="69" w="349" /><ent r="3" t="73" w="15" /><ent r="3" t="73" w="15" /><ent r="3" t="74" w="17" /><ent r="3" t="74" w="17" /><ent r="3" t="75" w="14" /><ent r="3" t="75" w="14" /><ent r="3" t="79" w="45" /><ent r="3" t="79" w="45" /><ent r="3" t="80" w="62" /><ent r="3" t="80" w="62" /><ent r="7" t="80" w="464" /><ent r="7" t="80" w="464" /><ent r="3" t="81" w="53" /><ent r="3" t="81" w="53" /><ent r="3" t="82" w="18" /><ent r="3" t="82" w="18" /></phr><phr n="follows"><ent r="3" t="2" w="51" /><ent r="3" t="37" w="37" /><ent r="3" t="37" w="37" /><ent r="3" t="42" w="63" /><ent r="4" t="45" w="325" /><ent r="4" t="45" w="325" /><ent r="3" t="64" w="53" /><ent r="3" t="65" w="62" /></phr><phr n="Follow"><ent r="8" t="17" w="4868" /></phr><phr n="follow"><ent r="3" t="45" w="72" /><ent r="3" t="45" w="72" /><ent r="4" t="45" w="87" /><ent r="4" t="45" w="87" /></phr></stem><stem n="support"><phr n="Support"><ent r="65" t="1" w="149" /><ent r="65" t="1" w="149" /><ent r="100" t="4" w="3" /><ent r="100" t="4" w="3" /><ent r="102" t="4" w="8" /><ent r="102" t="4" w="8" /><ent r="3" t="4" w="65" /><ent r="3" t="4" w="65" /><ent r="7" t="17" w="6867" /><ent r="7" t="17" w="6867" /><ent r="7" t="17" w="6912" /><ent r="7" t="17" w="6912" /></phr><phr n="support"><ent r="4" t="1" w="155" /><ent r="4" t="1" w="155" /><ent r="4" t="1" w="161" /><ent r="4" t="1" w="161" /><ent r="3" t="2" w="30" /><ent r="92" t="2" w="489" /><ent r="92" t="2" w="489" /><ent r="3" t="2" w="495" /><ent r="3" t="2" w="495" /><ent r="1000" t="4" w="1" /><ent r="1000" t="4" w="1" /><ent r="100" t="4" w="6" /><ent r="100" t="4" w="6" /><ent r="3" t="4" w="86" /><ent r="3" t="4" w="86" /><ent r="3" t="4" w="101" /><ent r="3" t="4" w="101" /><ent r="64" t="4" w="159" /><ent r="3" t="4" w="277" /><ent r="3" t="4" w="277" /><ent r="3" t="4" w="324" /><ent r="3" t="4" w="324" /><ent r="3" t="4" w="332" /><ent r="3" t="4" w="335" /><ent r="3" t="4" w="335" /><ent r="3" t="35" w="62" /><ent r="3" t="35" w="62" /><ent r="3" t="39" w="329" /><ent r="3" t="39" w="329" /><ent r="3" t="39" w="522" /><ent r="3" t="39" w="522" /><ent r="4" t="48" w="66" /><ent r="4" t="48" w="78" /><ent r="4" t="48" w="90" /><ent r="3" t="76" w="25" /><ent r="3" t="76" w="25" /><ent r="4" t="82" w="178" /><ent r="4" t="82" w="178" /></phr><phr n="supported"><ent r="3" t="2" w="11" /><ent r="3" t="2" w="11" /><ent r="3" t="2" w="46" /><ent r="3" t="2" w="46" /><ent r="3" t="2" w="129" /><ent r="3" t="2" w="129" /><ent r="3" t="2" w="166" /><ent r="3" t="2" w="166" /><ent r="3" t="37" w="262" /><ent r="3" t="37" w="262" /><ent r="3" t="37" w="328" /><ent r="3" t="37" w="328" /><ent r="3" t="56" w="99" /><ent r="3" t="56" w="99" /><ent r="3" t="59" w="41" /><ent r="3" t="59" w="41" /><ent r="3" t="76" w="50" /></phr><phr n="Supported"><ent r="92" t="2" w="32" /><ent r="92" t="2" w="32" /></phr><phr n="supports"><ent r="3" t="34" w="359" /><ent r="3" t="34" w="359" /><ent r="3" t="34" w="439" /><ent r="3" t="34" w="439" /><ent r="3" t="35" w="36" /><ent r="3" t="35" w="36" /><ent r="3" t="39" w="17" /><ent r="3" t="39" w="17" /><ent r="3" t="43" w="16" /><ent r="3" t="43" w="16" /><ent r="3" t="48" w="19" /><ent r="3" t="48" w="19" /><ent r="3" t="56" w="26" /><ent r="3" t="56" w="26" /><ent r="4" t="82" w="111" /><ent r="4" t="82" w="111" /></phr></stem><stem n="product"><phr n="product"><ent r="4" t="1" w="154" /><ent r="4" t="1" w="154" /><ent r="3" t="2" w="245" /><ent r="3" t="2" w="245" /><ent r="3" t="2" w="307" /><ent r="3" t="2" w="307" /><ent r="3" t="2" w="494" /><ent r="3" t="2" w="494" /><ent r="3" t="2" w="503" /><ent r="3" t="2" w="503" /><ent r="6" t="7" w="1094" /><ent r="6" t="7" w="1094" /><ent r="6" t="7" w="1105" /><ent r="6" t="7" w="1105" /><ent r="6" t="7" w="1116" /><ent r="6" t="7" w="1116" /><ent r="3" t="27" w="144" /><ent r="3" t="27" w="144" /><ent r="3" t="72" w="37" /><ent r="3" t="72" w="37" /></phr><phr n="products"><ent r="3" t="2" w="186" /><ent r="3" t="2" w="186" /><ent r="3" t="2" w="513" /><ent r="3" t="2" w="513" /><ent r="3" t="8" w="28" /><ent r="3" t="18" w="19" /><ent r="3" t="18" w="19" /><ent r="4" t="18" w="108" /><ent r="6" t="18" w="130" /><ent r="6" t="18" w="130" /><ent r="6" t="18" w="215" /><ent r="6" t="18" w="215" /><ent r="3" t="19" w="27" /><ent r="3" t="19" w="27" /><ent r="3" t="19" w="38" /><ent r="3" t="19" w="38" /><ent r="3" t="19" w="82" /><ent r="3" t="20" w="59" /></phr><phr n="Product"><ent r="6" t="7" w="1125" /><ent r="6" t="7" w="1125" /><ent r="8" t="17" w="1524" /><ent r="7" t="17" w="2124" /><ent r="7" t="17" w="2735" /><ent r="7" t="17" w="2910" /><ent r="7" t="17" w="4907" /><ent r="7" t="17" w="4907" /></phr></stem><stem n="technic"><phr n="technical"><ent r="4" t="1" w="160" /><ent r="4" t="1" w="160" /><ent r="3" t="4" w="85" /><ent r="3" t="4" w="85" /><ent r="3" t="19" w="55" /><ent r="3" t="19" w="55" /><ent r="3" t="23" w="24" /><ent r="3" t="23" w="24" /></phr><phr n="Technical"><ent r="3" t="4" w="64" /><ent r="3" t="4" w="64" /><ent r="3" t="4" w="262" /><ent r="3" t="4" w="262" /></phr></stem><stem n="sourc"><phr n="sources"><ent r="4" t="1" w="164" /><ent r="3" t="35" w="145" /></phr><phr n="source"><ent r="6" t="5" w="38" /><ent r="6" t="5" w="38" /><ent r="3" t="35" w="157" /><ent r="3" t="35" w="157" /><ent r="3" t="35" w="380" /><ent r="3" t="35" w="380" /><ent r="3" t="35" w="455" /><ent r="3" t="35" w="455" /><ent r="3" t="35" w="522" /><ent r="3" t="35" w="547" /></phr><phr n="Source"><ent r="7" t="17" w="5540" /><ent r="7" t="17" w="5540" /></phr></stem><stem n="data"><phr n="data"><ent r="65" t="1" w="169" /><ent r="65" t="1" w="169" /><ent r="3" t="1" w="275" /><ent r="3" t="1" w="275" /><ent r="8" t="3" w="909" /><ent r="8" t="3" w="909" /><ent r="6" t="5" w="88" /><ent r="6" t="5" w="88" /><ent r="3" t="6" w="18" /><ent r="3" t="6" w="18" /><ent r="64" t="6" w="36" /><ent r="64" t="6" w="36" /><ent r="64" t="6" w="43" /><ent r="64" t="6" w="43" /><ent r="5" t="6" w="55" /><ent r="5" t="6" w="55" /><ent r="5" t="6" w="59" /><ent r="5" t="6" w="59" /><ent r="5" t="6" w="63" /><ent r="5" t="6" w="63" /><ent r="6" t="7" w="818" /><ent r="6" t="7" w="818" /><ent r="6" t="7" w="928" /><ent r="6" t="7" w="928" /><ent r="6" t="7" w="949" /><ent r="6" t="7" w="949" /><ent r="6" t="7" w="958" /><ent r="6" t="7" w="958" /><ent r="3" t="8" w="90" /><ent r="3" t="9" w="52" /><ent r="3" t="9" w="160" /><ent r="3" t="10" w="22" /><ent r="3" t="10" w="22" /><ent r="3" t="11" w="30" /><ent r="3" t="11" w="30" /><ent r="3" t="13" w="24" /><ent r="3" t="13" w="24" /><ent r="5" t="14" w="57" /><ent r="5" t="14" w="57" /><ent r="5" t="14" w="131" /><ent r="5" t="14" w="198" /><ent r="5" t="14" w="198" /><ent r="3" t="15" w="158" /><ent r="3" t="15" w="158" /><ent r="4" t="15" w="409" /><ent r="4" t="15" w="515" /><ent r="6" t="18" w="172" /><ent r="6" t="18" w="172" /><ent r="3" t="23" w="28" /><ent r="3" t="23" w="28" /><ent r="4" t="23" w="93" /><ent r="3" t="25" w="310" /><ent r="3" t="25" w="310" /><ent r="3" t="26" w="230" /><ent r="64" t="26" w="289" /><ent r="64" t="26" w="289" /><ent r="3" t="27" w="613" /><ent r="3" t="27" w="613" /><ent r="3" t="28" w="236" /><ent r="3" t="28" w="236" /><ent r="3" t="28" w="556" /><ent r="3" t="30" w="30" /><ent r="3" t="30" w="30" /><ent r="3" t="31" w="40" /><ent r="3" t="31" w="40" /><ent r="3" t="31" w="46" /><ent r="3" t="31" w="46" /><ent r="3" t="31" w="164" /><ent r="3" t="31" w="164" /><ent r="3" t="31" w="189" /><ent r="3" t="31" w="189" /><ent r="3" t="31" w="407" /><ent r="3" t="31" w="407" /><ent r="64" t="31" w="527" /><ent r="64" t="31" w="527" /><ent r="3" t="31" w="540" /><ent r="3" t="31" w="540" /><ent r="3" t="33" w="55" /><ent r="3" t="33" w="55" /><ent r="3" t="33" w="60" /><ent r="3" t="33" w="60" /><ent r="3" t="34" w="31" /><ent r="3" t="34" w="31" /><ent r="3" t="34" w="353" /><ent r="3" t="34" w="353" /><ent r="3" t="34" w="381" /><ent r="3" t="34" w="381" /><ent r="3" t="34" w="451" /><ent r="3" t="34" w="451" /><ent r="1000" t="35" w="2" /><ent r="1000" t="35" w="2" /><ent r="102" t="35" w="10" /><ent r="102" t="35" w="10" /><ent r="3" t="35" w="30" /><ent r="3" t="35" w="30" /><ent r="3" t="35" w="38" /><ent r="3" t="35" w="38" /><ent r="3" t="35" w="43" /><ent r="3" t="35" w="43" /><ent r="3" t="35" w="67" /><ent r="3" t="35" w="67" /><ent r="3" t="35" w="98" /><ent r="3" t="35" w="98" /><ent r="3" t="35" w="110" /><ent r="3" t="35" w="110" /><ent r="3" t="35" w="129" /><ent r="3" t="35" w="129" /><ent r="3" t="35" w="144" /><ent r="3" t="35" w="144" /><ent r="3" t="35" w="156" /><ent r="3" t="35" w="156" /><ent r="3" t="35" w="234" /><ent r="3" t="35" w="234" /><ent r="3" t="35" w="454" /><ent r="3" t="35" w="454" /><ent r="3" t="35" w="521" /><ent r="3" t="35" w="521" /><ent r="3" t="35" w="542" /><ent r="3" t="35" w="542" /><ent r="3" t="35" w="546" /><ent r="3" t="35" w="546" /><ent r="3" t="35" w="597" /><ent r="3" t="35" w="597" /><ent r="3" t="36" w="31" /><ent r="3" t="36" w="31" /><ent r="3" t="37" w="151" /><ent r="3" t="37" w="151" /><ent r="3" t="37" w="315" /><ent r="3" t="37" w="315" /><ent r="3" t="37" w="320" /><ent r="3" t="37" w="320" /><ent r="4" t="38" w="106" /><ent r="4" t="38" w="123" /><ent r="4" t="38" w="123" /><ent r="4" t="38" w="144" /><ent r="4" t="38" w="155" /><ent r="4" t="38" w="162" /><ent r="4" t="38" w="162" /><ent r="3" t="38" w="222" /><ent r="3" t="38" w="222" /><ent r="3" t="38" w="274" /><ent r="3" t="38" w="296" /><ent r="3" t="38" w="327" /><ent r="3" t="38" w="358" /><ent r="3" t="38" w="401" /><ent r="3" t="38" w="401" /><ent r="3" t="38" w="423" /><ent r="3" t="38" w="450" /><ent r="3" t="38" w="450" /><ent r="3" t="38" w="472" /><ent r="3" t="38" w="472" /><ent r="3" t="38" w="488" /><ent r="3" t="38" w="488" /><ent r="3" t="38" w="508" /><ent r="3" t="38" w="508" /><ent r="3" t="38" w="516" /><ent r="3" t="39" w="96" /><ent r="3" t="39" w="96" /><ent r="3" t="39" w="257" /><ent r="3" t="39" w="257" /><ent r="92" t="39" w="516" /><ent r="92" t="39" w="516" /><ent r="3" t="43" w="34" /><ent r="3" t="43" w="34" /><ent r="3" t="43" w="65" /><ent r="3" t="43" w="65" /><ent r="3" t="49" w="18" /><ent r="3" t="49" w="18" /><ent r="3" t="49" w="97" /><ent r="3" t="49" w="97" /><ent r="3" t="50" w="85" /><ent r="3" t="50" w="85" /><ent r="3" t="50" w="102" /><ent r="3" t="50" w="102" /><ent r="3" t="50" w="114" /><ent r="3" t="50" w="114" /><ent r="3" t="50" w="187" /><ent r="3" t="50" w="187" /><ent r="3" t="50" w="215" /><ent r="3" t="50" w="215" /><ent r="3" t="50" w="238" /><ent r="3" t="50" w="238" /><ent r="3" t="50" w="312" /><ent r="3" t="50" w="312" /><ent r="3" t="50" w="318" /><ent r="3" t="50" w="318" /><ent r="3" t="50" w="342" /><ent r="3" t="50" w="342" /><ent r="3" t="50" w="357" /><ent r="3" t="50" w="357" /><ent r="3" t="50" w="379" /><ent r="3" t="50" w="379" /><ent r="4" t="68" w="253" /><ent r="4" t="68" w="253" /><ent r="4" t="68" w="264" /><ent r="1000" t="73" w="2" /><ent r="1000" t="73" w="2" /><ent r="102" t="73" w="11" /><ent r="102" t="73" w="11" /><ent r="3" t="73" w="21" /><ent r="3" t="73" w="21" /><ent r="6" t="73" w="276" /><ent r="6" t="73" w="276" /><ent r="6" t="73" w="317" /><ent r="6" t="73" w="317" /><ent r="6" t="73" w="371" /><ent r="3" t="74" w="18" /><ent r="3" t="74" w="18" /><ent r="64" t="74" w="36" /><ent r="64" t="74" w="36" /><ent r="64" t="74" w="43" /><ent r="64" t="74" w="43" /><ent r="6" t="74" w="55" /><ent r="6" t="74" w="55" /><ent r="6" t="74" w="59" /><ent r="6" t="74" w="59" /><ent r="6" t="74" w="63" /><ent r="6" t="74" w="63" /><ent r="1000" t="75" w="2" /><ent r="1000" t="75" w="2" /><ent r="102" t="75" w="10" /><ent r="102" t="75" w="10" /><ent r="3" t="75" w="17" /><ent r="3" t="75" w="17" /><ent r="6" t="75" w="61" /><ent r="6" t="75" w="61" /><ent r="6" t="75" w="68" /></phr><phr n="Data"><ent r="1000" t="6" w="1" /><ent r="1000" t="6" w="1" /><ent r="100" t="6" w="10" /><ent r="100" t="6" w="10" /><ent r="102" t="6" w="13" /><ent r="102" t="6" w="13" /><ent r="6" t="7" w="823" /><ent r="6" t="7" w="954" /><ent r="6" t="7" w="966" /><ent r="7" t="17" w="6057" /><ent r="7" t="17" w="6102" /><ent r="7" t="17" w="6180" /><ent r="92" t="38" w="182" /><ent r="92" t="38" w="182" /><ent r="3" t="38" w="185" /><ent r="3" t="38" w="185" /><ent r="100" t="73" w="5" /><ent r="100" t="73" w="5" /><ent r="1000" t="74" w="1" /><ent r="1000" t="74" w="1" /><ent r="100" t="74" w="10" /><ent r="100" t="74" w="10" /><ent r="102" t="74" w="13" /><ent r="102" t="74" w="13" /><ent r="100" t="75" w="5" /><ent r="100" t="75" w="5" /><ent r="5" t="75" w="21" /><ent r="5" t="75" w="21" /></phr></stem></index>