<?xml version="1.0" encoding="utf-8"?><index><stem n="static"><phr n="statically"><ent r="3" t="24" w="218" /></phr><phr n="static"><ent r="3" t="40" w="25" /><ent r="3" t="40" w="25" /></phr></stem><stem n="hoc"><phr n="hoc"><ent r="3" t="24" w="232" /><ent r="3" t="24" w="232" /></phr></stem><stem n="fashion"><phr n="fashion"><ent r="3" t="24" w="233" /><ent r="3" t="31" w="127" /><ent r="3" t="31" w="127" /></phr></stem><stem n="preced"><phr n="precedence"><ent r="3" t="24" w="238" /><ent r="3" t="24" w="238" /></phr></stem><stem n="exclud"><phr n="excluded"><ent r="3" t="24" w="252" /><ent r="3" t="24" w="252" /></phr></stem><stem n="whether"><phr n="whether"><ent r="3" t="24" w="259" /><ent r="3" t="24" w="259" /><ent r="3" t="31" w="369" /><ent r="3" t="31" w="369" /><ent r="3" t="38" w="399" /><ent r="3" t="38" w="399" /></phr><phr n="Whether"><ent r="3" t="64" w="321" /><ent r="3" t="64" w="321" /><ent r="3" t="65" w="365" /><ent r="3" t="65" w="365" /></phr></stem><stem n="occur"><phr n="occurs"><ent r="3" t="24" w="359" /><ent r="4" t="45" w="105" /><ent r="4" t="45" w="105" /></phr><phr n="occur"><ent r="3" t="50" w="210" /></phr><phr n="occurred"><ent r="3" t="71" w="25" /><ent r="3" t="71" w="25" /></phr></stem><stem n="syncml"><phr n="SyncML"><ent r="4" t="24" w="366" /><ent r="4" t="24" w="366" /></phr></stem><stem n="protocol"><phr n="protocol"><ent r="3" t="24" w="369" /><ent r="3" t="24" w="369" /></phr></stem><stem n="represent"><phr n="representation"><ent r="3" t="24" w="372" /><ent r="3" t="24" w="372" /><ent r="3" t="38" w="176" /><ent r="3" t="38" w="176" /></phr><phr n="representations"><ent r="3" t="36" w="26" /><ent r="3" t="36" w="26" /></phr></stem><stem n="invok"><phr n="invoked"><ent r="3" t="24" w="384" /><ent r="3" t="24" w="384" /></phr><phr n="invoke"><ent r="3" t="50" w="78" /><ent r="3" t="50" w="78" /></phr></stem><stem n="implicitli"><phr n="implicitly"><ent r="3" t="24" w="385" /><ent r="3" t="24" w="385" /></phr></stem><stem n="action"><phr n="action"><ent r="3" t="24" w="390" /><ent r="3" t="24" w="390" /><ent r="3" t="29" w="144" /><ent r="3" t="29" w="144" /><ent r="3" t="61" w="220" /><ent r="3" t="61" w="249" /><ent r="3" t="61" w="249" /><ent r="3" t="61" w="260" /><ent r="3" t="61" w="260" /><ent r="4" t="65" w="208" /><ent r="3" t="65" w="309" /><ent r="3" t="65" w="309" /><ent r="3" t="65" w="324" /><ent r="3" t="65" w="326" /><ent r="3" t="65" w="326" /><ent r="3" t="65" w="340" /><ent r="3" t="65" w="340" /><ent r="3" t="65" w="355" /><ent r="3" t="65" w="355" /><ent r="4" t="65" w="385" /><ent r="4" t="67" w="131" /><ent r="4" t="67" w="131" /></phr><phr n="actions"><ent r="3" t="40" w="37" /><ent r="3" t="40" w="37" /><ent r="3" t="67" w="28" /><ent r="3" t="67" w="28" /></phr></stem><stem n="whom"><phr n="whom"><ent r="3" t="24" w="414" /><ent r="3" t="24" w="414" /></phr></stem><stem n="intend"><phr n="intended"><ent r="3" t="24" w="421" /><ent r="3" t="24" w="421" /></phr></stem><stem n="particular"><phr n="particular"><ent r="3" t="24" w="425" /><ent r="3" t="24" w="425" /><ent r="3" t="26" w="126" /><ent r="3" t="26" w="126" /><ent r="3" t="26" w="188" /><ent r="3" t="26" w="188" /><ent r="3" t="27" w="371" /><ent r="3" t="27" w="371" /><ent r="3" t="28" w="500" /><ent r="3" t="28" w="500" /><ent r="3" t="28" w="534" /><ent r="3" t="28" w="534" /><ent r="3" t="34" w="115" /><ent r="3" t="34" w="115" /><ent r="3" t="34" w="252" /><ent r="3" t="34" w="252" /><ent r="3" t="34" w="400" /><ent r="3" t="34" w="400" /><ent r="3" t="38" w="322" /><ent r="3" t="38" w="322" /><ent r="3" t="72" w="252" /><ent r="3" t="72" w="252" /></phr></stem><stem n="superset"><phr n="superset"><ent r="3" t="24" w="449" /><ent r="3" t="24" w="449" /></phr></stem><stem n="drawn"><phr n="drawn"><ent r="3" t="24" w="458" /></phr></stem><stem n="track"><phr n="track"><ent r="3" t="25" w="23" /><ent r="3" t="25" w="23" /><ent r="3" t="50" w="230" /><ent r="3" t="50" w="230" /></phr></stem><stem n="member"><phr n="members"><ent r="3" t="25" w="37" /><ent r="3" t="25" w="37" /><ent r="3" t="37" w="164" /><ent r="3" t="37" w="440" /><ent r="3" t="40" w="91" /><ent r="3" t="40" w="91" /><ent r="3" t="40" w="103" /><ent r="3" t="40" w="103" /><ent r="3" t="46" w="46" /><ent r="7" t="79" w="163" /><ent r="7" t="79" w="163" /><ent r="7" t="79" w="176" /></phr></stem><stem n="annot"><phr n="annotate"><ent r="3" t="25" w="53" /><ent r="3" t="25" w="53" /></phr></stem><stem n="entri"><phr n="entry"><ent r="3" t="25" w="69" /><ent r="3" t="25" w="69" /><ent r="3" t="26" w="57" /><ent r="3" t="26" w="57" /><ent r="3" t="28" w="518" /><ent r="3" t="28" w="518" /><ent r="3" t="28" w="530" /><ent r="3" t="28" w="530" /><ent r="4" t="61" w="147" /><ent r="4" t="61" w="147" /><ent r="6" t="80" w="279" /></phr><phr n="entries"><ent r="3" t="61" w="19" /><ent r="3" t="61" w="19" /></phr></stem><stem n="associationsmanag"><phr n="AssociationsManager"><ent r="3" t="25" w="75" /><ent r="3" t="25" w="91" /><ent r="3" t="25" w="91" /><ent r="3" t="25" w="113" /><ent r="3" t="25" w="113" /><ent r="3" t="25" w="141" /><ent r="3" t="25" w="141" /><ent r="3" t="25" w="170" /><ent r="3" t="25" w="218" /><ent r="3" t="25" w="233" /><ent r="3" t="25" w="233" /><ent r="3" t="56" w="23" /></phr></stem><stem n="actframeworkobject"><phr n="ActFrameworkobject"><ent r="3" t="25" w="85" /><ent r="3" t="25" w="85" /></phr></stem><stem n="associationmanag"><phr n="AssociationManager"><ent r="92" t="25" w="102" /><ent r="92" t="25" w="102" /><ent r="3" t="25" w="148" /><ent r="3" t="25" w="148" /><ent r="3" t="25" w="163" /><ent r="3" t="25" w="244" /><ent r="3" t="25" w="251" /><ent r="3" t="25" w="281" /><ent r="3" t="25" w="281" /><ent r="3" t="25" w="338" /><ent r="3" t="25" w="342" /><ent r="3" t="25" w="345" /><ent r="3" t="56" w="103" /><ent r="3" t="56" w="109" /><ent r="3" t="56" w="109" /><ent r="4" t="56" w="142" /><ent r="4" t="56" w="142" /><ent r="3" t="56" w="176" /><ent r="3" t="56" w="176" /><ent r="4" t="56" w="209" /><ent r="4" t="56" w="209" /><ent r="5" t="57" w="89" /><ent r="5" t="57" w="89" /><ent r="5" t="57" w="116" /><ent r="5" t="57" w="116" /><ent r="4" t="58" w="71" /><ent r="4" t="58" w="71" /><ent r="4" t="58" w="98" /><ent r="4" t="58" w="98" /><ent r="5" t="59" w="90" /><ent r="5" t="59" w="90" /><ent r="5" t="59" w="117" /><ent r="5" t="59" w="117" /></phr><phr n="AssociationManagers"><ent r="3" t="25" w="211" /></phr><phr n="associationManager"><ent r="5" t="57" w="117" /><ent r="5" t="57" w="117" /><ent r="5" t="57" w="130" /><ent r="5" t="57" w="158" /><ent r="4" t="58" w="99" /><ent r="4" t="58" w="99" /><ent r="4" t="58" w="117" /><ent r="5" t="59" w="118" /><ent r="5" t="59" w="118" /><ent r="5" t="59" w="135" /><ent r="5" t="59" w="147" /></phr></stem><stem n="attempt"><phr n="attempting"><ent r="3" t="25" w="156" /><ent r="3" t="25" w="156" /></phr></stem><stem n="getassociactionmanag"><phr n="GetAssociactionManager"><ent r="3" t="25" w="166" /><ent r="3" t="25" w="166" /></phr></stem><stem n="overload"><phr n="overloads"><ent r="3" t="25" w="175" /><ent r="3" t="25" w="175" /><ent r="3" t="34" w="257" /><ent r="3" t="34" w="257" /><ent r="3" t="56" w="28" /><ent r="3" t="56" w="28" /></phr><phr n="overload"><ent r="3" t="27" w="716" /><ent r="3" t="27" w="716" /><ent r="3" t="28" w="171" /><ent r="3" t="28" w="171" /><ent r="3" t="28" w="428" /><ent r="3" t="28" w="428" /><ent r="3" t="31" w="356" /><ent r="3" t="31" w="356" /><ent r="3" t="35" w="488" /><ent r="3" t="35" w="488" /><ent r="3" t="35" w="502" /><ent r="3" t="35" w="502" /></phr></stem><stem n="essenc"><phr n="essence"><ent r="3" t="25" w="188" /></phr></stem><stem n="mean"><phr n="means"><ent r="3" t="25" w="193" /><ent r="3" t="25" w="193" /><ent r="3" t="38" w="445" /><ent r="3" t="38" w="445" /><ent r="5" t="57" w="136" /><ent r="5" t="57" w="136" /><ent r="3" t="67" w="41" /><ent r="3" t="67" w="41" /><ent r="3" t="68" w="50" /><ent r="3" t="68" w="50" /></phr></stem><stem n="getassociationmanag"><phr n="GetAssociationManagers"><ent r="3" t="25" w="214" /><ent r="3" t="25" w="214" /></phr><phr n="GetAssociationManager"><ent r="3" t="56" w="19" /><ent r="3" t="56" w="19" /><ent r="3" t="56" w="110" /><ent r="4" t="56" w="146" /><ent r="3" t="56" w="177" /><ent r="4" t="56" w="213" /><ent r="5" t="57" w="120" /><ent r="4" t="58" w="102" /><ent r="5" t="59" w="121" /></phr></stem><stem n="necessari"><phr n="necessary"><ent r="3" t="25" w="250" /><ent r="3" t="25" w="250" /><ent r="3" t="39" w="561" /><ent r="3" t="39" w="561" /></phr></stem><stem n="createassociationmethod"><phr n="CreateAssociationMethod"><ent r="3" t="25" w="258" /></phr></stem><stem n="fielddescriptorcollect"><phr n="FieldDescriptorCollection"><ent r="3" t="25" w="300" /><ent r="3" t="25" w="300" /></phr></stem><stem n="persist"><phr n="persist"><ent r="3" t="25" w="308" /><ent r="3" t="25" w="308" /><ent r="3" t="31" w="174" /><ent r="3" t="31" w="174" /></phr><phr n="persists"><ent r="4" t="42" w="112" /><ent r="4" t="42" w="112" /></phr><phr n="Persisting"><ent r="4" t="57" w="52" /><ent r="4" t="57" w="52" /></phr><phr n="Persist"><ent r="5" t="57" w="173" /><ent r="5" t="57" w="173" /></phr></stem><stem n="getassoc"><phr n="GetAssocations"><ent r="5" t="25" w="358" /><ent r="5" t="25" w="358" /></phr></stem><stem n="arrai"><phr n="array"><ent r="4" t="25" w="365" /><ent r="4" t="25" w="365" /><ent r="3" t="28" w="148" /><ent r="3" t="28" w="148" /><ent r="3" t="29" w="310" /><ent r="3" t="29" w="310" /><ent r="3" t="29" w="320" /><ent r="3" t="29" w="320" /><ent r="3" t="31" w="293" /><ent r="3" t="31" w="293" /><ent r="3" t="58" w="35" /><ent r="3" t="58" w="35" /></phr><phr n="Array"><ent r="3" t="53" w="25" /><ent r="3" t="53" w="25" /><ent r="4" t="53" w="73" /><ent r="4" t="53" w="73" /></phr></stem><stem n="getassociatedent"><phr n="GetAssociatedEntities"><ent r="5" t="25" w="377" /><ent r="5" t="25" w="377" /><ent r="5" t="59" w="136" /></phr></stem><stem n="entitylist"><phr n="EntityList"><ent r="4" t="25" w="384" /><ent r="4" t="25" w="384" /><ent r="1000" t="59" w="7" /><ent r="102" t="59" w="15" /><ent r="5" t="59" w="133" /><ent r="5" t="59" w="133" /></phr><phr n="entityList"><ent r="5" t="59" w="134" /><ent r="5" t="59" w="168" /></phr></stem><stem n="associationfielddescriptor"><phr n="AssociationFieldDescriptor"><ent r="4" t="25" w="405" /><ent r="5" t="57" w="156" /><ent r="5" t="57" w="156" /><ent r="3" t="59" w="28" /><ent r="3" t="59" w="28" /><ent r="5" t="59" w="145" /><ent r="5" t="59" w="145" /></phr></stem><stem n="sub-ent"><phr n="sub-entities"><ent r="3" t="26" w="10" /><ent r="3" t="26" w="10" /><ent r="3" t="26" w="34" /><ent r="3" t="26" w="34" /><ent r="3" t="26" w="46" /><ent r="3" t="26" w="46" /><ent r="3" t="26" w="62" /><ent r="3" t="26" w="62" /><ent r="3" t="26" w="92" /><ent r="3" t="26" w="96" /><ent r="3" t="26" w="96" /><ent r="3" t="26" w="104" /><ent r="3" t="26" w="104" /><ent r="3" t="26" w="132" /><ent r="3" t="26" w="132" /><ent r="3" t="27" w="307" /><ent r="3" t="27" w="307" /><ent r="3" t="27" w="438" /><ent r="3" t="27" w="438" /><ent r="3" t="27" w="526" /><ent r="3" t="27" w="575" /><ent r="3" t="27" w="575" /><ent r="3" t="27" w="798" /><ent r="3" t="28" w="51" /><ent r="92" t="28" w="138" /><ent r="92" t="28" w="138" /><ent r="3" t="28" w="159" /><ent r="3" t="28" w="159" /><ent r="3" t="28" w="191" /><ent r="3" t="28" w="191" /><ent r="3" t="29" w="159" /><ent r="3" t="29" w="159" /><ent r="3" t="29" w="177" /><ent r="3" t="29" w="177" /><ent r="3" t="29" w="253" /><ent r="3" t="31" w="24" /><ent r="3" t="31" w="24" /><ent r="3" t="31" w="121" /><ent r="3" t="31" w="121" /><ent r="3" t="31" w="730" /><ent r="3" t="31" w="730" /><ent r="3" t="33" w="22" /><ent r="3" t="33" w="48" /><ent r="3" t="33" w="48" /><ent r="3" t="34" w="218" /><ent r="3" t="34" w="218" /><ent r="3" t="35" w="18" /><ent r="3" t="35" w="18" /><ent r="3" t="35" w="59" /><ent r="3" t="35" w="59" /><ent r="92" t="35" w="165" /><ent r="92" t="35" w="165" /><ent r="92" t="35" w="321" /><ent r="92" t="35" w="321" /></phr><phr n="sub-entity"><ent r="3" t="26" w="128" /><ent r="3" t="26" w="169" /><ent r="3" t="26" w="169" /><ent r="3" t="26" w="190" /><ent r="3" t="26" w="190" /><ent r="3" t="26" w="204" /><ent r="3" t="26" w="214" /><ent r="64" t="26" w="239" /><ent r="64" t="26" w="239" /><ent r="64" t="26" w="245" /><ent r="64" t="26" w="245" /><ent r="64" t="26" w="251" /><ent r="64" t="26" w="251" /><ent r="64" t="26" w="257" /><ent r="64" t="26" w="257" /><ent r="64" t="26" w="263" /><ent r="64" t="26" w="263" /><ent r="64" t="26" w="270" /><ent r="64" t="26" w="270" /><ent r="64" t="26" w="277" /><ent r="64" t="26" w="277" /><ent r="64" t="26" w="284" /><ent r="64" t="26" w="284" /><ent r="64" t="26" w="293" /><ent r="64" t="26" w="293" /><ent r="1000" t="27" w="4" /><ent r="1000" t="27" w="4" /><ent r="102" t="27" w="10" /><ent r="102" t="27" w="10" /><ent r="3" t="27" w="17" /><ent r="3" t="27" w="17" /><ent r="3" t="27" w="50" /><ent r="3" t="27" w="50" /><ent r="3" t="27" w="65" /><ent r="3" t="27" w="65" /><ent r="3" t="27" w="81" /><ent r="3" t="27" w="81" /><ent r="3" t="27" w="90" /><ent r="3" t="27" w="90" /><ent r="3" t="27" w="104" /><ent r="3" t="27" w="177" /><ent r="3" t="27" w="177" /><ent r="3" t="27" w="195" /><ent r="3" t="27" w="229" /><ent r="3" t="27" w="229" /><ent r="3" t="27" w="246" /><ent r="3" t="27" w="246" /><ent r="3" t="27" w="261" /><ent r="3" t="27" w="261" /><ent r="3" t="27" w="290" /><ent r="3" t="27" w="290" /><ent r="3" t="27" w="342" /><ent r="3" t="27" w="342" /><ent r="3" t="27" w="420" /><ent r="92" t="27" w="428" /><ent r="92" t="27" w="428" /><ent r="3" t="27" w="498" /><ent r="3" t="27" w="564" /><ent r="1000" t="28" w="4" /><ent r="1000" t="28" w="4" /><ent r="102" t="28" w="10" /><ent r="102" t="28" w="10" /><ent r="3" t="28" w="16" /><ent r="3" t="28" w="16" /><ent r="3" t="28" w="40" /><ent r="3" t="28" w="40" /><ent r="92" t="28" w="68" /><ent r="92" t="28" w="68" /><ent r="3" t="28" w="87" /><ent r="3" t="28" w="87" /><ent r="3" t="28" w="103" /><ent r="3" t="28" w="123" /><ent r="3" t="28" w="123" /><ent r="3" t="28" w="300" /><ent r="3" t="28" w="417" /><ent r="3" t="28" w="417" /><ent r="3" t="28" w="433" /><ent r="3" t="28" w="433" /><ent r="3" t="28" w="489" /><ent r="3" t="28" w="502" /><ent r="3" t="28" w="536" /><ent r="3" t="28" w="547" /><ent r="3" t="28" w="547" /><ent r="3" t="28" w="554" /><ent r="3" t="28" w="554" /><ent r="3" t="28" w="604" /><ent r="3" t="28" w="604" /><ent r="3" t="28" w="622" /><ent r="1000" t="29" w="4" /><ent r="1000" t="29" w="4" /><ent r="102" t="29" w="10" /><ent r="102" t="29" w="10" /><ent r="3" t="29" w="25" /><ent r="3" t="29" w="38" /><ent r="3" t="29" w="38" /><ent r="3" t="29" w="57" /><ent r="3" t="29" w="89" /><ent r="3" t="29" w="89" /><ent r="3" t="29" w="276" /><ent r="3" t="29" w="276" /><ent r="3" t="29" w="374" /><ent r="3" t="29" w="458" /><ent r="3" t="29" w="458" /><ent r="1000" t="30" w="4" /><ent r="1000" t="30" w="4" /><ent r="102" t="30" w="10" /><ent r="102" t="30" w="10" /><ent r="3" t="30" w="24" /><ent r="3" t="30" w="24" /><ent r="3" t="30" w="62" /><ent r="3" t="30" w="62" /><ent r="1000" t="31" w="4" /><ent r="1000" t="31" w="4" /><ent r="102" t="31" w="11" /><ent r="102" t="31" w="11" /><ent r="92" t="31" w="19" /><ent r="92" t="31" w="19" /><ent r="3" t="31" w="38" /><ent r="3" t="31" w="38" /><ent r="3" t="31" w="74" /><ent r="3" t="31" w="74" /><ent r="3" t="31" w="87" /><ent r="3" t="31" w="148" /><ent r="3" t="31" w="236" /><ent r="3" t="31" w="284" /><ent r="3" t="31" w="284" /><ent r="3" t="31" w="306" /><ent r="3" t="31" w="306" /><ent r="3" t="31" w="519" /><ent r="3" t="31" w="519" /><ent r="3" t="31" w="545" /><ent r="3" t="31" w="545" /><ent r="3" t="31" w="560" /><ent r="3" t="31" w="560" /><ent r="3" t="31" w="581" /><ent r="3" t="31" w="581" /><ent r="3" t="31" w="609" /><ent r="3" t="31" w="609" /><ent r="3" t="31" w="634" /><ent r="3" t="31" w="665" /><ent r="3" t="31" w="665" /><ent r="3" t="31" w="692" /><ent r="3" t="31" w="692" /><ent r="3" t="31" w="720" /><ent r="3" t="31" w="720" /><ent r="3" t="31" w="773" /><ent r="3" t="31" w="773" /><ent r="64" t="31" w="794" /><ent r="64" t="31" w="794" /><ent r="3" t="31" w="803" /><ent r="1000" t="32" w="4" /><ent r="1000" t="32" w="4" /><ent r="102" t="32" w="11" /><ent r="102" t="32" w="11" /><ent r="3" t="32" w="21" /><ent r="3" t="32" w="21" /><ent r="1000" t="33" w="4" /><ent r="1000" t="33" w="4" /><ent r="102" t="33" w="11" /><ent r="102" t="33" w="11" /><ent r="1000" t="34" w="4" /><ent r="1000" t="34" w="4" /><ent r="102" t="34" w="11" /><ent r="102" t="34" w="11" /><ent r="3" t="34" w="22" /><ent r="3" t="34" w="22" /><ent r="3" t="34" w="117" /><ent r="3" t="34" w="172" /><ent r="3" t="34" w="172" /><ent r="3" t="34" w="247" /><ent r="3" t="34" w="247" /><ent r="1000" t="35" w="6" /><ent r="1000" t="35" w="6" /><ent r="102" t="35" w="14" /><ent r="102" t="35" w="14" /></phr></stem><stem n="consum"><phr n="consumer"><ent r="3" t="26" w="15" /><ent r="3" t="26" w="15" /><ent r="3" t="26" w="141" /><ent r="3" t="26" w="141" /><ent r="3" t="28" w="225" /><ent r="3" t="28" w="225" /><ent r="3" t="38" w="553" /><ent r="3" t="38" w="553" /><ent r="3" t="39" w="315" /><ent r="3" t="56" w="32" /><ent r="3" t="56" w="32" /></phr><phr n="consumers"><ent r="3" t="37" w="271" /><ent r="4" t="38" w="93" /><ent r="4" t="38" w="93" /><ent r="4" t="38" w="141" /><ent r="4" t="38" w="141" /><ent r="4" t="38" w="151" /><ent r="4" t="38" w="151" /><ent r="3" t="38" w="234" /><ent r="3" t="38" w="234" /><ent r="3" t="38" w="268" /><ent r="3" t="38" w="268" /><ent r="3" t="38" w="372" /><ent r="3" t="38" w="372" /><ent r="3" t="38" w="411" /><ent r="3" t="38" w="411" /><ent r="3" t="38" w="542" /><ent r="3" t="38" w="542" /><ent r="3" t="39" w="61" /><ent r="3" t="39" w="61" /><ent r="3" t="48" w="100" /><ent r="3" t="48" w="100" /></phr><phr n="consumes"><ent r="4" t="82" w="42" /><ent r="4" t="82" w="42" /><ent r="5" t="82" w="212" /><ent r="5" t="82" w="212" /></phr></stem><stem n="hang"><phr n="hang"><ent r="3" t="26" w="49" /><ent r="3" t="26" w="49" /><ent r="3" t="27" w="249" /><ent r="3" t="27" w="249" /><ent r="3" t="28" w="194" /><ent r="3" t="28" w="194" /></phr><phr n="hangs"><ent r="3" t="31" w="562" /><ent r="3" t="31" w="562" /></phr></stem><stem n="customentitymanag"><phr n="CustomEntityManager"><ent r="3" t="26" w="67" /><ent r="3" t="26" w="67" /><ent r="3" t="26" w="112" /><ent r="3" t="26" w="112" /><ent r="3" t="27" w="24" /><ent r="3" t="27" w="24" /><ent r="3" t="28" w="27" /><ent r="3" t="28" w="27" /><ent r="3" t="28" w="33" /><ent r="3" t="28" w="33" /><ent r="3" t="28" w="74" /><ent r="3" t="28" w="74" /><ent r="3" t="28" w="145" /><ent r="3" t="28" w="145" /><ent r="3" t="28" w="210" /><ent r="3" t="28" w="210" /><ent r="3" t="28" w="595" /><ent r="3" t="28" w="595" /><ent r="3" t="28" w="600" /><ent r="3" t="28" w="600" /><ent r="3" t="29" w="13" /><ent r="3" t="29" w="13" /><ent r="3" t="30" w="13" /><ent r="3" t="30" w="13" /></phr></stem><stem n="customsubentitymanag"><phr n="CustomSubEntityManager"><ent r="3" t="26" w="121" /><ent r="3" t="26" w="121" /><ent r="3" t="26" w="166" /><ent r="3" t="26" w="166" /><ent r="3" t="26" w="181" /><ent r="3" t="26" w="183" /><ent r="3" t="26" w="183" /><ent r="3" t="26" w="217" /><ent r="3" t="26" w="217" /><ent r="92" t="28" w="208" /><ent r="92" t="28" w="208" /><ent r="3" t="28" w="239" /><ent r="3" t="28" w="394" /><ent r="3" t="28" w="422" /><ent r="3" t="28" w="422" /><ent r="3" t="28" w="459" /><ent r="3" t="28" w="493" /><ent r="3" t="28" w="493" /><ent r="3" t="28" w="526" /><ent r="3" t="28" w="526" /><ent r="3" t="28" w="539" /><ent r="3" t="28" w="539" /><ent r="3" t="28" w="565" /><ent r="3" t="28" w="565" /><ent r="3" t="29" w="301" /><ent r="3" t="29" w="301" /><ent r="3" t="30" w="75" /><ent r="3" t="30" w="75" /><ent r="3" t="31" w="54" /><ent r="3" t="31" w="54" /><ent r="3" t="31" w="111" /><ent r="3" t="31" w="111" /><ent r="3" t="31" w="224" /><ent r="3" t="31" w="224" /><ent r="3" t="31" w="309" /><ent r="3" t="31" w="309" /><ent r="3" t="33" w="15" /><ent r="3" t="33" w="15" /><ent r="3" t="33" w="45" /><ent r="3" t="34" w="15" /><ent r="3" t="34" w="15" /><ent r="3" t="34" w="49" /><ent r="3" t="34" w="58" /><ent r="3" t="34" w="58" /><ent r="3" t="34" w="86" /><ent r="3" t="34" w="186" /><ent r="3" t="34" w="186" /><ent r="3" t="34" w="237" /><ent r="3" t="34" w="237" /><ent r="3" t="35" w="178" /><ent r="3" t="35" w="178" /></phr></stem><stem n="customsubent"><phr n="CustomSubEntity"><ent r="3" t="26" w="156" /><ent r="3" t="26" w="156" /><ent r="3" t="28" w="253" /><ent r="3" t="28" w="257" /><ent r="3" t="28" w="257" /><ent r="3" t="28" w="282" /><ent r="92" t="28" w="286" /><ent r="92" t="28" w="286" /><ent r="3" t="28" w="291" /><ent r="3" t="28" w="337" /><ent r="3" t="28" w="337" /><ent r="3" t="28" w="371" /><ent r="3" t="28" w="371" /><ent r="3" t="28" w="476" /><ent r="3" t="28" w="476" /><ent r="3" t="31" w="206" /><ent r="3" t="31" w="206" /><ent r="3" t="31" w="216" /><ent r="3" t="31" w="216" /><ent r="3" t="31" w="415" /><ent r="3" t="31" w="415" /><ent r="3" t="31" w="449" /><ent r="3" t="31" w="449" /><ent r="3" t="31" w="593" /><ent r="3" t="31" w="593" /><ent r="3" t="31" w="681" /><ent r="3" t="31" w="681" /><ent r="3" t="32" w="28" /><ent r="3" t="32" w="28" /><ent r="3" t="32" w="70" /><ent r="3" t="32" w="70" /><ent r="3" t="32" w="78" /><ent r="3" t="32" w="78" /><ent r="3" t="34" w="61" /><ent r="3" t="34" w="75" /><ent r="3" t="34" w="362" /><ent r="3" t="34" w="362" /><ent r="3" t="34" w="401" /><ent r="3" t="34" w="401" /></phr></stem><stem n="customentityfielddescriptor"><phr n="CustomEntityFieldDescriptors"><ent r="3" t="26" w="173" /><ent r="3" t="26" w="173" /><ent r="3" t="28" w="544" /><ent r="3" t="29" w="312" /><ent r="3" t="31" w="295" /></phr><phr n="CustomEntityFieldDescriptor"><ent r="3" t="32" w="55" /><ent r="3" t="34" w="368" /><ent r="3" t="34" w="368" /></phr></stem><stem n="customentitylist"><phr n="CustomEntityLists"><ent r="3" t="26" w="175" /><ent r="3" t="26" w="175" /></phr><phr n="CustomEntityList"><ent r="3" t="32" w="31" /><ent r="3" t="32" w="31" /><ent r="3" t="34" w="34" /><ent r="3" t="34" w="35" /><ent r="3" t="34" w="35" /><ent r="3" t="34" w="71" /><ent r="3" t="34" w="71" /><ent r="3" t="34" w="89" /><ent r="3" t="34" w="89" /><ent r="3" t="34" w="195" /><ent r="3" t="34" w="195" /><ent r="92" t="34" w="265" /><ent r="92" t="34" w="265" /><ent r="3" t="34" w="267" /><ent r="3" t="34" w="267" /><ent r="3" t="34" w="290" /><ent r="3" t="34" w="290" /><ent r="3" t="34" w="310" /><ent r="3" t="34" w="310" /><ent r="3" t="34" w="331" /><ent r="3" t="34" w="331" /><ent r="3" t="34" w="337" /><ent r="3" t="34" w="337" /><ent r="3" t="34" w="391" /><ent r="3" t="34" w="391" /><ent r="3" t="34" w="416" /><ent r="3" t="34" w="438" /><ent r="3" t="34" w="438" /><ent r="3" t="35" w="34" /><ent r="3" t="35" w="34" /><ent r="3" t="35" w="175" /><ent r="3" t="35" w="175" /><ent r="3" t="35" w="198" /><ent r="3" t="35" w="249" /><ent r="3" t="35" w="249" /><ent r="3" t="35" w="274" /><ent r="3" t="35" w="295" /><ent r="3" t="35" w="295" /><ent r="3" t="35" w="330" /><ent r="3" t="35" w="330" /><ent r="3" t="35" w="353" /><ent r="3" t="35" w="450" /><ent r="3" t="35" w="450" /></phr></stem><stem n="i"><phr n="I"><ent r="92" t="26" w="234" /><ent r="3" t="61" w="494" /><ent r="3" t="62" w="141" /><ent r="3" t="63" w="291" /><ent r="3" t="64" w="352" /><ent r="3" t="65" w="590" /></phr><phr n="i"><ent r="3" t="29" w="265" /><ent r="4" t="52" w="201" /><ent r="4" t="52" w="203" /><ent r="4" t="52" w="203" /><ent r="5" t="52" w="214" /><ent r="6" t="52" w="219" /><ent r="4" t="53" w="167" /><ent r="4" t="53" w="169" /><ent r="4" t="53" w="169" /><ent r="4" t="53" w="178" /><ent r="4" t="55" w="178" /><ent r="5" t="55" w="187" /><ent r="3" t="65" w="267" /></phr></stem><stem n="row"><phr n="row"><ent r="64" t="26" w="265" /><ent r="64" t="26" w="265" /><ent r="64" t="26" w="272" /><ent r="64" t="26" w="272" /><ent r="64" t="26" w="279" /><ent r="64" t="26" w="279" /><ent r="64" t="26" w="286" /><ent r="64" t="26" w="286" /><ent r="3" t="29" w="170" /><ent r="3" t="29" w="170" /><ent r="3" t="29" w="174" /><ent r="3" t="29" w="210" /><ent r="3" t="29" w="210" /><ent r="1000" t="31" w="6" /><ent r="1000" t="31" w="6" /><ent r="102" t="31" w="13" /><ent r="102" t="31" w="13" /><ent r="3" t="31" w="60" /><ent r="3" t="31" w="60" /><ent r="3" t="31" w="64" /><ent r="3" t="31" w="64" /><ent r="3" t="31" w="80" /><ent r="3" t="31" w="80" /><ent r="92" t="31" w="534" /><ent r="3" t="31" w="583" /><ent r="3" t="31" w="583" /><ent r="3" t="31" w="611" /><ent r="3" t="31" w="667" /><ent r="3" t="31" w="694" /><ent r="3" t="31" w="716" /><ent r="3" t="31" w="716" /><ent r="92" t="31" w="725" /><ent r="92" t="31" w="725" /><ent r="3" t="31" w="775" /><ent r="3" t="31" w="775" /><ent r="3" t="31" w="806" /><ent r="3" t="31" w="806" /><ent r="1000" t="32" w="6" /><ent r="1000" t="32" w="6" /><ent r="102" t="32" w="13" /><ent r="102" t="32" w="13" /><ent r="3" t="32" w="23" /><ent r="3" t="32" w="23" /><ent r="3" t="32" w="39" /><ent r="3" t="32" w="86" /><ent r="3" t="32" w="86" /><ent r="3" t="32" w="99" /><ent r="3" t="32" w="99" /><ent r="1000" t="33" w="6" /><ent r="1000" t="33" w="6" /><ent r="102" t="33" w="13" /><ent r="102" t="33" w="13" /><ent r="1000" t="34" w="6" /><ent r="1000" t="34" w="6" /><ent r="102" t="34" w="13" /><ent r="102" t="34" w="13" /><ent r="3" t="34" w="402" /><ent r="3" t="35" w="304" /><ent r="3" t="35" w="304" /><ent r="3" t="35" w="331" /><ent r="3" t="35" w="331" /></phr><phr n="rows"><ent r="3" t="28" w="549" /><ent r="64" t="31" w="796" /><ent r="64" t="31" w="796" /><ent r="3" t="32" w="44" /><ent r="3" t="32" w="44" /><ent r="3" t="34" w="24" /><ent r="3" t="34" w="97" /><ent r="3" t="34" w="97" /><ent r="3" t="34" w="112" /><ent r="3" t="34" w="112" /><ent r="3" t="34" w="120" /><ent r="3" t="34" w="120" /><ent r="3" t="34" w="134" /><ent r="3" t="34" w="134" /><ent r="3" t="34" w="152" /><ent r="3" t="34" w="152" /><ent r="3" t="34" w="157" /><ent r="3" t="34" w="157" /><ent r="3" t="34" w="228" /><ent r="3" t="34" w="228" /><ent r="3" t="34" w="249" /><ent r="3" t="34" w="249" /></phr></stem><stem n="bind"><phr n="Bind"><ent r="64" t="26" w="288" /><ent r="64" t="26" w="288" /></phr><phr n="binding"><ent r="64" t="31" w="528" /><ent r="64" t="31" w="528" /><ent r="3" t="33" w="56" /><ent r="3" t="33" w="56" /><ent r="3" t="33" w="61" /><ent r="3" t="33" w="61" /><ent r="3" t="34" w="452" /><ent r="3" t="35" w="31" /><ent r="3" t="35" w="31" /><ent r="3" t="35" w="39" /><ent r="3" t="35" w="39" /><ent r="3" t="35" w="68" /><ent r="3" t="35" w="68" /><ent r="3" t="35" w="99" /><ent r="3" t="35" w="99" /><ent r="3" t="35" w="111" /><ent r="3" t="35" w="111" /><ent r="3" t="35" w="123" /><ent r="3" t="35" w="123" /><ent r="3" t="35" w="383" /><ent r="3" t="35" w="383" /><ent r="3" t="35" w="471" /><ent r="3" t="35" w="471" /><ent r="3" t="35" w="598" /><ent r="4" t="82" w="88" /><ent r="4" t="82" w="88" /></phr><phr n="Binding"><ent r="1000" t="35" w="1" /><ent r="1000" t="35" w="1" /><ent r="102" t="35" w="9" /><ent r="102" t="35" w="9" /><ent r="92" t="35" w="163" /><ent r="92" t="35" w="163" /><ent r="92" t="35" w="319" /><ent r="92" t="35" w="319" /><ent r="3" t="35" w="368" /><ent r="3" t="35" w="372" /><ent r="3" t="35" w="372" /><ent r="3" t="35" w="591" /><ent r="3" t="35" w="591" /></phr><phr n="bind"><ent r="3" t="35" w="181" /><ent r="3" t="35" w="181" /><ent r="3" t="35" w="235" /><ent r="3" t="35" w="235" /><ent r="3" t="35" w="247" /><ent r="3" t="35" w="247" /><ent r="3" t="35" w="328" /><ent r="3" t="35" w="328" /><ent r="3" t="35" w="356" /><ent r="3" t="35" w="356" /><ent r="3" t="35" w="396" /><ent r="3" t="35" w="396" /><ent r="3" t="35" w="402" /><ent r="3" t="35" w="402" /><ent r="3" t="35" w="418" /><ent r="3" t="35" w="418" /></phr><phr n="binds"><ent r="3" t="35" w="440" /><ent r="3" t="35" w="440" /></phr></stem></index>