<?xml version="1.0" encoding="utf-8"?><index><stem n="v18"><phr n="v18"><ent r="1000" t="0" w="7" /><ent r="1000" t="0" w="7" /><ent r="93" t="0" w="58" /><ent r="93" t="0" w="58" /><ent r="1000" t="71" w="8" /><ent r="1000" t="71" w="8" /><ent r="102" t="71" w="19" /><ent r="102" t="71" w="19" /><ent r="3" t="71" w="31" /><ent r="4" t="72" w="18" /><ent r="4" t="72" w="18" /></phr></stem><stem n="sdk"><phr n="SDK"><ent r="1000" t="0" w="8" /><ent r="102" t="0" w="10" /><ent r="102" t="0" w="10" /><ent r="3" t="0" w="20" /><ent r="3" t="0" w="48" /><ent r="92" t="0" w="60" /><ent r="3" t="0" w="62" /><ent r="3" t="0" w="62" /><ent r="4" t="0" w="97" /><ent r="4" t="0" w="97" /><ent r="3" t="0" w="142" /><ent r="65" t="0" w="199" /><ent r="65" t="0" w="199" /><ent r="4" t="0" w="216" /><ent r="4" t="0" w="216" /><ent r="4" t="0" w="239" /><ent r="4" t="0" w="239" /><ent r="4" t="0" w="249" /><ent r="4" t="0" w="249" /><ent r="4" t="0" w="325" /><ent r="100" t="1" w="3" /><ent r="100" t="1" w="6" /><ent r="100" t="1" w="6" /><ent r="102" t="1" w="13" /><ent r="102" t="1" w="13" /><ent r="3" t="1" w="22" /><ent r="3" t="1" w="50" /><ent r="3" t="1" w="50" /><ent r="3" t="1" w="99" /><ent r="3" t="1" w="109" /><ent r="3" t="1" w="109" /><ent r="64" t="1" w="117" /><ent r="64" t="1" w="117" /><ent r="4" t="1" w="175" /><ent r="4" t="1" w="262" /><ent r="3" t="1" w="280" /><ent r="3" t="2" w="49" /><ent r="3" t="3" w="944" /><ent r="3" t="3" w="944" /><ent r="3" t="4" w="17" /><ent r="3" t="4" w="31" /><ent r="3" t="4" w="72" /><ent r="3" t="4" w="72" /><ent r="3" t="4" w="106" /><ent r="3" t="4" w="106" /><ent r="3" t="4" w="205" /><ent r="3" t="5" w="13" /><ent r="3" t="5" w="13" /><ent r="3" t="6" w="32" /><ent r="3" t="7" w="32" /><ent r="3" t="7" w="88" /><ent r="3" t="7" w="88" /><ent r="3" t="13" w="17" /><ent r="3" t="13" w="73" /><ent r="3" t="13" w="73" /><ent r="3" t="15" w="119" /><ent r="3" t="15" w="153" /><ent r="3" t="15" w="153" /><ent r="3" t="15" w="173" /><ent r="3" t="15" w="173" /><ent r="5" t="19" w="135" /><ent r="5" t="19" w="135" /><ent r="5" t="20" w="98" /><ent r="5" t="20" w="98" /><ent r="5" t="21" w="65" /><ent r="5" t="21" w="65" /><ent r="3" t="23" w="11" /><ent r="3" t="23" w="11" /><ent r="3" t="24" w="52" /><ent r="3" t="25" w="436" /><ent r="3" t="26" w="14" /><ent r="3" t="26" w="14" /><ent r="3" t="26" w="140" /><ent r="3" t="26" w="140" /><ent r="3" t="27" w="303" /><ent r="3" t="27" w="303" /><ent r="3" t="27" w="392" /><ent r="3" t="27" w="392" /><ent r="3" t="28" w="320" /><ent r="3" t="28" w="320" /><ent r="3" t="28" w="513" /><ent r="3" t="29" w="104" /><ent r="3" t="29" w="200" /><ent r="3" t="29" w="200" /><ent r="3" t="29" w="217" /><ent r="3" t="29" w="217" /><ent r="3" t="29" w="235" /><ent r="3" t="35" w="118" /><ent r="3" t="35" w="118" /><ent r="3" t="35" w="588" /><ent r="3" t="35" w="588" /><ent r="3" t="36" w="88" /><ent r="3" t="36" w="122" /><ent r="3" t="36" w="145" /><ent r="3" t="36" w="145" /><ent r="64" t="36" w="210" /><ent r="64" t="36" w="210" /><ent r="3" t="37" w="243" /><ent r="3" t="37" w="265" /><ent r="3" t="37" w="265" /><ent r="3" t="37" w="270" /><ent r="3" t="37" w="270" /><ent r="3" t="37" w="331" /><ent r="3" t="37" w="331" /><ent r="4" t="37" w="477" /><ent r="4" t="37" w="495" /><ent r="1000" t="39" w="2" /><ent r="1000" t="39" w="2" /><ent r="102" t="39" w="6" /><ent r="102" t="39" w="6" /><ent r="3" t="39" w="18" /><ent r="3" t="39" w="18" /><ent r="3" t="39" w="60" /><ent r="3" t="39" w="60" /><ent r="3" t="39" w="165" /><ent r="4" t="41" w="147" /><ent r="4" t="41" w="147" /><ent r="3" t="42" w="27" /><ent r="3" t="43" w="24" /><ent r="3" t="43" w="24" /><ent r="3" t="43" w="80" /><ent r="3" t="43" w="80" /><ent r="3" t="45" w="210" /><ent r="3" t="45" w="210" /><ent r="3" t="45" w="247" /><ent r="3" t="45" w="267" /><ent r="3" t="45" w="272" /><ent r="3" t="45" w="272" /><ent r="4" t="45" w="298" /><ent r="4" t="45" w="298" /><ent r="3" t="45" w="352" /><ent r="64" t="45" w="392" /><ent r="64" t="45" w="392" /><ent r="3" t="46" w="36" /><ent r="4" t="46" w="81" /><ent r="4" t="46" w="99" /><ent r="1000" t="48" w="3" /><ent r="1000" t="48" w="3" /><ent r="102" t="48" w="8" /><ent r="102" t="48" w="8" /><ent r="3" t="48" w="20" /><ent r="3" t="48" w="20" /><ent r="3" t="48" w="99" /><ent r="3" t="48" w="99" /><ent r="3" t="48" w="147" /><ent r="3" t="48" w="201" /><ent r="3" t="48" w="289" /><ent r="3" t="48" w="359" /><ent r="4" t="52" w="57" /><ent r="4" t="52" w="57" /><ent r="4" t="53" w="36" /><ent r="4" t="53" w="36" /><ent r="4" t="54" w="37" /><ent r="4" t="54" w="37" /><ent r="4" t="55" w="37" /><ent r="4" t="55" w="37" /><ent r="3" t="56" w="31" /><ent r="3" t="56" w="31" /><ent r="3" t="60" w="18" /><ent r="3" t="61" w="423" /><ent r="3" t="61" w="423" /><ent r="3" t="63" w="286" /><ent r="3" t="63" w="286" /><ent r="1000" t="66" w="1" /><ent r="1000" t="66" w="1" /><ent r="102" t="66" w="5" /><ent r="102" t="66" w="5" /><ent r="3" t="66" w="34" /><ent r="3" t="66" w="50" /><ent r="3" t="66" w="50" /><ent r="4" t="66" w="105" /><ent r="4" t="66" w="105" /><ent r="4" t="67" w="80" /><ent r="4" t="67" w="80" /><ent r="4" t="68" w="119" /><ent r="4" t="68" w="119" /><ent r="4" t="69" w="94" /><ent r="4" t="69" w="94" /><ent r="3" t="70" w="32" /><ent r="3" t="70" w="32" /><ent r="3" t="74" w="32" /></phr></stem><stem n="start"><phr n="Start"><ent r="102" t="0" w="11" /><ent r="102" t="0" w="11" /><ent r="64" t="1" w="118" /><ent r="64" t="1" w="118" /><ent r="5" t="3" w="1040" /><ent r="5" t="3" w="1040" /><ent r="7" t="17" w="6994" /><ent r="7" t="17" w="6994" /></phr><phr n="start"><ent r="4" t="0" w="297" /><ent r="4" t="0" w="307" /><ent r="4" t="0" w="307" /><ent r="3" t="19" w="53" /><ent r="3" t="19" w="53" /><ent r="3" t="21" w="48" /><ent r="3" t="21" w="48" /><ent r="3" t="49" w="201" /><ent r="3" t="49" w="201" /><ent r="3" t="67" w="209" /><ent r="3" t="67" w="209" /><ent r="3" t="68" w="213" /><ent r="3" t="68" w="213" /><ent r="3" t="69" w="258" /><ent r="3" t="69" w="258" /></phr><phr n="Started"><ent r="3" t="1" w="268" /><ent r="7" t="17" w="6925" /><ent r="7" t="17" w="6925" /></phr><phr n="started"><ent r="3" t="18" w="15" /><ent r="3" t="18" w="15" /><ent r="3" t="51" w="21" /></phr><phr n="starting"><ent r="3" t="21" w="41" /><ent r="3" t="21" w="41" /></phr><phr n="starts"><ent r="3" t="50" w="127" /><ent r="3" t="50" w="127" /><ent r="3" t="50" w="249" /><ent r="3" t="50" w="249" /></phr></stem><stem n="here"><phr n="Here"><ent r="102" t="0" w="12" /><ent r="102" t="0" w="12" /><ent r="64" t="1" w="119" /><ent r="64" t="1" w="119" /></phr><phr n="here"><ent r="64" t="37" w="196" /><ent r="64" t="37" w="196" /><ent r="64" t="38" w="171" /><ent r="64" t="38" w="171" /></phr></stem><stem n="welcom"><phr n="Welcome"><ent r="3" t="0" w="14" /><ent r="3" t="0" w="14" /><ent r="3" t="23" w="5" /><ent r="3" t="23" w="5" /></phr></stem><stem n="softwar"><phr n="Software"><ent r="3" t="0" w="17" /><ent r="3" t="0" w="17" /><ent r="3" t="1" w="19" /><ent r="3" t="1" w="19" /><ent r="3" t="4" w="14" /><ent r="3" t="4" w="14" /><ent r="3" t="13" w="14" /><ent r="3" t="13" w="14" /><ent r="3" t="66" w="31" /><ent r="3" t="66" w="31" /><ent r="3" t="72" w="77" /><ent r="3" t="72" w="77" /></phr><phr n="software"><ent r="3" t="8" w="39" /><ent r="3" t="8" w="39" /></phr></stem><stem n="develop"><phr n="Development"><ent r="3" t="0" w="18" /><ent r="3" t="0" w="18" /><ent r="3" t="1" w="20" /><ent r="3" t="1" w="20" /><ent r="3" t="4" w="15" /><ent r="3" t="4" w="15" /><ent r="3" t="4" w="296" /><ent r="3" t="13" w="15" /><ent r="3" t="13" w="15" /><ent r="3" t="66" w="32" /><ent r="3" t="66" w="32" /></phr><phr n="Developer"><ent r="4" t="0" w="120" /><ent r="4" t="0" w="120" /><ent r="65" t="0" w="178" /><ent r="65" t="0" w="178" /><ent r="92" t="4" w="163" /><ent r="92" t="4" w="163" /><ent r="3" t="4" w="170" /><ent r="3" t="4" w="170" /><ent r="5" t="19" w="183" /><ent r="5" t="19" w="183" /><ent r="5" t="20" w="146" /><ent r="5" t="20" w="146" /><ent r="5" t="21" w="113" /><ent r="5" t="21" w="113" /><ent r="5" t="22" w="74" /><ent r="5" t="22" w="74" /><ent r="3" t="45" w="277" /><ent r="3" t="45" w="277" /><ent r="3" t="51" w="111" /><ent r="3" t="51" w="111" /></phr><phr n="develop"><ent r="3" t="0" w="133" /><ent r="3" t="0" w="133" /><ent r="3" t="2" w="358" /><ent r="3" t="2" w="358" /></phr><phr n="developer"><ent r="4" t="0" w="187" /><ent r="4" t="0" w="187" /><ent r="3" t="2" w="238" /><ent r="3" t="2" w="238" /><ent r="3" t="4" w="178" /><ent r="3" t="4" w="178" /><ent r="3" t="22" w="14" /></phr><phr n="development"><ent r="3" t="3" w="58" /><ent r="3" t="3" w="58" /><ent r="64" t="4" w="131" /><ent r="3" t="20" w="35" /><ent r="3" t="20" w="35" /><ent r="3" t="80" w="58" /><ent r="3" t="80" w="58" /></phr><phr n="Developers"><ent r="3" t="4" w="274" /><ent r="3" t="4" w="274" /></phr><phr n="developers"><ent r="3" t="8" w="47" /><ent r="3" t="8" w="47" /><ent r="3" t="8" w="85" /><ent r="3" t="8" w="85" /><ent r="3" t="8" w="114" /><ent r="3" t="8" w="114" /><ent r="3" t="13" w="70" /><ent r="3" t="13" w="70" /><ent r="3" t="15" w="46" /><ent r="3" t="15" w="46" /><ent r="4" t="15" w="302" /><ent r="4" t="19" w="189" /><ent r="4" t="19" w="189" /><ent r="4" t="20" w="152" /><ent r="4" t="20" w="152" /><ent r="4" t="21" w="119" /><ent r="4" t="21" w="119" /><ent r="4" t="22" w="80" /><ent r="4" t="22" w="80" /><ent r="3" t="45" w="227" /><ent r="3" t="45" w="227" /><ent r="4" t="82" w="142" /><ent r="4" t="82" w="142" /></phr><phr n="developing"><ent r="3" t="18" w="16" /><ent r="3" t="18" w="16" /><ent r="6" t="18" w="121" /><ent r="6" t="18" w="121" /><ent r="3" t="19" w="24" /><ent r="3" t="19" w="24" /><ent r="3" t="66" w="79" /><ent r="3" t="66" w="79" /></phr><phr n="developed"><ent r="6" t="18" w="129" /><ent r="6" t="18" w="129" /><ent r="3" t="19" w="35" /><ent r="3" t="19" w="35" /></phr></stem><stem n="kit"><phr n="Kit"><ent r="3" t="0" w="19" /><ent r="3" t="0" w="19" /><ent r="3" t="1" w="21" /><ent r="3" t="1" w="21" /><ent r="3" t="4" w="16" /><ent r="3" t="4" w="16" /><ent r="3" t="13" w="16" /><ent r="3" t="13" w="16" /><ent r="3" t="66" w="33" /><ent r="3" t="66" w="33" /></phr></stem><stem n="document"><phr n="documentation"><ent r="3" t="0" w="26" /><ent r="3" t="0" w="26" /><ent r="4" t="1" w="127" /><ent r="4" t="1" w="127" /><ent r="4" t="1" w="144" /><ent r="4" t="1" w="144" /><ent r="3" t="3" w="35" /><ent r="3" t="3" w="35" /><ent r="6" t="3" w="376" /><ent r="3" t="6" w="51" /><ent r="3" t="18" w="43" /><ent r="3" t="43" w="81" /><ent r="3" t="43" w="81" /><ent r="3" t="45" w="237" /><ent r="3" t="45" w="237" /><ent r="3" t="47" w="28" /><ent r="3" t="47" w="28" /><ent r="3" t="72" w="240" /><ent r="3" t="72" w="240" /><ent r="3" t="74" w="51" /><ent r="3" t="80" w="35" /><ent r="3" t="80" w="35" /><ent r="6" t="80" w="393" /><ent r="3" t="82" w="15" /><ent r="3" t="82" w="15" /></phr><phr n="documents"><ent r="3" t="1" w="105" /><ent r="3" t="1" w="105" /><ent r="4" t="15" w="641" /><ent r="4" t="18" w="75" /><ent r="4" t="18" w="75" /><ent r="3" t="78" w="210" /><ent r="3" t="78" w="210" /></phr><phr n="document"><ent r="92" t="1" w="124" /><ent r="92" t="1" w="124" /><ent r="3" t="1" w="272" /><ent r="3" t="1" w="272" /><ent r="7" t="3" w="135" /><ent r="7" t="3" w="135" /><ent r="7" t="3" w="195" /><ent r="7" t="3" w="195" /><ent r="7" t="3" w="204" /><ent r="7" t="3" w="204" /><ent r="8" t="3" w="739" /><ent r="8" t="3" w="739" /><ent r="3" t="6" w="24" /><ent r="3" t="6" w="24" /><ent r="6" t="16" w="168" /><ent r="6" t="16" w="168" /><ent r="6" t="16" w="175" /><ent r="6" t="16" w="175" /><ent r="6" t="16" w="214" /><ent r="6" t="16" w="214" /><ent r="7" t="17" w="5377" /><ent r="7" t="17" w="5377" /><ent r="7" t="17" w="5395" /><ent r="7" t="17" w="5395" /><ent r="3" t="23" w="15" /><ent r="3" t="23" w="15" /><ent r="92" t="23" w="130" /><ent r="92" t="23" w="130" /><ent r="4" t="69" w="390" /><ent r="3" t="74" w="24" /><ent r="3" t="74" w="24" /><ent r="7" t="80" w="135" /><ent r="7" t="80" w="135" /><ent r="7" t="80" w="196" /><ent r="7" t="80" w="196" /><ent r="7" t="80" w="205" /><ent r="7" t="80" w="205" /></phr><phr n="Document"><ent r="1000" t="5" w="1" /><ent r="1000" t="5" w="1" /><ent r="100" t="5" w="4" /><ent r="100" t="5" w="4" /><ent r="102" t="5" w="7" /><ent r="102" t="5" w="7" /><ent r="7" t="17" w="5353" /><ent r="7" t="17" w="5353" /><ent r="7" t="17" w="5367" /><ent r="7" t="17" w="5367" /></phr><phr n="Documents"><ent r="4" t="15" w="517" /><ent r="4" t="15" w="517" /><ent r="4" t="15" w="522" /><ent r="4" t="15" w="522" /><ent r="5" t="15" w="696" /><ent r="5" t="15" w="696" /><ent r="4" t="15" w="699" /><ent r="4" t="15" w="699" /><ent r="4" t="52" w="176" /><ent r="4" t="52" w="176" /><ent r="4" t="52" w="181" /><ent r="4" t="53" w="119" /><ent r="4" t="53" w="119" /><ent r="4" t="53" w="124" /><ent r="4" t="54" w="106" /><ent r="4" t="54" w="106" /><ent r="4" t="54" w="111" /><ent r="4" t="55" w="142" /><ent r="4" t="55" w="142" /><ent r="4" t="55" w="147" /><ent r="4" t="56" w="125" /><ent r="4" t="56" w="125" /><ent r="4" t="56" w="130" /><ent r="4" t="56" w="192" /><ent r="4" t="56" w="192" /><ent r="4" t="56" w="197" /><ent r="5" t="57" w="99" /><ent r="5" t="57" w="99" /><ent r="5" t="57" w="104" /><ent r="4" t="58" w="81" /><ent r="4" t="58" w="81" /><ent r="4" t="58" w="86" /><ent r="5" t="59" w="100" /><ent r="5" t="59" w="100" /><ent r="5" t="59" w="105" /></phr></stem><stem n="set"><phr n="set"><ent r="3" t="0" w="27" /><ent r="3" t="0" w="27" /><ent r="3" t="13" w="49" /><ent r="3" t="13" w="49" /><ent r="3" t="14" w="278" /><ent r="4" t="15" w="344" /><ent r="4" t="15" w="344" /><ent r="3" t="16" w="68" /><ent r="3" t="16" w="68" /><ent r="3" t="24" w="296" /><ent r="3" t="24" w="296" /><ent r="3" t="27" w="641" /><ent r="3" t="27" w="641" /><ent r="3" t="27" w="730" /><ent r="3" t="27" w="730" /><ent r="3" t="27" w="738" /><ent r="3" t="27" w="738" /><ent r="3" t="27" w="750" /><ent r="3" t="27" w="750" /><ent r="3" t="27" w="760" /><ent r="3" t="27" w="760" /><ent r="3" t="29" w="165" /><ent r="3" t="29" w="165" /><ent r="3" t="29" w="238" /><ent r="3" t="29" w="238" /><ent r="3" t="29" w="412" /><ent r="3" t="29" w="412" /><ent r="3" t="30" w="78" /><ent r="3" t="30" w="78" /><ent r="3" t="31" w="103" /><ent r="3" t="31" w="103" /><ent r="3" t="31" w="162" /><ent r="3" t="31" w="162" /><ent r="3" t="31" w="187" /><ent r="3" t="31" w="187" /><ent r="3" t="31" w="197" /><ent r="3" t="31" w="197" /><ent r="3" t="31" w="405" /><ent r="3" t="31" w="405" /><ent r="3" t="31" w="420" /><ent r="3" t="31" w="420" /><ent r="3" t="31" w="430" /><ent r="3" t="31" w="435" /><ent r="3" t="31" w="435" /><ent r="3" t="31" w="476" /><ent r="3" t="31" w="476" /><ent r="3" t="31" w="502" /><ent r="3" t="31" w="502" /><ent r="3" t="31" w="570" /><ent r="3" t="31" w="570" /><ent r="3" t="31" w="598" /><ent r="3" t="31" w="598" /><ent r="3" t="31" w="672" /><ent r="3" t="31" w="672" /><ent r="3" t="31" w="700" /><ent r="3" t="31" w="750" /><ent r="3" t="31" w="750" /><ent r="3" t="31" w="800" /><ent r="3" t="31" w="800" /><ent r="3" t="31" w="816" /><ent r="3" t="31" w="816" /><ent r="3" t="33" w="39" /><ent r="3" t="33" w="39" /><ent r="3" t="35" w="264" /><ent r="3" t="35" w="264" /><ent r="3" t="35" w="276" /><ent r="3" t="35" w="276" /><ent r="3" t="35" w="344" /><ent r="3" t="35" w="344" /><ent r="3" t="37" w="391" /><ent r="3" t="37" w="391" /><ent r="3" t="38" w="398" /><ent r="3" t="38" w="398" /><ent r="4" t="54" w="64" /><ent r="4" t="54" w="64" /><ent r="4" t="61" w="167" /><ent r="4" t="61" w="167" /><ent r="4" t="63" w="126" /><ent r="4" t="63" w="126" /><ent r="5" t="65" w="539" /><ent r="3" t="66" w="67" /><ent r="4" t="77" w="145" /><ent r="4" t="77" w="145" /></phr><phr n="setting"><ent r="6" t="7" w="805" /><ent r="6" t="7" w="805" /><ent r="3" t="32" w="80" /><ent r="3" t="32" w="80" /><ent r="4" t="57" w="45" /><ent r="4" t="57" w="45" /><ent r="5" t="57" w="138" /><ent r="5" t="57" w="138" /><ent r="5" t="57" w="152" /><ent r="5" t="57" w="152" /></phr><phr n="Sets"><ent r="6" t="7" w="1308" /><ent r="6" t="7" w="1317" /><ent r="6" t="7" w="1326" /><ent r="3" t="49" w="126" /><ent r="3" t="49" w="126" /></phr><phr n="sets"><ent r="3" t="13" w="88" /><ent r="3" t="13" w="88" /><ent r="3" t="14" w="239" /><ent r="3" t="14" w="241" /><ent r="3" t="14" w="241" /><ent r="3" t="50" w="380" /><ent r="3" t="50" w="380" /><ent r="4" t="65" w="543" /><ent r="4" t="65" w="543" /></phr><phr n="Set"><ent r="7" t="17" w="330" /><ent r="7" t="17" w="330" /><ent r="7" t="17" w="6244" /><ent r="7" t="17" w="6244" /><ent r="7" t="17" w="6414" /><ent r="7" t="17" w="6414" /><ent r="3" t="24" w="194" /><ent r="3" t="24" w="211" /><ent r="3" t="24" w="211" /><ent r="3" t="24" w="242" /><ent r="3" t="24" w="242" /><ent r="3" t="24" w="256" /><ent r="3" t="24" w="256" /><ent r="3" t="24" w="265" /><ent r="3" t="24" w="265" /><ent r="4" t="24" w="294" /><ent r="4" t="24" w="294" /><ent r="4" t="24" w="314" /><ent r="4" t="24" w="314" /><ent r="3" t="24" w="331" /><ent r="3" t="24" w="363" /><ent r="3" t="24" w="363" /><ent r="3" t="24" w="417" /><ent r="3" t="24" w="417" /><ent r="3" t="24" w="445" /><ent r="3" t="24" w="445" /><ent r="3" t="24" w="456" /><ent r="3" t="24" w="456" /><ent r="3" t="35" w="189" /><ent r="3" t="35" w="189" /><ent r="3" t="49" w="55" /><ent r="3" t="49" w="55" /><ent r="3" t="49" w="75" /><ent r="3" t="49" w="79" /><ent r="3" t="49" w="79" /><ent r="3" t="49" w="112" /><ent r="3" t="49" w="112" /></phr><phr n="Setting"><ent r="92" t="31" w="386" /><ent r="92" t="31" w="386" /><ent r="92" t="31" w="724" /><ent r="92" t="31" w="724" /></phr><phr n="settings"><ent r="3" t="39" w="546" /><ent r="3" t="39" w="546" /><ent r="3" t="45" w="166" /><ent r="3" t="45" w="166" /><ent r="6" t="73" w="43" /><ent r="6" t="73" w="43" /><ent r="6" t="73" w="69" /><ent r="6" t="73" w="69" /><ent r="6" t="73" w="87" /><ent r="6" t="73" w="87" /><ent r="6" t="73" w="118" /><ent r="6" t="73" w="118" /><ent r="6" t="73" w="215" /><ent r="6" t="73" w="215" /><ent r="6" t="73" w="293" /><ent r="6" t="73" w="293" /></phr><phr n="Settings"><ent r="4" t="52" w="178" /><ent r="4" t="53" w="121" /><ent r="4" t="54" w="108" /><ent r="4" t="55" w="144" /><ent r="4" t="56" w="127" /><ent r="4" t="56" w="194" /><ent r="5" t="57" w="101" /><ent r="4" t="58" w="83" /><ent r="5" t="59" w="102" /><ent r="6" t="73" w="48" /><ent r="6" t="73" w="48" /><ent r="6" t="73" w="74" /><ent r="6" t="73" w="74" /><ent r="6" t="73" w="92" /><ent r="6" t="73" w="92" /><ent r="6" t="73" w="123" /><ent r="6" t="73" w="123" /><ent r="6" t="73" w="220" /><ent r="6" t="73" w="220" /><ent r="6" t="73" w="298" /><ent r="6" t="73" w="298" /></phr></stem><stem n="provid"><phr n="provides"><ent r="3" t="0" w="28" /><ent r="3" t="0" w="28" /><ent r="3" t="1" w="91" /><ent r="3" t="1" w="91" /><ent r="4" t="1" w="151" /><ent r="4" t="1" w="151" /><ent r="3" t="4" w="276" /><ent r="3" t="4" w="276" /><ent r="3" t="12" w="29" /><ent r="3" t="12" w="29" /><ent r="3" t="13" w="18" /><ent r="3" t="13" w="18" /><ent r="4" t="15" w="603" /><ent r="4" t="15" w="603" /><ent r="4" t="15" w="778" /><ent r="4" t="15" w="778" /><ent r="3" t="19" w="66" /><ent r="3" t="19" w="66" /><ent r="3" t="20" w="43" /><ent r="3" t="20" w="43" /><ent r="3" t="21" w="38" /><ent r="3" t="21" w="38" /><ent r="3" t="22" w="21" /><ent r="3" t="22" w="21" /><ent r="3" t="24" w="139" /><ent r="3" t="24" w="139" /><ent r="3" t="25" w="191" /><ent r="3" t="25" w="191" /><ent r="3" t="26" w="85" /><ent r="3" t="26" w="85" /><ent r="3" t="26" w="115" /><ent r="3" t="26" w="115" /><ent r="3" t="27" w="331" /><ent r="3" t="27" w="331" /><ent r="3" t="28" w="75" /><ent r="3" t="28" w="75" /><ent r="3" t="28" w="211" /><ent r="3" t="28" w="211" /><ent r="3" t="28" w="426" /><ent r="3" t="28" w="426" /><ent r="3" t="28" w="494" /><ent r="3" t="28" w="494" /><ent r="3" t="28" w="540" /><ent r="3" t="28" w="540" /><ent r="3" t="29" w="14" /><ent r="3" t="29" w="14" /><ent r="3" t="29" w="192" /><ent r="3" t="29" w="192" /><ent r="3" t="30" w="14" /><ent r="3" t="30" w="14" /><ent r="3" t="31" w="55" /><ent r="3" t="31" w="55" /><ent r="3" t="31" w="129" /><ent r="3" t="31" w="129" /><ent r="3" t="31" w="225" /><ent r="3" t="31" w="225" /><ent r="3" t="31" w="595" /><ent r="3" t="31" w="595" /><ent r="3" t="33" w="16" /><ent r="3" t="33" w="16" /><ent r="3" t="34" w="16" /><ent r="3" t="34" w="16" /><ent r="3" t="34" w="238" /><ent r="3" t="34" w="238" /><ent r="3" t="34" w="311" /><ent r="3" t="34" w="311" /><ent r="3" t="35" w="93" /><ent r="3" t="35" w="93" /><ent r="3" t="37" w="279" /><ent r="3" t="37" w="279" /><ent r="3" t="39" w="11" /><ent r="3" t="39" w="11" /><ent r="3" t="39" w="186" /><ent r="3" t="39" w="186" /><ent r="3" t="39" w="207" /><ent r="3" t="39" w="207" /><ent r="3" t="48" w="13" /><ent r="3" t="48" w="13" /><ent r="3" t="48" w="235" /><ent r="3" t="48" w="235" /><ent r="3" t="48" w="247" /><ent r="3" t="48" w="247" /><ent r="3" t="48" w="312" /><ent r="3" t="48" w="312" /><ent r="3" t="48" w="382" /><ent r="3" t="48" w="382" /><ent r="3" t="66" w="12" /><ent r="3" t="66" w="12" /><ent r="3" t="82" w="13" /><ent r="3" t="82" w="13" /></phr><phr n="provided"><ent r="4" t="1" w="244" /><ent r="4" t="1" w="244" /><ent r="3" t="4" w="91" /><ent r="3" t="4" w="91" /><ent r="4" t="25" w="393" /><ent r="4" t="25" w="393" /><ent r="3" t="25" w="433" /><ent r="3" t="25" w="433" /><ent r="3" t="28" w="442" /><ent r="3" t="28" w="442" /><ent r="3" t="29" w="468" /><ent r="3" t="29" w="468" /><ent r="3" t="56" w="47" /><ent r="3" t="56" w="47" /></phr><phr n="provide"><ent r="3" t="18" w="38" /><ent r="3" t="18" w="38" /><ent r="3" t="25" w="290" /><ent r="3" t="25" w="290" /><ent r="3" t="26" w="12" /><ent r="3" t="26" w="12" /><ent r="3" t="34" w="300" /><ent r="3" t="34" w="300" /><ent r="3" t="50" w="433" /><ent r="3" t="50" w="433" /><ent r="4" t="61" w="100" /><ent r="4" t="61" w="100" /><ent r="5" t="63" w="63" /><ent r="5" t="63" w="63" /></phr><phr n="providing"><ent r="3" t="35" w="131" /><ent r="3" t="35" w="131" /></phr><phr n="provider"><ent r="3" t="43" w="15" /><ent r="3" t="43" w="15" /><ent r="4" t="61" w="136" /><ent r="4" t="61" w="136" /><ent r="4" t="63" w="108" /><ent r="4" t="63" w="108" /></phr></stem><stem n="inform"><phr n="information"><ent r="3" t="0" w="29" /><ent r="3" t="0" w="29" /><ent r="3" t="1" w="92" /><ent r="3" t="1" w="92" /><ent r="4" t="1" w="129" /><ent r="4" t="1" w="129" /><ent r="4" t="1" w="152" /><ent r="4" t="1" w="152" /><ent r="3" t="1" w="270" /><ent r="3" t="1" w="270" /><ent r="3" t="3" w="54" /><ent r="3" t="3" w="54" /><ent r="6" t="3" w="252" /><ent r="6" t="3" w="252" /><ent r="3" t="4" w="113" /><ent r="3" t="4" w="113" /><ent r="3" t="4" w="199" /><ent r="3" t="4" w="199" /><ent r="3" t="4" w="278" /><ent r="3" t="4" w="278" /><ent r="3" t="4" w="311" /><ent r="6" t="5" w="161" /><ent r="6" t="5" w="161" /><ent r="3" t="7" w="73" /><ent r="3" t="7" w="73" /><ent r="3" t="7" w="144" /><ent r="3" t="10" w="28" /><ent r="3" t="13" w="55" /><ent r="3" t="13" w="55" /><ent r="3" t="13" w="130" /><ent r="3" t="13" w="130" /><ent r="3" t="14" w="297" /><ent r="3" t="14" w="297" /><ent r="3" t="15" w="235" /><ent r="4" t="15" w="559" /><ent r="4" t="15" w="559" /><ent r="4" t="18" w="85" /><ent r="4" t="18" w="85" /><ent r="6" t="18" w="167" /><ent r="6" t="18" w="167" /><ent r="3" t="19" w="56" /><ent r="3" t="19" w="56" /><ent r="3" t="25" w="24" /><ent r="3" t="25" w="24" /><ent r="3" t="25" w="183" /><ent r="3" t="25" w="183" /><ent r="3" t="25" w="292" /><ent r="3" t="25" w="292" /><ent r="3" t="25" w="348" /><ent r="3" t="25" w="348" /><ent r="4" t="25" w="402" /><ent r="4" t="25" w="402" /><ent r="4" t="25" w="408" /><ent r="4" t="25" w="408" /><ent r="3" t="25" w="439" /><ent r="3" t="25" w="439" /><ent r="3" t="26" w="100" /><ent r="3" t="26" w="100" /><ent r="3" t="35" w="595" /><ent r="3" t="35" w="595" /><ent r="3" t="36" w="72" /><ent r="3" t="36" w="72" /><ent r="3" t="36" w="185" /><ent r="3" t="36" w="185" /><ent r="3" t="38" w="559" /><ent r="3" t="39" w="14" /><ent r="3" t="39" w="14" /><ent r="3" t="40" w="137" /><ent r="3" t="40" w="137" /><ent r="3" t="42" w="30" /><ent r="3" t="42" w="30" /><ent r="3" t="45" w="120" /><ent r="3" t="45" w="120" /><ent r="3" t="45" w="254" /><ent r="3" t="45" w="254" /><ent r="3" t="47" w="38" /><ent r="3" t="48" w="16" /><ent r="3" t="48" w="16" /><ent r="3" t="50" w="309" /><ent r="3" t="50" w="309" /><ent r="3" t="50" w="354" /><ent r="3" t="50" w="354" /><ent r="3" t="50" w="408" /><ent r="3" t="50" w="408" /><ent r="3" t="50" w="427" /><ent r="3" t="50" w="427" /><ent r="3" t="50" w="435" /><ent r="3" t="50" w="435" /><ent r="4" t="57" w="47" /><ent r="4" t="57" w="47" /><ent r="5" t="57" w="140" /><ent r="5" t="57" w="140" /><ent r="5" t="57" w="154" /><ent r="5" t="57" w="154" /><ent r="3" t="58" w="49" /><ent r="4" t="59" w="68" /><ent r="4" t="61" w="141" /><ent r="4" t="61" w="141" /><ent r="3" t="66" w="90" /><ent r="3" t="66" w="90" /><ent r="3" t="68" w="23" /><ent r="3" t="68" w="23" /><ent r="3" t="68" w="38" /><ent r="3" t="68" w="38" /><ent r="3" t="72" w="288" /><ent r="3" t="72" w="288" /><ent r="3" t="80" w="54" /><ent r="3" t="80" w="54" /><ent r="6" t="80" w="253" /><ent r="6" t="80" w="253" /></phr></stem><stem n="architectur"><phr n="architecture"><ent r="3" t="0" w="34" /><ent r="3" t="0" w="34" /><ent r="4" t="0" w="284" /><ent r="4" t="0" w="284" /><ent r="67" t="18" w="150" /><ent r="67" t="18" w="150" /><ent r="1000" t="19" w="6" /><ent r="1000" t="19" w="6" /><ent r="102" t="19" w="17" /><ent r="102" t="19" w="17" /><ent r="3" t="20" w="21" /><ent r="3" t="20" w="21" /><ent r="3" t="38" w="16" /><ent r="3" t="50" w="17" /></phr><phr n="Architecture"><ent r="65" t="0" w="276" /><ent r="65" t="0" w="276" /><ent r="5" t="19" w="103" /><ent r="5" t="19" w="103" /><ent r="4" t="66" w="96" /><ent r="4" t="66" w="96" /></phr></stem><stem n="featur"><phr n="features"><ent r="3" t="0" w="36" /><ent r="4" t="0" w="181" /><ent r="4" t="0" w="181" /><ent r="4" t="0" w="253" /><ent r="7" t="3" w="178" /><ent r="3" t="4" w="177" /><ent r="3" t="4" w="177" /><ent r="3" t="12" w="38" /><ent r="3" t="12" w="38" /><ent r="3" t="13" w="32" /><ent r="3" t="13" w="32" /><ent r="3" t="14" w="16" /><ent r="3" t="14" w="16" /><ent r="6" t="18" w="178" /><ent r="67" t="18" w="188" /><ent r="67" t="18" w="188" /><ent r="6" t="18" w="201" /><ent r="6" t="18" w="201" /><ent r="1000" t="20" w="4" /><ent r="1000" t="20" w="4" /><ent r="102" t="20" w="11" /><ent r="102" t="20" w="11" /><ent r="3" t="20" w="50" /><ent r="3" t="20" w="50" /><ent r="3" t="23" w="21" /><ent r="3" t="23" w="21" /><ent r="3" t="23" w="36" /><ent r="3" t="23" w="36" /><ent r="4" t="23" w="81" /><ent r="92" t="23" w="126" /><ent r="92" t="23" w="126" /><ent r="3" t="27" w="505" /><ent r="3" t="27" w="505" /><ent r="7" t="80" w="179" /></phr><phr n="Feature"><ent r="65" t="0" w="244" /><ent r="65" t="0" w="244" /><ent r="3" t="14" w="240" /><ent r="3" t="14" w="240" /><ent r="7" t="17" w="6967" /><ent r="7" t="17" w="6967" /><ent r="5" t="19" w="117" /><ent r="5" t="19" w="117" /><ent r="5" t="20" w="80" /><ent r="5" t="20" w="80" /><ent r="3" t="23" w="12" /><ent r="3" t="23" w="12" /><ent r="3" t="23" w="54" /><ent r="3" t="23" w="54" /><ent r="4" t="66" w="100" /><ent r="4" t="66" w="100" /></phr><phr n="feature"><ent r="3" t="3" w="651" /><ent r="3" t="3" w="651" /><ent r="3" t="14" w="238" /><ent r="3" t="14" w="238" /><ent r="3" t="14" w="248" /><ent r="3" t="14" w="248" /><ent r="3" t="14" w="277" /><ent r="3" t="14" w="277" /><ent r="4" t="19" w="125" /><ent r="4" t="19" w="125" /><ent r="3" t="20" w="31" /><ent r="3" t="20" w="31" /><ent r="4" t="20" w="88" /><ent r="4" t="20" w="88" /><ent r="3" t="23" w="59" /><ent r="4" t="23" w="71" /><ent r="4" t="23" w="78" /><ent r="4" t="23" w="78" /><ent r="4" t="23" w="88" /><ent r="4" t="23" w="88" /><ent r="4" t="23" w="102" /><ent r="4" t="23" w="122" /><ent r="3" t="25" w="45" /><ent r="3" t="25" w="45" /><ent r="4" t="25" w="410" /><ent r="4" t="25" w="410" /><ent r="3" t="25" w="441" /><ent r="3" t="25" w="441" /><ent r="3" t="26" w="64" /><ent r="3" t="26" w="64" /><ent r="3" t="26" w="134" /><ent r="3" t="26" w="134" /><ent r="3" t="29" w="155" /><ent r="3" t="29" w="155" /><ent r="3" t="36" w="158" /><ent r="3" t="36" w="158" /><ent r="3" t="36" w="187" /><ent r="3" t="36" w="187" /><ent r="3" t="38" w="244" /><ent r="3" t="39" w="123" /><ent r="3" t="40" w="139" /><ent r="3" t="40" w="139" /><ent r="3" t="42" w="32" /><ent r="3" t="42" w="32" /><ent r="3" t="45" w="122" /><ent r="3" t="45" w="122" /><ent r="4" t="45" w="292" /><ent r="4" t="45" w="292" /><ent r="3" t="47" w="15" /><ent r="3" t="47" w="15" /><ent r="4" t="82" w="67" /><ent r="4" t="82" w="67" /><ent r="5" t="82" w="237" /><ent r="5" t="82" w="237" /></phr></stem></index>