<?xml version="1.0" encoding="utf-8"?><index><stem n="savea"><phr n="saveas"><ent r="7" t="17" w="153" /><ent r="7" t="17" w="153" /></phr></stem><stem n="movemenu"><phr n="moveMenu"><ent r="7" t="17" w="165" /><ent r="7" t="17" w="165" /></phr></stem><stem n="prepar"><phr n="Prepare"><ent r="7" t="17" w="167" /><ent r="7" t="17" w="167" /><ent r="7" t="17" w="185" /><ent r="7" t="17" w="185" /></phr></stem><stem n="moveloc"><phr n="movelocal"><ent r="7" t="17" w="183" /><ent r="7" t="17" w="183" /></phr></stem><stem n="completemov"><phr n="completeMove"><ent r="7" t="17" w="215" /><ent r="7" t="17" w="215" /></phr></stem><stem n="newimport"><phr n="newimport"><ent r="7" t="17" w="227" /><ent r="7" t="17" w="227" /></phr></stem><stem n="newexport"><phr n="newexport"><ent r="7" t="17" w="239" /><ent r="7" t="17" w="239" /></phr></stem><stem n="personalfil"><phr n="personalfiles"><ent r="7" t="17" w="279" /><ent r="7" t="17" w="279" /><ent r="7" t="17" w="315" /><ent r="7" t="17" w="315" /></phr></stem><stem n="databasedisconnect"><phr n="databasedisconnected"><ent r="7" t="17" w="328" /><ent r="7" t="17" w="328" /></phr></stem><stem n="passwor"><phr n="Passwor"><ent r="7" t="17" w="331" /></phr></stem><stem n="d"><phr n="d"><ent r="7" t="17" w="332" /><ent r="7" t="17" w="1004" /><ent r="7" t="17" w="1004" /></phr><phr n="D"><ent r="8" t="17" w="3846" /><ent r="8" t="17" w="4059" /><ent r="7" t="17" w="4227" /><ent r="7" t="17" w="4498" /><ent r="7" t="17" w="4640" /><ent r="7" t="17" w="4959" /></phr></stem><stem n="setpassword"><phr n="setpassword"><ent r="7" t="17" w="341" /><ent r="7" t="17" w="341" /></phr></stem><stem n="quick"><phr n="Quick"><ent r="7" t="17" w="354" /><ent r="7" t="17" w="354" /><ent r="7" t="17" w="368" /><ent r="7" t="17" w="368" /><ent r="7" t="17" w="6993" /><ent r="7" t="17" w="6993" /><ent r="7" t="17" w="7008" /><ent r="7" t="17" w="7008" /></phr></stem><stem n="printcurrentwindow"><phr n="printcurrentwindow"><ent r="7" t="17" w="366" /><ent r="7" t="17" w="366" /></phr></stem><stem n="se"><phr n="Se"><ent r="7" t="17" w="370" /></phr></stem><stem n="lect"><phr n="lected"><ent r="7" t="17" w="371" /><ent r="7" t="17" w="371" /></phr></stem><stem n="printselect"><phr n="printselected"><ent r="8" t="17" w="380" /><ent r="8" t="17" w="380" /></phr></stem><stem n="undo"><phr n="Undo"><ent r="7" t="17" w="402" /><ent r="7" t="17" w="402" /></phr><phr n="undo"><ent r="7" t="17" w="411" /><ent r="7" t="17" w="411" /></phr></stem><stem n="ndo"><phr n="ndo"><ent r="7" t="17" w="414" /><ent r="7" t="17" w="414" /></phr></stem><stem n="undochangestocontact"><phr n="undochangestocontact"><ent r="7" t="17" w="426" /><ent r="7" t="17" w="426" /></phr></stem><stem n="cu"><phr n="Cu"><ent r="7" t="17" w="428" /></phr></stem><stem n="t"><phr n="t"><ent r="7" t="17" w="429" /><ent r="7" t="17" w="429" /><ent r="8" t="17" w="3998" /><ent r="8" t="17" w="3998" /><ent r="7" t="17" w="4923" /><ent r="3" t="27" w="408" /><ent r="3" t="27" w="408" /><ent r="3" t="28" w="264" /><ent r="3" t="28" w="264" /><ent r="3" t="28" w="462" /><ent r="3" t="28" w="462" /><ent r="3" t="28" w="588" /><ent r="3" t="28" w="588" /><ent r="3" t="28" w="610" /><ent r="3" t="28" w="610" /><ent r="3" t="29" w="434" /><ent r="3" t="29" w="434" /></phr><phr n="T"><ent r="3" t="28" w="244" /><ent r="3" t="28" w="244" /><ent r="3" t="31" w="99" /><ent r="3" t="33" w="34" /><ent r="3" t="33" w="34" /></phr></stem><stem n="cut"><phr n="cut"><ent r="7" t="17" w="438" /><ent r="7" t="17" w="438" /><ent r="3" t="29" w="339" /><ent r="3" t="29" w="339" /></phr></stem><stem n="past"><phr n="Paste"><ent r="7" t="17" w="451" /><ent r="7" t="17" w="451" /></phr><phr n="paste"><ent r="7" t="17" w="460" /><ent r="7" t="17" w="460" /></phr><phr n="past"><ent r="3" t="65" w="497" /><ent r="3" t="65" w="497" /></phr></stem><stem n="replacedata"><phr n="replacedata"><ent r="7" t="17" w="483" /><ent r="7" t="17" w="483" /></phr></stem><stem n="wap"><phr n="wap"><ent r="7" t="17" w="486" /><ent r="7" t="17" w="486" /></phr></stem><stem n="swapdata"><phr n="swapdata"><ent r="7" t="17" w="496" /><ent r="7" t="17" w="496" /></phr></stem><stem n="cop"><phr n="Cop"><ent r="7" t="17" w="498" /></phr></stem><stem n="y"><phr n="y"><ent r="7" t="17" w="499" /><ent r="7" t="17" w="499" /><ent r="7" t="17" w="863" /><ent r="7" t="17" w="863" /><ent r="7" t="17" w="3789" /><ent r="7" t="17" w="4200" /><ent r="7" t="17" w="4200" /><ent r="7" t="17" w="4471" /><ent r="7" t="17" w="4471" /><ent r="7" t="17" w="5647" /><ent r="7" t="17" w="5647" /><ent r="7" t="17" w="5786" /><ent r="7" t="17" w="5786" /></phr></stem><stem n="copydata"><phr n="copydata"><ent r="7" t="17" w="509" /><ent r="7" t="17" w="509" /></phr></stem><stem n="welco"><phr n="Welco"><ent r="7" t="17" w="531" /></phr></stem><stem n="welcomepag"><phr n="welcomepage"><ent r="7" t="17" w="541" /><ent r="7" t="17" w="541" /></phr></stem><stem n="marketplac"><phr n="Marketplace"><ent r="7" t="17" w="543" /><ent r="7" t="17" w="543" /></phr></stem><stem n="appstor"><phr n="appstore"><ent r="7" t="17" w="552" /><ent r="7" t="17" w="552" /></phr></stem><stem n="co"><phr n="Co"><ent r="7" t="17" w="554" /><ent r="8" t="17" w="1071" /><ent r="7" t="17" w="1734" /><ent r="7" t="17" w="2409" /><ent r="7" t="17" w="3020" /></phr></stem><stem n="ntact"><phr n="ntacts"><ent r="7" t="17" w="555" /><ent r="7" t="17" w="555" /></phr><phr n="ntact"><ent r="8" t="17" w="1072" /><ent r="7" t="17" w="1735" /><ent r="7" t="17" w="2410" /><ent r="7" t="17" w="3021" /></phr></stem><stem n="contactdetail"><phr n="contactdetail"><ent r="7" t="17" w="564" /><ent r="7" t="17" w="564" /></phr><phr n="ContactDetail"><ent r="4" t="64" w="69" /></phr></stem><stem n="contactlist"><phr n="contactlist"><ent r="7" t="17" w="576" /><ent r="7" t="17" w="576" /></phr><phr n="ContactList"><ent r="3" t="31" w="622" /><ent r="3" t="34" w="284" /><ent r="3" t="34" w="323" /><ent r="4" t="54" w="129" /><ent r="4" t="54" w="129" /><ent r="4" t="55" w="165" /><ent r="4" t="55" w="165" /><ent r="4" t="64" w="74" /></phr></stem><stem n="li"><phr n="Li"><ent r="7" t="17" w="590" /><ent r="7" t="17" w="6879" /></phr><phr n="Lis"><ent r="7" t="17" w="4922" /></phr></stem><stem n="st"><phr n="st"><ent r="7" t="17" w="591" /><ent r="7" t="17" w="591" /></phr></stem><stem n="grouplist"><phr n="grouplist"><ent r="7" t="17" w="600" /><ent r="7" t="17" w="600" /></phr><phr n="GroupList"><ent r="3" t="31" w="623" /><ent r="3" t="31" w="623" /><ent r="3" t="34" w="324" /><ent r="3" t="34" w="324" /></phr></stem><stem n="pani"><phr n="panies"><ent r="7" t="17" w="603" /><ent r="7" t="17" w="603" /></phr><phr n="pany"><ent r="7" t="17" w="5992" /><ent r="7" t="17" w="5992" /></phr></stem><stem n="companylist"><phr n="companylist"><ent r="7" t="17" w="624" /><ent r="7" t="17" w="624" /></phr><phr n="CompanyList"><ent r="3" t="31" w="626" /><ent r="3" t="31" w="626" /><ent r="3" t="34" w="326" /><ent r="3" t="34" w="326" /></phr></stem><stem n="todai"><phr n="Today"><ent r="7" t="17" w="637" /><ent r="7" t="17" w="637" /><ent r="3" t="61" w="269" /><ent r="3" t="61" w="316" /></phr><phr n="today"><ent r="3" t="61" w="246" /><ent r="3" t="61" w="299" /></phr></stem><stem n="calendartodai"><phr n="calendartoday"><ent r="7" t="17" w="646" /><ent r="7" t="17" w="646" /></phr></stem><stem n="daili"><phr n="Daily"><ent r="7" t="17" w="648" /><ent r="7" t="17" w="648" /></phr></stem><stem n="daycalendar"><phr n="daycalendar"><ent r="7" t="17" w="657" /><ent r="7" t="17" w="657" /></phr></stem><stem n="wor"><phr n="Wor"><ent r="7" t="17" w="659" /></phr></stem><stem n="k"><phr n="k"><ent r="7" t="17" w="660" /><ent r="7" t="17" w="660" /><ent r="7" t="17" w="5082" /><ent r="7" t="17" w="5082" /><ent r="7" t="17" w="6286" /><ent r="7" t="17" w="6286" /></phr></stem><stem n="week"><phr n="Week"><ent r="7" t="17" w="661" /><ent r="7" t="17" w="661" /></phr></stem><stem n="workweekcalendar"><phr n="workweekcalendar"><ent r="7" t="17" w="670" /><ent r="7" t="17" w="670" /></phr></stem><stem n="weekli"><phr n="Weekly"><ent r="7" t="17" w="672" /><ent r="7" t="17" w="672" /></phr></stem><stem n="weekcalendar"><phr n="weekcalendar"><ent r="7" t="17" w="681" /><ent r="7" t="17" w="681" /></phr></stem><stem n="monthcalendar"><phr n="monthcalendar"><ent r="7" t="17" w="692" /><ent r="7" t="17" w="692" /></phr></stem><stem n="tasklist"><phr n="tasklist"><ent r="7" t="17" w="704" /><ent r="7" t="17" w="704" /></phr><phr n="TaskList"><ent r="4" t="64" w="102" /></phr></stem><stem n="iti"><phr n="ities"><ent r="7" t="17" w="719" /><ent r="7" t="17" w="719" /></phr></stem><stem n="opportunitydetail"><phr n="opportunitydetail"><ent r="7" t="17" w="728" /><ent r="7" t="17" w="728" /></phr></stem><stem n="opportunitylist"><phr n="opportunitylist"><ent r="7" t="17" w="740" /><ent r="7" t="17" w="740" /></phr><phr n="OpportunityList"><ent r="4" t="64" w="93" /></phr></stem><stem n="engag"><phr n="engage"><ent r="7" t="17" w="752" /><ent r="7" t="17" w="752" /></phr></stem><stem n="reportlist"><phr n="reportlist"><ent r="7" t="17" w="763" /><ent r="7" t="17" w="763" /></phr></stem><stem n="mini"><phr n="Mini"><ent r="7" t="17" w="799" /></phr></stem><stem n="mini-c"><phr n="Mini-c"><ent r="7" t="17" w="799" /></phr></stem><stem n="alendar"><phr n="alendar"><ent r="7" t="17" w="801" /><ent r="7" t="17" w="801" /><ent r="7" t="17" w="6315" /><ent r="7" t="17" w="6315" /><ent r="7" t="17" w="6373" /><ent r="7" t="17" w="6373" /></phr></stem><stem n="minicalendar"><phr n="minicalendar"><ent r="7" t="17" w="810" /><ent r="7" t="17" w="810" /></phr></stem><stem n="acti"><phr n="Acti"><ent r="7" t="17" w="812" /></phr></stem><stem n="viti"><phr n="vities"><ent r="7" t="17" w="813" /><ent r="7" t="17" w="813" /></phr></stem><stem n="activitiestab"><phr n="activitiestab"><ent r="7" t="17" w="823" /><ent r="7" t="17" w="823" /></phr></stem><stem n="notestab"><phr n="notestab"><ent r="7" t="17" w="835" /><ent r="7" t="17" w="835" /></phr></stem><stem n="historytab"><phr n="historytab"><ent r="7" t="17" w="847" /><ent r="7" t="17" w="847" /></phr></stem><stem n="groupcompanytab"><phr n="groupcompanytab"><ent r="7" t="17" w="860" /><ent r="7" t="17" w="860" /></phr></stem><stem n="opportunit"><phr n="Opportunit"><ent r="7" t="17" w="862" /></phr></stem><stem n="opportunitytab"><phr n="opportunitytab"><ent r="7" t="17" w="873" /><ent r="7" t="17" w="873" /></phr></stem><stem n="info"><phr n="Info"><ent r="7" t="17" w="876" /><ent r="7" t="17" w="876" /></phr></stem><stem n="webinformationtab"><phr n="webinformationtab"><ent r="7" t="17" w="886" /><ent r="7" t="17" w="886" /></phr></stem><stem n="social"><phr n="Social"><ent r="7" t="17" w="888" /><ent r="7" t="17" w="888" /></phr></stem><stem n="socialmediatab"><phr n="socialmediatab"><ent r="7" t="17" w="899" /><ent r="7" t="17" w="899" /></phr></stem><stem n="filteract"><phr n="filteractivities"><ent r="7" t="17" w="926" /></phr></stem><stem n="ustom"><phr n="ustomize"><ent r="7" t="17" w="929" /><ent r="7" t="17" w="929" /></phr></stem><stem n="mylink"><phr n="mylinks"><ent r="7" t="17" w="953" /><ent r="7" t="17" w="953" /><ent r="7" t="17" w="966" /></phr></stem><stem n="editlink"><phr n="editlinks"><ent r="7" t="17" w="967" /><ent r="7" t="17" w="967" /></phr></stem><stem n="previouslayout"><phr n="previousLayout"><ent r="7" t="17" w="979" /><ent r="7" t="17" w="979" /></phr></stem><stem n="refresh"><phr n="Refresh"><ent r="7" t="17" w="981" /><ent r="7" t="17" w="981" /><ent r="4" t="36" w="109" /><ent r="4" t="36" w="109" /></phr><phr n="refresh"><ent r="7" t="17" w="990" /><ent r="7" t="17" w="990" /></phr></stem><stem n="forwar"><phr n="Forwar"><ent r="7" t="17" w="1003" /></phr></stem><stem n="forward"><phr n="forward"><ent r="7" t="17" w="1013" /><ent r="7" t="17" w="1013" /></phr></stem><stem n="my"><phr n="My"><ent r="8" t="17" w="1035" /><ent r="8" t="17" w="1035" /><ent r="7" t="17" w="1698" /><ent r="7" t="17" w="1698" /><ent r="7" t="17" w="2373" /><ent r="7" t="17" w="2373" /><ent r="7" t="17" w="2984" /><ent r="7" t="17" w="2984" /><ent r="6" t="17" w="6719" /><ent r="6" t="17" w="6719" /><ent r="4" t="39" w="442" /><ent r="4" t="39" w="442" /><ent r="4" t="52" w="180" /><ent r="4" t="52" w="180" /><ent r="4" t="53" w="123" /><ent r="4" t="53" w="123" /><ent r="4" t="54" w="110" /><ent r="4" t="54" w="110" /><ent r="4" t="55" w="146" /><ent r="4" t="55" w="146" /><ent r="4" t="56" w="129" /><ent r="4" t="56" w="129" /><ent r="4" t="56" w="196" /><ent r="4" t="56" w="196" /><ent r="5" t="57" w="103" /><ent r="5" t="57" w="103" /><ent r="4" t="58" w="85" /><ent r="4" t="58" w="85" /><ent r="5" t="59" w="104" /><ent r="5" t="59" w="104" /></phr></stem><stem n="gotomyrecord"><phr n="gotomyrecord"><ent r="8" t="17" w="1045" /><ent r="8" t="17" w="1045" /><ent r="7" t="17" w="1708" /><ent r="7" t="17" w="1708" /><ent r="7" t="17" w="2383" /><ent r="7" t="17" w="2383" /><ent r="7" t="17" w="2994" /><ent r="7" t="17" w="2994" /></phr></stem><stem n="allcontact"><phr n="allcontacts"><ent r="8" t="17" w="1057" /><ent r="8" t="17" w="1057" /><ent r="7" t="17" w="1720" /><ent r="7" t="17" w="1720" /><ent r="7" t="17" w="2395" /><ent r="7" t="17" w="2395" /><ent r="7" t="17" w="3006" /><ent r="7" t="17" w="3006" /></phr></stem><stem n="p"><phr n="P"><ent r="8" t="17" w="1059" /><ent r="7" t="17" w="1722" /><ent r="7" t="17" w="2397" /><ent r="7" t="17" w="3008" /><ent r="8" t="17" w="4842" /><ent r="7" t="17" w="5799" /></phr><phr n="p"><ent r="8" t="17" w="3823" /><ent r="8" t="17" w="3823" /><ent r="8" t="17" w="4036" /><ent r="8" t="17" w="4036" /></phr></stem><stem n="reviou"><phr n="revious"><ent r="8" t="17" w="1060" /><ent r="8" t="17" w="1060" /><ent r="7" t="17" w="1723" /><ent r="7" t="17" w="1723" /><ent r="7" t="17" w="2398" /><ent r="7" t="17" w="2398" /><ent r="7" t="17" w="3009" /><ent r="7" t="17" w="3009" /></phr></stem><stem n="firstnam"><phr n="firstname"><ent r="8" t="17" w="1104" /><ent r="8" t="17" w="1104" /><ent r="7" t="17" w="1767" /><ent r="7" t="17" w="1767" /><ent r="7" t="17" w="2442" /><ent r="7" t="17" w="2442" /><ent r="7" t="17" w="3053" /><ent r="7" t="17" w="3053" /></phr><phr n="firstName"><ent r="4" t="54" w="145" /><ent r="4" t="54" w="145" /></phr></stem><stem n="last"><phr n="Last"><ent r="8" t="17" w="1106" /><ent r="8" t="17" w="1106" /><ent r="7" t="17" w="1769" /><ent r="7" t="17" w="1769" /><ent r="7" t="17" w="2444" /><ent r="7" t="17" w="2444" /><ent r="7" t="17" w="3055" /><ent r="7" t="17" w="3055" /></phr><phr n="last"><ent r="3" t="27" w="350" /><ent r="3" t="27" w="350" /><ent r="3" t="65" w="418" /><ent r="3" t="65" w="418" /></phr></stem><stem n="lastnam"><phr n="lastname"><ent r="8" t="17" w="1116" /><ent r="8" t="17" w="1116" /><ent r="7" t="17" w="1779" /><ent r="7" t="17" w="1779" /><ent r="7" t="17" w="2454" /><ent r="7" t="17" w="2454" /><ent r="7" t="17" w="3065" /><ent r="7" t="17" w="3065" /></phr><phr n="lastName"><ent r="4" t="54" w="149" /><ent r="4" t="54" w="149" /></phr></stem><stem n="workphon"><phr n="workphone"><ent r="8" t="17" w="1127" /><ent r="8" t="17" w="1127" /><ent r="7" t="17" w="1790" /><ent r="7" t="17" w="1790" /><ent r="7" t="17" w="2465" /><ent r="7" t="17" w="2465" /><ent r="7" t="17" w="3076" /><ent r="7" t="17" w="3076" /></phr></stem><stem n="ci"><phr n="Ci"><ent r="8" t="17" w="1129" /><ent r="7" t="17" w="1792" /><ent r="7" t="17" w="2467" /><ent r="7" t="17" w="3078" /></phr></stem><stem n="ty"><phr n="ty"><ent r="8" t="17" w="1130" /><ent r="7" t="17" w="1793" /><ent r="7" t="17" w="2468" /><ent r="7" t="17" w="3079" /></phr></stem><stem n="workciti"><phr n="workcity"><ent r="8" t="17" w="1139" /><ent r="8" t="17" w="1139" /><ent r="7" t="17" w="1802" /><ent r="7" t="17" w="1802" /><ent r="7" t="17" w="2477" /><ent r="7" t="17" w="2477" /><ent r="7" t="17" w="3088" /><ent r="7" t="17" w="3088" /></phr></stem><stem n="state"><phr n="State"><ent r="8" t="17" w="1141" /><ent r="8" t="17" w="1368" /><ent r="7" t="17" w="1804" /><ent r="7" t="17" w="1968" /><ent r="7" t="17" w="2311" /><ent r="7" t="17" w="2479" /><ent r="7" t="17" w="3090" /><ent r="7" t="17" w="3358" /></phr><phr n="state"><ent r="8" t="17" w="1378" /><ent r="8" t="17" w="1378" /><ent r="7" t="17" w="1978" /><ent r="7" t="17" w="1978" /><ent r="7" t="17" w="2321" /><ent r="7" t="17" w="2321" /><ent r="7" t="17" w="3368" /><ent r="7" t="17" w="3368" /><ent r="3" t="28" w="377" /><ent r="3" t="28" w="380" /><ent r="4" t="65" w="546" /><ent r="4" t="65" w="546" /></phr><phr n="States"><ent r="3" t="72" w="82" /><ent r="3" t="72" w="82" /></phr></stem><stem n="workstat"><phr n="workstate"><ent r="8" t="17" w="1150" /><ent r="8" t="17" w="1150" /><ent r="7" t="17" w="1813" /><ent r="7" t="17" w="1813" /><ent r="7" t="17" w="2488" /><ent r="7" t="17" w="2488" /><ent r="7" t="17" w="3099" /><ent r="7" t="17" w="3099" /></phr></stem><stem n="statu"><phr n="Status"><ent r="8" t="17" w="1165" /><ent r="8" t="17" w="1394" /><ent r="8" t="17" w="1550" /><ent r="7" t="17" w="1828" /><ent r="7" t="17" w="1994" /><ent r="7" t="17" w="2149" /><ent r="7" t="17" w="2337" /><ent r="7" t="17" w="2503" /><ent r="7" t="17" w="2760" /><ent r="7" t="17" w="2935" /><ent r="7" t="17" w="3114" /><ent r="7" t="17" w="3384" /><ent r="8" t="17" w="5120" /><ent r="8" t="17" w="5120" /><ent r="7" t="17" w="5529" /><ent r="7" t="17" w="5529" /><ent r="7" t="17" w="5770" /><ent r="7" t="17" w="5770" /></phr><phr n="status"><ent r="8" t="17" w="1560" /><ent r="8" t="17" w="1560" /><ent r="7" t="17" w="2159" /><ent r="7" t="17" w="2159" /><ent r="7" t="17" w="2770" /><ent r="7" t="17" w="2770" /><ent r="7" t="17" w="2945" /><ent r="7" t="17" w="2945" /><ent r="7" t="17" w="5131" /><ent r="7" t="17" w="5131" /></phr></stem><stem n="idstatu"><phr n="idstatus"><ent r="8" t="17" w="1174" /><ent r="8" t="17" w="1174" /><ent r="8" t="17" w="1404" /><ent r="8" t="17" w="1404" /><ent r="7" t="17" w="1837" /><ent r="7" t="17" w="1837" /><ent r="7" t="17" w="2004" /><ent r="7" t="17" w="2004" /><ent r="7" t="17" w="2347" /><ent r="7" t="17" w="2347" /><ent r="7" t="17" w="2512" /><ent r="7" t="17" w="2512" /><ent r="7" t="17" w="3123" /><ent r="7" t="17" w="3123" /><ent r="7" t="17" w="3394" /><ent r="7" t="17" w="3394" /></phr></stem><stem n="ddress"><phr n="ddress"><ent r="8" t="17" w="1179" /><ent r="7" t="17" w="1842" /><ent r="7" t="17" w="2517" /><ent r="7" t="17" w="3128" /></phr></stem><stem n="workemail"><phr n="workemail"><ent r="8" t="17" w="1188" /><ent r="8" t="17" w="1188" /><ent r="7" t="17" w="1851" /><ent r="7" t="17" w="1851" /><ent r="7" t="17" w="2526" /><ent r="7" t="17" w="2526" /><ent r="7" t="17" w="3137" /><ent r="7" t="17" w="3137" /></phr></stem><stem n="saveasgroup"><phr n="saveasgroup"><ent r="8" t="17" w="1263" /><ent r="8" t="17" w="1263" /><ent r="7" t="17" w="2238" /><ent r="7" t="17" w="2238" /><ent r="7" t="17" w="2642" /><ent r="7" t="17" w="2642" /><ent r="7" t="17" w="3253" /><ent r="7" t="17" w="3253" /></phr></stem><stem n="xampl"><phr n="xample"><ent r="8" t="17" w="1267" /><ent r="8" t="17" w="1435" /><ent r="7" t="17" w="1867" /><ent r="7" t="17" w="2035" /><ent r="7" t="17" w="2542" /><ent r="7" t="17" w="2646" /><ent r="7" t="17" w="3153" /><ent r="7" t="17" w="3257" /><ent r="7" t="17" w="3425" /></phr></stem><stem n="byexampl"><phr n="byexample"><ent r="8" t="17" w="1276" /><ent r="8" t="17" w="1444" /><ent r="7" t="17" w="1876" /><ent r="7" t="17" w="2044" /><ent r="7" t="17" w="2551" /><ent r="7" t="17" w="2655" /><ent r="7" t="17" w="3162" /><ent r="7" t="17" w="3266" /><ent r="7" t="17" w="3434" /></phr></stem><stem n="advancedqueri"><phr n="advancedquery"><ent r="8" t="17" w="1289" /><ent r="8" t="17" w="1457" /><ent r="8" t="17" w="1611" /><ent r="7" t="17" w="1889" /><ent r="7" t="17" w="2057" /><ent r="7" t="17" w="2209" /><ent r="7" t="17" w="2564" /><ent r="7" t="17" w="2668" /><ent r="7" t="17" w="2820" /><ent r="7" t="17" w="3175" /><ent r="7" t="17" w="3279" /><ent r="7" t="17" w="3447" /></phr></stem><stem n="keywordsearch"><phr n="keywordsearch"><ent r="8" t="17" w="1303" /><ent r="8" t="17" w="1471" /><ent r="8" t="17" w="1625" /><ent r="7" t="17" w="1903" /><ent r="7" t="17" w="2071" /><ent r="7" t="17" w="2223" /><ent r="7" t="17" w="2578" /><ent r="7" t="17" w="2682" /><ent r="7" t="17" w="2834" /><ent r="7" t="17" w="3189" /><ent r="7" t="17" w="3293" /><ent r="7" t="17" w="3461" /></phr></stem><stem n="es"><phr n="es"><ent r="8" t="17" w="1307" /><ent r="8" t="17" w="1307" /><ent r="7" t="17" w="1907" /><ent r="7" t="17" w="1907" /><ent r="7" t="17" w="3297" /><ent r="7" t="17" w="3297" /></phr></stem><stem n="citi"><phr n="City"><ent r="8" t="17" w="1356" /><ent r="7" t="17" w="1956" /><ent r="7" t="17" w="2299" /><ent r="7" t="17" w="3346" /></phr><phr n="city"><ent r="8" t="17" w="1366" /><ent r="8" t="17" w="1366" /><ent r="7" t="17" w="1966" /><ent r="7" t="17" w="1966" /><ent r="7" t="17" w="2309" /><ent r="7" t="17" w="2309" /><ent r="7" t="17" w="3356" /><ent r="7" t="17" w="3356" /></phr></stem><stem n="saveascompani"><phr n="saveascompany"><ent r="8" t="17" w="1431" /><ent r="8" t="17" w="1431" /><ent r="7" t="17" w="2031" /><ent r="7" t="17" w="2031" /><ent r="7" t="17" w="2849" /><ent r="7" t="17" w="2849" /><ent r="7" t="17" w="3421" /><ent r="7" t="17" w="3421" /></phr></stem><stem n="opport"><phr n="Opport"><ent r="8" t="17" w="1474" /><ent r="7" t="17" w="2074" /><ent r="7" t="17" w="2685" /></phr></stem><stem n="uniti"><phr n="unities"><ent r="8" t="17" w="1475" /><ent r="8" t="17" w="1475" /><ent r="7" t="17" w="2075" /><ent r="7" t="17" w="2075" /><ent r="7" t="17" w="2686" /><ent r="7" t="17" w="2686" /></phr></stem><stem n="allopportun"><phr n="allopportunities"><ent r="8" t="17" w="1497" /><ent r="8" t="17" w="1497" /><ent r="7" t="17" w="2097" /><ent r="7" t="17" w="2097" /><ent r="7" t="17" w="2708" /><ent r="7" t="17" w="2708" /><ent r="7" t="17" w="2883" /><ent r="7" t="17" w="2883" /></phr></stem><stem n="tage"><phr n="tage"><ent r="8" t="17" w="1512" /><ent r="7" t="17" w="2112" /><ent r="7" t="17" w="2723" /><ent r="7" t="17" w="2898" /></phr></stem><stem n="stage"><phr n="stage"><ent r="8" t="17" w="1522" /><ent r="8" t="17" w="1522" /><ent r="7" t="17" w="2122" /><ent r="7" t="17" w="2122" /><ent r="7" t="17" w="2733" /><ent r="7" t="17" w="2733" /><ent r="7" t="17" w="2908" /><ent r="7" t="17" w="2908" /></phr><phr n="Stage"><ent r="4" t="39" w="455" /><ent r="4" t="39" w="455" /></phr></stem><stem n="byproduct"><phr n="byproduct"><ent r="8" t="17" w="1535" /><ent r="8" t="17" w="1535" /><ent r="7" t="17" w="2134" /><ent r="7" t="17" w="2134" /><ent r="7" t="17" w="2745" /><ent r="7" t="17" w="2745" /><ent r="7" t="17" w="2920" /><ent r="7" t="17" w="2920" /></phr></stem><stem n="tota"><phr n="Tota"><ent r="8" t="17" w="1537" /><ent r="7" t="17" w="2136" /><ent r="7" t="17" w="2747" /><ent r="7" t="17" w="2922" /></phr></stem><stem n="l"><phr n="l"><ent r="8" t="17" w="1538" /><ent r="7" t="17" w="2137" /><ent r="7" t="17" w="2748" /><ent r="7" t="17" w="2923" /></phr></stem><stem n="total"><phr n="total"><ent r="8" t="17" w="1548" /><ent r="8" t="17" w="1548" /><ent r="7" t="17" w="2147" /><ent r="7" t="17" w="2147" /><ent r="7" t="17" w="2758" /><ent r="7" t="17" w="2758" /><ent r="7" t="17" w="2933" /><ent r="7" t="17" w="2933" /></phr><phr n="Totals"><ent r="7" t="17" w="5768" /><ent r="7" t="17" w="5768" /><ent r="4" t="39" w="286" /><ent r="4" t="39" w="286" /></phr></stem><stem n="recordmanag"><phr n="recordmanager"><ent r="8" t="17" w="1573" /><ent r="8" t="17" w="1573" /><ent r="7" t="17" w="2172" /><ent r="7" t="17" w="2172" /><ent r="7" t="17" w="2783" /><ent r="7" t="17" w="2783" /><ent r="7" t="17" w="2958" /><ent r="7" t="17" w="2958" /></phr></stem><stem n="otherfield"><phr n="otherfields"><ent r="8" t="17" w="1587" /><ent r="8" t="17" w="1587" /><ent r="7" t="17" w="2185" /><ent r="7" t="17" w="2185" /><ent r="7" t="17" w="2796" /><ent r="7" t="17" w="2796" /><ent r="7" t="17" w="2971" /><ent r="7" t="17" w="2971" /></phr></stem><stem n="opportunitiesbyaccess"><phr n="opportunitiesbyaccess"><ent r="8" t="17" w="1599" /><ent r="8" t="17" w="1599" /><ent r="7" t="17" w="2197" /><ent r="7" t="17" w="2197" /><ent r="7" t="17" w="2808" /><ent r="7" t="17" w="2808" /></phr></stem><stem n="grouplookup"><phr n="grouplookup"><ent r="5" t="17" w="1637" /><ent r="5" t="17" w="1637" /><ent r="7" t="17" w="1647" /><ent r="7" t="17" w="1647" /></phr></stem><stem n="companylookup"><phr n="companylookup"><ent r="5" t="17" w="2249" /><ent r="5" t="17" w="2249" /><ent r="7" t="17" w="2259" /><ent r="7" t="17" w="2259" /></phr></stem><stem n="opportunitylookup"><phr n="opportunitylookup"><ent r="5" t="17" w="2860" /><ent r="5" t="17" w="2860" /><ent r="7" t="17" w="2870" /><ent r="7" t="17" w="2870" /></phr></stem><stem n="duplicat"><phr n="Duplicat"><ent r="7" t="17" w="3496" /></phr></stem><stem n="outlook"><phr n="Outlook"><ent r="7" t="17" w="3536" /><ent r="7" t="17" w="3536" /><ent r="7" t="17" w="6301" /><ent r="7" t="17" w="6301" /><ent r="7" t="17" w="6317" /><ent r="7" t="17" w="6317" /><ent r="7" t="17" w="6329" /><ent r="7" t="17" w="6329" /></phr></stem><stem n="outlookcontactsync"><phr n="outlookcontactsync"><ent r="7" t="17" w="3545" /><ent r="7" t="17" w="3545" /><ent r="7" t="17" w="6311" /><ent r="7" t="17" w="6311" /></phr></stem><stem n="iz"><phr n="ize"><ent r="7" t="17" w="3548" /><ent r="7" t="17" w="3548" /><ent r="7" t="17" w="6232" /><ent r="7" t="17" w="6232" /></phr></stem><stem n="googl"><phr n="Google"><ent r="7" t="17" w="3551" /><ent r="7" t="17" w="3551" /><ent r="7" t="17" w="6345" /><ent r="7" t="17" w="6345" /><ent r="7" t="17" w="6359" /><ent r="7" t="17" w="6359" /><ent r="7" t="17" w="6375" /><ent r="7" t="17" w="6375" /><ent r="7" t="17" w="6400" /><ent r="7" t="17" w="6400" /></phr></stem><stem n="googlecontactsync"><phr n="googlecontactsync"><ent r="7" t="17" w="3560" /><ent r="7" t="17" w="3560" /><ent r="7" t="17" w="6369" /><ent r="7" t="17" w="6369" /></phr></stem><stem n="editcontactaccess"><phr n="editcontactaccess"><ent r="7" t="17" w="3573" /><ent r="7" t="17" w="3573" /><ent r="7" t="17" w="3586" /><ent r="7" t="17" w="3600" /><ent r="7" t="17" w="3614" /><ent r="7" t="17" w="3628" /><ent r="7" t="17" w="3643" /><ent r="7" t="17" w="3657" /></phr></stem><stem n="makecontactpriv"><phr n="makecontactprivate"><ent r="7" t="17" w="3587" /><ent r="7" t="17" w="3587" /></phr></stem><stem n="makecontactpubl"><phr n="makecontactpublic"><ent r="7" t="17" w="3601" /><ent r="7" t="17" w="3601" /></phr></stem><stem n="addusersteam"><phr n="addusersteams"><ent r="7" t="17" w="3615" /><ent r="7" t="17" w="3615" /><ent r="8" t="17" w="4719" /><ent r="8" t="17" w="4719" /></phr></stem><stem n="removeuserteam"><phr n="removeuserteams"><ent r="7" t="17" w="3629" /><ent r="7" t="17" w="3629" /></phr></stem><stem n="createnewaccesslist"><phr n="createnewaccesslist"><ent r="7" t="17" w="3644" /><ent r="7" t="17" w="3644" /><ent r="8" t="17" w="4748" /><ent r="8" t="17" w="4748" /></phr></stem><stem n="editaccesslist"><phr n="editaccesslist"><ent r="7" t="17" w="3658" /><ent r="7" t="17" w="3658" /><ent r="8" t="17" w="4762" /><ent r="8" t="17" w="4762" /></phr></stem></index>