<?xml version="1.0" encoding="utf-8"?><index><stem n="number"><phr n="number"><ent r="3" t="4" w="88" /><ent r="3" t="4" w="88" /><ent r="3" t="29" w="185" /><ent r="3" t="29" w="185" /><ent r="3" t="39" w="499" /><ent r="3" t="39" w="499" /><ent r="3" t="52" w="40" /><ent r="3" t="52" w="40" /><ent r="3" t="64" w="118" /><ent r="3" t="64" w="118" /><ent r="3" t="64" w="163" /><ent r="3" t="64" w="163" /><ent r="3" t="64" w="242" /><ent r="3" t="64" w="242" /><ent r="3" t="65" w="186" /><ent r="3" t="65" w="186" /><ent r="6" t="75" w="89" /><ent r="6" t="75" w="89" /></phr><phr n="Number"><ent r="6" t="6" w="173" /><ent r="6" t="6" w="173" /><ent r="6" t="74" w="173" /><ent r="6" t="74" w="173" /></phr><phr n="numbers"><ent r="6" t="73" w="58" /><ent r="6" t="75" w="80" /><ent r="6" t="75" w="80" /></phr><phr n="Numbers"><ent r="6" t="73" w="62" /><ent r="6" t="73" w="62" /><ent r="6" t="73" w="139" /><ent r="6" t="73" w="139" /><ent r="6" t="73" w="232" /><ent r="6" t="73" w="232" /><ent r="6" t="73" w="242" /><ent r="6" t="73" w="242" /></phr></stem><stem n="registr"><phr n="registration"><ent r="3" t="4" w="99" /></phr></stem><stem n="agent"><phr n="agent"><ent r="3" t="4" w="102" /><ent r="3" t="4" w="102" /></phr></stem><stem n="special"><phr n="specializing"><ent r="3" t="4" w="103" /><ent r="3" t="4" w="103" /></phr></stem><stem n="becom"><phr n="becoming"><ent r="3" t="4" w="115" /><ent r="3" t="4" w="115" /></phr><phr n="become"><ent r="3" t="27" w="327" /><ent r="3" t="27" w="327" /></phr><phr n="becomes"><ent r="6" t="73" w="357" /><ent r="6" t="73" w="357" /></phr></stem><stem n="go"><phr n="go"><ent r="3" t="4" w="123" /><ent r="3" t="4" w="123" /><ent r="6" t="18" w="137" /><ent r="6" t="18" w="137" /><ent r="6" t="18" w="179" /><ent r="6" t="18" w="179" /><ent r="6" t="18" w="220" /><ent r="6" t="18" w="220" /><ent r="6" t="18" w="236" /><ent r="6" t="18" w="236" /></phr><phr n="Go"><ent r="3" t="4" w="281" /><ent r="3" t="4" w="281" /></phr><phr n="going"><ent r="3" t="29" w="419" /><ent r="3" t="29" w="419" /><ent r="4" t="61" w="355" /><ent r="4" t="61" w="355" /></phr></stem><stem n="www"><phr n="www"><ent r="64" t="4" w="127" /><ent r="64" t="4" w="156" /><ent r="67" t="5" w="233" /></phr></stem><stem n="development-partn"><phr n="development-partner"><ent r="64" t="4" w="131" /></phr></stem><stem n="development-partner-program"><phr n="development-partner-program"><ent r="64" t="4" w="131" /></phr></stem><stem n="partner-program"><phr n="partner-program"><ent r="64" t="4" w="132" /></phr></stem><stem n="knowledgebas"><phr n="Knowledgebase"><ent r="92" t="4" w="138" /><ent r="92" t="4" w="138" /><ent r="3" t="4" w="145" /><ent r="3" t="4" w="145" /><ent r="7" t="17" w="6896" /><ent r="7" t="17" w="6896" /></phr><phr n="knowledgebase"><ent r="3" t="4" w="152" /><ent r="3" t="4" w="152" /></phr></stem><stem n="faq"><phr n="FAQs"><ent r="3" t="4" w="147" /><ent r="3" t="4" w="147" /></phr></stem><stem n="articl"><phr n="articles"><ent r="3" t="4" w="153" /></phr><phr n="Articles"><ent r="7" t="17" w="6897" /><ent r="7" t="17" w="6897" /></phr></stem><stem n="interact"><phr n="interactive"><ent r="3" t="4" w="183" /><ent r="3" t="4" w="183" /></phr><phr n="interactions"><ent r="3" t="8" w="110" /><ent r="3" t="8" w="110" /></phr><phr n="interact"><ent r="4" t="19" w="186" /><ent r="4" t="19" w="186" /><ent r="4" t="20" w="149" /><ent r="4" t="20" w="149" /><ent r="4" t="21" w="116" /><ent r="4" t="21" w="116" /><ent r="4" t="22" w="77" /><ent r="4" t="22" w="77" /><ent r="3" t="25" w="29" /><ent r="3" t="25" w="29" /><ent r="3" t="59" w="30" /><ent r="3" t="59" w="30" /></phr></stem><stem n="excel"><phr n="excellent"><ent r="3" t="4" w="189" /><ent r="3" t="4" w="189" /></phr></stem><stem n="discuss"><phr n="discussion"><ent r="3" t="4" w="192" /></phr><phr n="Discussion"><ent r="92" t="4" w="212" /><ent r="92" t="4" w="212" /><ent r="3" t="4" w="216" /><ent r="3" t="4" w="216" /><ent r="3" t="4" w="247" /><ent r="3" t="4" w="247" /></phr></stem><stem n="group"><phr n="Groups"><ent r="92" t="4" w="213" /><ent r="92" t="4" w="213" /><ent r="3" t="4" w="217" /><ent r="3" t="4" w="217" /><ent r="3" t="4" w="248" /><ent r="3" t="4" w="248" /><ent r="6" t="7" w="496" /><ent r="6" t="7" w="586" /><ent r="6" t="7" w="857" /><ent r="6" t="7" w="868" /><ent r="6" t="7" w="876" /><ent r="6" t="7" w="884" /><ent r="6" t="7" w="892" /><ent r="6" t="7" w="902" /><ent r="6" t="7" w="1296" /><ent r="6" t="7" w="1304" /><ent r="7" t="17" w="578" /><ent r="7" t="17" w="578" /><ent r="7" t="17" w="849" /><ent r="8" t="17" w="1202" /><ent r="8" t="17" w="1202" /><ent r="8" t="17" w="1214" /><ent r="8" t="17" w="1214" /><ent r="7" t="17" w="1650" /><ent r="7" t="17" w="1650" /><ent r="7" t="17" w="2581" /><ent r="7" t="17" w="2581" /><ent r="7" t="17" w="2593" /><ent r="7" t="17" w="2593" /><ent r="7" t="17" w="3192" /><ent r="7" t="17" w="3192" /><ent r="7" t="17" w="3204" /><ent r="7" t="17" w="3204" /><ent r="7" t="17" w="3801" /><ent r="7" t="17" w="3801" /><ent r="8" t="17" w="3811" /><ent r="8" t="17" w="3811" /><ent r="8" t="17" w="4024" /><ent r="8" t="17" w="4024" /><ent r="8" t="17" w="4828" /><ent r="8" t="17" w="4828" /><ent r="64" t="23" w="137" /><ent r="64" t="23" w="137" /><ent r="3" t="26" w="52" /><ent r="3" t="27" w="256" /><ent r="3" t="27" w="256" /><ent r="3" t="27" w="267" /><ent r="3" t="27" w="270" /><ent r="3" t="27" w="271" /><ent r="3" t="27" w="271" /><ent r="3" t="27" w="476" /><ent r="3" t="27" w="476" /><ent r="3" t="27" w="517" /><ent r="3" t="28" w="202" /><ent r="3" t="29" w="122" /><ent r="3" t="31" w="32" /><ent r="3" t="31" w="32" /><ent r="3" t="31" w="272" /><ent r="3" t="31" w="272" /><ent r="3" t="31" w="600" /><ent r="3" t="31" w="675" /><ent r="3" t="31" w="675" /><ent r="3" t="34" w="168" /><ent r="1000" t="40" w="1" /><ent r="1000" t="40" w="1" /><ent r="102" t="40" w="6" /><ent r="102" t="40" w="6" /><ent r="3" t="40" w="11" /><ent r="3" t="40" w="11" /><ent r="3" t="40" w="31" /><ent r="3" t="40" w="31" /><ent r="3" t="40" w="57" /><ent r="3" t="40" w="57" /><ent r="3" t="40" w="118" /><ent r="3" t="40" w="118" /><ent r="3" t="40" w="142" /><ent r="3" t="40" w="142" /><ent r="64" t="40" w="159" /><ent r="64" t="40" w="159" /><ent r="1000" t="41" w="1" /><ent r="1000" t="41" w="1" /><ent r="102" t="41" w="6" /><ent r="102" t="41" w="6" /><ent r="3" t="41" w="22" /><ent r="3" t="41" w="22" /><ent r="3" t="41" w="45" /><ent r="3" t="41" w="45" /><ent r="4" t="41" w="66" /><ent r="4" t="41" w="66" /><ent r="3" t="41" w="134" /><ent r="3" t="41" w="134" /><ent r="4" t="41" w="156" /><ent r="4" t="41" w="156" /><ent r="3" t="44" w="16" /><ent r="3" t="59" w="46" /><ent r="3" t="59" w="46" /><ent r="4" t="82" w="74" /><ent r="5" t="82" w="244" /></phr><phr n="groups"><ent r="6" t="7" w="492" /><ent r="6" t="7" w="492" /><ent r="6" t="7" w="582" /><ent r="6" t="7" w="582" /><ent r="6" t="7" w="850" /><ent r="6" t="7" w="860" /><ent r="6" t="7" w="871" /><ent r="6" t="7" w="879" /><ent r="6" t="7" w="887" /><ent r="6" t="7" w="895" /><ent r="6" t="7" w="1012" /><ent r="6" t="7" w="1012" /><ent r="3" t="25" w="60" /><ent r="3" t="29" w="269" /><ent r="3" t="29" w="269" /><ent r="3" t="29" w="398" /><ent r="4" t="41" w="89" /><ent r="4" t="41" w="89" /><ent r="4" t="41" w="112" /><ent r="4" t="41" w="112" /><ent r="3" t="43" w="18" /></phr><phr n="Group"><ent r="6" t="16" w="204" /><ent r="6" t="16" w="204" /><ent r="7" t="17" w="589" /><ent r="7" t="17" w="589" /><ent r="8" t="17" w="1254" /><ent r="8" t="17" w="1254" /><ent r="6" t="17" w="1628" /><ent r="6" t="17" w="1628" /><ent r="7" t="17" w="2229" /><ent r="7" t="17" w="2229" /><ent r="7" t="17" w="2633" /><ent r="7" t="17" w="2633" /><ent r="7" t="17" w="3244" /><ent r="7" t="17" w="3244" /><ent r="7" t="17" w="3774" /><ent r="8" t="17" w="3870" /><ent r="8" t="17" w="3870" /><ent r="8" t="17" w="3883" /><ent r="8" t="17" w="3883" /><ent r="8" t="17" w="3897" /><ent r="8" t="17" w="3897" /><ent r="8" t="17" w="3937" /><ent r="8" t="17" w="3937" /><ent r="8" t="17" w="3945" /><ent r="8" t="17" w="3945" /><ent r="8" t="17" w="3986" /><ent r="8" t="17" w="4083" /><ent r="8" t="17" w="4083" /><ent r="8" t="17" w="4096" /><ent r="8" t="17" w="4096" /><ent r="8" t="17" w="4110" /><ent r="8" t="17" w="4110" /><ent r="8" t="17" w="4150" /><ent r="8" t="17" w="4150" /><ent r="8" t="17" w="4158" /><ent r="8" t="17" w="4158" /><ent r="7" t="17" w="5567" /><ent r="7" t="17" w="5567" /><ent r="7" t="17" w="5579" /><ent r="7" t="17" w="5579" /><ent r="7" t="17" w="5592" /><ent r="7" t="17" w="5592" /><ent r="7" t="17" w="5605" /><ent r="7" t="17" w="5605" /><ent r="7" t="17" w="5618" /><ent r="7" t="17" w="5618" /><ent r="7" t="17" w="5632" /><ent r="7" t="17" w="5632" /><ent r="7" t="17" w="5979" /><ent r="7" t="17" w="5979" /><ent r="3" t="27" w="786" /><ent r="3" t="34" w="261" /><ent r="3" t="56" w="113" /><ent r="3" t="56" w="113" /><ent r="3" t="56" w="170" /><ent r="4" t="58" w="103" /><ent r="5" t="59" w="122" /><ent r="4" t="64" w="79" /><ent r="4" t="64" w="80" /><ent r="4" t="64" w="80" /></phr><phr n="group"><ent r="7" t="17" w="587" /><ent r="7" t="17" w="587" /><ent r="8" t="17" w="1211" /><ent r="8" t="17" w="1211" /><ent r="8" t="17" w="1223" /><ent r="8" t="17" w="1235" /><ent r="8" t="17" w="1248" /><ent r="8" t="17" w="1277" /><ent r="8" t="17" w="1277" /><ent r="8" t="17" w="1290" /><ent r="8" t="17" w="1290" /><ent r="8" t="17" w="1304" /><ent r="8" t="17" w="1304" /><ent r="7" t="17" w="1659" /><ent r="7" t="17" w="1671" /><ent r="7" t="17" w="1684" /><ent r="7" t="17" w="2590" /><ent r="7" t="17" w="2590" /><ent r="7" t="17" w="2602" /><ent r="7" t="17" w="2614" /><ent r="7" t="17" w="2627" /><ent r="7" t="17" w="2656" /><ent r="7" t="17" w="2656" /><ent r="7" t="17" w="2669" /><ent r="7" t="17" w="2669" /><ent r="7" t="17" w="2683" /><ent r="7" t="17" w="2683" /><ent r="7" t="17" w="3201" /><ent r="7" t="17" w="3201" /><ent r="7" t="17" w="3213" /><ent r="7" t="17" w="3225" /><ent r="7" t="17" w="3238" /><ent r="7" t="17" w="3267" /><ent r="7" t="17" w="3267" /><ent r="7" t="17" w="3280" /><ent r="7" t="17" w="3280" /><ent r="7" t="17" w="3294" /><ent r="7" t="17" w="3294" /><ent r="7" t="17" w="3782" /><ent r="7" t="17" w="3797" /><ent r="6" t="17" w="3809" /><ent r="6" t="17" w="3809" /><ent r="8" t="17" w="3819" /><ent r="8" t="17" w="3819" /><ent r="8" t="17" w="3831" /><ent r="8" t="17" w="3843" /><ent r="8" t="17" w="3855" /><ent r="8" t="17" w="3866" /><ent r="8" t="17" w="3879" /><ent r="8" t="17" w="3892" /><ent r="8" t="17" w="3906" /><ent r="8" t="17" w="3920" /><ent r="8" t="17" w="3933" /><ent r="8" t="17" w="3960" /><ent r="8" t="17" w="3971" /><ent r="8" t="17" w="3982" /><ent r="8" t="17" w="3994" /><ent r="8" t="17" w="4008" /><ent r="8" t="17" w="4021" /><ent r="8" t="17" w="4032" /><ent r="8" t="17" w="4032" /><ent r="8" t="17" w="4044" /><ent r="8" t="17" w="4056" /><ent r="8" t="17" w="4068" /><ent r="8" t="17" w="4079" /><ent r="8" t="17" w="4092" /><ent r="8" t="17" w="4105" /><ent r="8" t="17" w="4119" /><ent r="8" t="17" w="4133" /><ent r="8" t="17" w="4146" /><ent r="8" t="17" w="4173" /><ent r="5" t="17" w="4184" /><ent r="7" t="17" w="4195" /><ent r="7" t="17" w="4208" /><ent r="7" t="17" w="4222" /><ent r="7" t="17" w="4236" /><ent r="7" t="17" w="4248" /><ent r="7" t="17" w="4316" /><ent r="7" t="17" w="4330" /><ent r="7" t="17" w="4345" /><ent r="7" t="17" w="4357" /><ent r="7" t="17" w="4369" /><ent r="7" t="17" w="4381" /><ent r="8" t="17" w="4395" /><ent r="8" t="17" w="4410" /><ent r="7" t="17" w="4426" /><ent r="7" t="17" w="4440" /><ent r="7" t="17" w="4454" /><ent r="7" t="17" w="4466" /><ent r="7" t="17" w="4479" /><ent r="7" t="17" w="4493" /><ent r="7" t="17" w="4507" /><ent r="7" t="17" w="4519" /><ent r="7" t="17" w="4587" /><ent r="7" t="17" w="4601" /><ent r="7" t="17" w="5577" /><ent r="7" t="17" w="5577" /><ent r="7" t="17" w="5589" /><ent r="7" t="17" w="5602" /><ent r="7" t="17" w="5615" /><ent r="7" t="17" w="5628" /><ent r="7" t="17" w="5642" /><ent r="7" t="17" w="5989" /><ent r="7" t="17" w="5989" /><ent r="3" t="25" w="40" /><ent r="3" t="25" w="40" /><ent r="3" t="38" w="196" /><ent r="3" t="56" w="114" /><ent r="4" t="56" w="148" /><ent r="3" t="72" w="105" /><ent r="3" t="72" w="105" /></phr></stem><stem n="easy-to-us"><phr n="easy-to-use"><ent r="3" t="4" w="219" /><ent r="3" t="4" w="219" /></phr></stem><stem n="easi"><phr n="easy"><ent r="3" t="4" w="219" /></phr></stem><stem n="easy-to"><phr n="easy-to"><ent r="3" t="4" w="219" /></phr></stem><stem n="to-us"><phr n="to-use"><ent r="3" t="4" w="220" /></phr><phr n="to-user"><ent r="3" t="4" w="251" /></phr></stem><stem n="messag"><phr n="message"><ent r="3" t="4" w="223" /><ent r="3" t="4" w="223" /><ent r="3" t="48" w="457" /><ent r="3" t="48" w="457" /><ent r="3" t="48" w="463" /></phr><phr n="messages"><ent r="4" t="15" w="327" /><ent r="4" t="15" w="327" /><ent r="4" t="77" w="168" /><ent r="4" t="77" w="168" /><ent r="4" t="77" w="172" /><ent r="4" t="77" w="172" /><ent r="4" t="78" w="172" /><ent r="4" t="78" w="183" /><ent r="4" t="78" w="183" /><ent r="4" t="78" w="188" /><ent r="4" t="78" w="188" /></phr><phr n="Message"><ent r="7" t="17" w="5289" /><ent r="7" t="17" w="5289" /><ent r="7" t="17" w="5303" /><ent r="7" t="17" w="5303" /></phr></stem><stem n="board"><phr n="boards"><ent r="3" t="4" w="224" /><ent r="3" t="4" w="224" /></phr></stem><stem n="opportun"><phr n="opportunity"><ent r="3" t="4" w="229" /><ent r="3" t="4" w="229" /><ent r="6" t="7" w="1086" /><ent r="6" t="7" w="1086" /><ent r="8" t="17" w="1612" /><ent r="8" t="17" w="1612" /><ent r="8" t="17" w="1626" /><ent r="8" t="17" w="1626" /><ent r="7" t="17" w="2210" /><ent r="7" t="17" w="2210" /><ent r="7" t="17" w="2224" /><ent r="7" t="17" w="2224" /><ent r="7" t="17" w="2821" /><ent r="7" t="17" w="2821" /><ent r="7" t="17" w="2835" /><ent r="7" t="17" w="2835" /><ent r="5" t="17" w="4614" /><ent r="5" t="17" w="4614" /><ent r="7" t="17" w="4625" /><ent r="7" t="17" w="4625" /><ent r="7" t="17" w="4637" /><ent r="7" t="17" w="4650" /><ent r="7" t="17" w="4663" /><ent r="7" t="17" w="4676" /><ent r="7" t="17" w="4689" /><ent r="7" t="17" w="4703" /><ent r="8" t="17" w="4717" /><ent r="8" t="17" w="4731" /><ent r="8" t="17" w="4746" /><ent r="8" t="17" w="4760" /><ent r="8" t="17" w="4787" /><ent r="8" t="17" w="4798" /><ent r="8" t="17" w="4809" /><ent r="8" t="17" w="4822" /><ent r="8" t="17" w="4838" /><ent r="8" t="17" w="4851" /><ent r="8" t="17" w="4864" /><ent r="8" t="17" w="4877" /><ent r="8" t="17" w="4890" /><ent r="7" t="17" w="4903" /><ent r="7" t="17" w="4917" /><ent r="7" t="17" w="4932" /><ent r="7" t="17" w="4944" /><ent r="7" t="17" w="4944" /><ent r="7" t="17" w="4956" /><ent r="7" t="17" w="4969" /><ent r="7" t="17" w="4982" /><ent r="7" t="17" w="4995" /><ent r="7" t="17" w="5008" /><ent r="7" t="17" w="5750" /><ent r="7" t="17" w="5750" /><ent r="7" t="17" w="5765" /><ent r="7" t="17" w="5779" /><ent r="7" t="17" w="5795" /><ent r="7" t="17" w="5810" /><ent r="7" t="17" w="5826" /><ent r="7" t="17" w="5841" /><ent r="7" t="17" w="5855" /><ent r="7" t="17" w="5868" /><ent r="7" t="17" w="5882" /><ent r="7" t="17" w="6014" /><ent r="7" t="17" w="6014" /><ent r="3" t="45" w="58" /><ent r="3" t="45" w="58" /><ent r="5" t="57" w="122" /></phr><phr n="opportunities"><ent r="6" t="7" w="938" /><ent r="6" t="7" w="938" /><ent r="6" t="7" w="1045" /><ent r="6" t="7" w="1053" /><ent r="6" t="7" w="1062" /><ent r="6" t="7" w="1070" /><ent r="6" t="7" w="1078" /><ent r="8" t="17" w="1484" /><ent r="8" t="17" w="1484" /><ent r="8" t="17" w="1496" /><ent r="8" t="17" w="1508" /><ent r="8" t="17" w="1521" /><ent r="8" t="17" w="1533" /><ent r="8" t="17" w="1547" /><ent r="8" t="17" w="1559" /><ent r="8" t="17" w="1572" /><ent r="8" t="17" w="1585" /><ent r="7" t="17" w="2084" /><ent r="7" t="17" w="2084" /><ent r="7" t="17" w="2096" /><ent r="7" t="17" w="2108" /><ent r="7" t="17" w="2121" /><ent r="7" t="17" w="2133" /><ent r="7" t="17" w="2146" /><ent r="7" t="17" w="2158" /><ent r="7" t="17" w="2171" /><ent r="7" t="17" w="2184" /><ent r="7" t="17" w="2695" /><ent r="7" t="17" w="2695" /><ent r="7" t="17" w="2707" /><ent r="7" t="17" w="2719" /><ent r="7" t="17" w="2732" /><ent r="7" t="17" w="2744" /><ent r="7" t="17" w="2757" /><ent r="7" t="17" w="2769" /><ent r="7" t="17" w="2782" /><ent r="7" t="17" w="2795" /><ent r="7" t="17" w="2882" /><ent r="7" t="17" w="2894" /><ent r="7" t="17" w="2907" /><ent r="7" t="17" w="2919" /><ent r="7" t="17" w="2932" /><ent r="7" t="17" w="2944" /><ent r="7" t="17" w="2957" /><ent r="7" t="17" w="2970" /><ent r="3" t="25" w="62" /><ent r="3" t="39" w="502" /><ent r="3" t="39" w="502" /></phr><phr n="Opportunities"><ent r="6" t="7" w="1050" /><ent r="6" t="7" w="1067" /><ent r="6" t="7" w="1075" /><ent r="6" t="7" w="1083" /><ent r="6" t="7" w="1102" /><ent r="6" t="7" w="1113" /><ent r="6" t="7" w="1124" /><ent r="8" t="17" w="1487" /><ent r="8" t="17" w="1487" /><ent r="7" t="17" w="2087" /><ent r="7" t="17" w="2087" /><ent r="7" t="17" w="2698" /><ent r="7" t="17" w="2698" /><ent r="7" t="17" w="2873" /><ent r="7" t="17" w="2873" /><ent r="8" t="17" w="4616" /><ent r="8" t="17" w="4616" /><ent r="7" t="17" w="4935" /><ent r="7" t="17" w="4935" /><ent r="7" t="17" w="5814" /><ent r="7" t="17" w="5814" /><ent r="7" t="17" w="5830" /><ent r="7" t="17" w="5830" /><ent r="64" t="23" w="141" /><ent r="64" t="23" w="141" /><ent r="4" t="39" w="457" /><ent r="4" t="39" w="457" /><ent r="4" t="39" w="463" /><ent r="4" t="39" w="463" /><ent r="3" t="39" w="493" /><ent r="3" t="39" w="493" /><ent r="1000" t="44" w="1" /><ent r="1000" t="44" w="1" /><ent r="102" t="44" w="4" /><ent r="102" t="44" w="4" /><ent r="3" t="44" w="7" /><ent r="3" t="44" w="7" /><ent r="3" t="44" w="31" /><ent r="3" t="44" w="39" /><ent r="3" t="44" w="39" /><ent r="3" t="59" w="44" /></phr><phr n="Opportunity"><ent r="6" t="7" w="1051" /><ent r="6" t="7" w="1051" /><ent r="6" t="7" w="1068" /><ent r="6" t="7" w="1068" /><ent r="6" t="7" w="1076" /><ent r="6" t="7" w="1076" /><ent r="6" t="7" w="1084" /><ent r="6" t="7" w="1084" /><ent r="7" t="17" w="730" /><ent r="7" t="17" w="730" /><ent r="6" t="17" w="2851" /><ent r="6" t="17" w="2851" /><ent r="7" t="17" w="4605" /><ent r="7" t="17" w="4605" /><ent r="7" t="17" w="4628" /><ent r="7" t="17" w="4628" /><ent r="7" t="17" w="4642" /><ent r="7" t="17" w="4654" /><ent r="7" t="17" w="4654" /><ent r="7" t="17" w="4667" /><ent r="7" t="17" w="4667" /><ent r="7" t="17" w="4680" /><ent r="7" t="17" w="4680" /><ent r="7" t="17" w="4694" /><ent r="7" t="17" w="4694" /><ent r="8" t="17" w="4880" /><ent r="8" t="17" w="4880" /><ent r="7" t="17" w="4893" /><ent r="7" t="17" w="4893" /><ent r="7" t="17" w="4947" /><ent r="7" t="17" w="4947" /><ent r="7" t="17" w="4961" /><ent r="7" t="17" w="4973" /><ent r="7" t="17" w="4973" /><ent r="7" t="17" w="4986" /><ent r="7" t="17" w="4986" /><ent r="7" t="17" w="4999" /><ent r="7" t="17" w="4999" /><ent r="7" t="17" w="5740" /><ent r="7" t="17" w="5740" /><ent r="7" t="17" w="5845" /><ent r="7" t="17" w="5845" /><ent r="7" t="17" w="5858" /><ent r="7" t="17" w="5858" /><ent r="7" t="17" w="5872" /><ent r="7" t="17" w="5872" /><ent r="7" t="17" w="6004" /><ent r="7" t="17" w="6004" /><ent r="4" t="39" w="452" /><ent r="4" t="39" w="452" /><ent r="3" t="44" w="48" /><ent r="3" t="44" w="48" /><ent r="3" t="44" w="57" /><ent r="3" t="44" w="57" /><ent r="4" t="45" w="312" /><ent r="4" t="45" w="312" /><ent r="3" t="48" w="378" /><ent r="3" t="48" w="378" /><ent r="3" t="48" w="386" /><ent r="3" t="48" w="386" /><ent r="4" t="58" w="104" /><ent r="5" t="59" w="123" /><ent r="4" t="64" w="94" /><ent r="4" t="64" w="94" /></phr><phr n="Opportun"><ent r="7" t="17" w="718" /></phr></stem><stem n="talk"><phr n="talk"><ent r="3" t="4" w="231" /><ent r="3" t="4" w="231" /><ent r="4" t="41" w="77" /><ent r="4" t="41" w="77" /></phr></stem><stem n="brows"><phr n="browse"><ent r="3" t="4" w="238" /><ent r="3" t="4" w="238" /></phr><phr n="Browse"><ent r="5" t="14" w="170" /><ent r="5" t="14" w="170" /></phr></stem><stem n="post"><phr n="postings"><ent r="3" t="4" w="239" /></phr><phr n="post"><ent r="3" t="35" w="540" /><ent r="3" t="35" w="540" /></phr><phr n="posted"><ent r="3" t="45" w="274" /><ent r="3" t="45" w="274" /></phr></stem><stem n="ask"><phr n="ask"><ent r="3" t="4" w="240" /><ent r="3" t="4" w="240" /></phr></stem><stem n="question"><phr n="questions"><ent r="3" t="4" w="241" /></phr><phr n="question"><ent r="3" t="81" w="48" /><ent r="3" t="81" w="48" /><ent r="7" t="81" w="147" /><ent r="7" t="81" w="147" /></phr></stem><stem n="much"><phr n="much"><ent r="3" t="4" w="245" /><ent r="3" t="4" w="245" /></phr></stem><stem n="user-to-us"><phr n="user-to-user"><ent r="3" t="4" w="250" /><ent r="3" t="4" w="250" /></phr></stem><stem n="user-to"><phr n="user-to"><ent r="3" t="4" w="250" /></phr></stem><stem n="moder"><phr n="moderated"><ent r="3" t="4" w="257" /><ent r="3" t="4" w="257" /></phr></stem><stem n="analyst"><phr n="Analysts"><ent r="3" t="4" w="263" /></phr></stem><stem n="msdn"><phr n="msdn"><ent r="64" t="4" w="285" /></phr><phr n="MSDN"><ent r="3" t="4" w="290" /><ent r="3" t="4" w="290" /><ent r="3" t="45" w="236" /><ent r="3" t="45" w="236" /></phr></stem><stem n="librari"><phr n="Library"><ent r="3" t="4" w="291" /></phr><phr n="library"><ent r="3" t="24" w="97" /><ent r="3" t="24" w="97" /><ent r="4" t="62" w="50" /><ent r="4" t="62" w="50" /></phr></stem><stem n="effort"><phr n="effort"><ent r="3" t="4" w="301" /><ent r="3" t="4" w="301" /><ent r="3" t="72" w="216" /><ent r="3" t="72" w="216" /></phr></stem><stem n="accuraci"><phr n="accuracy"><ent r="3" t="4" w="308" /><ent r="3" t="4" w="308" /><ent r="3" t="72" w="223" /><ent r="3" t="72" w="223" /></phr></stem><stem n="swiftpag"><phr n="Swiftpage"><ent r="4" t="4" w="313" /><ent r="4" t="4" w="313" /><ent r="4" t="72" w="24" /><ent r="4" t="72" w="24" /><ent r="3" t="72" w="32" /><ent r="3" t="72" w="36" /><ent r="3" t="72" w="36" /><ent r="4" t="72" w="50" /><ent r="4" t="72" w="50" /><ent r="4" t="72" w="150" /><ent r="4" t="72" w="150" /><ent r="4" t="72" w="229" /><ent r="4" t="72" w="229" /><ent r="4" t="72" w="255" /><ent r="4" t="72" w="255" /></phr></stem><stem n="llc"><phr n="LLC"><ent r="4" t="4" w="315" /><ent r="4" t="4" w="315" /><ent r="4" t="72" w="26" /><ent r="4" t="72" w="26" /><ent r="4" t="72" w="52" /><ent r="4" t="72" w="52" /><ent r="4" t="72" w="152" /><ent r="4" t="72" w="152" /><ent r="4" t="72" w="231" /><ent r="4" t="72" w="231" /><ent r="4" t="72" w="257" /><ent r="4" t="72" w="257" /></phr></stem><stem n="reserv"><phr n="reserves"><ent r="3" t="4" w="317" /><ent r="3" t="4" w="317" /></phr><phr n="Reserved"><ent r="3" t="72" w="31" /></phr></stem><stem n="right"><phr n="right"><ent r="3" t="4" w="319" /><ent r="3" t="4" w="319" /></phr><phr n="Rights"><ent r="3" t="72" w="30" /><ent r="3" t="72" w="30" /></phr></stem><stem n="singl"><phr n="single"><ent r="3" t="4" w="323" /><ent r="3" t="4" w="323" /><ent r="3" t="49" w="44" /><ent r="3" t="49" w="44" /><ent r="6" t="75" w="92" /><ent r="6" t="75" w="92" /><ent r="7" t="81" w="71" /><ent r="7" t="81" w="71" /></phr><phr n="Single"><ent r="6" t="75" w="264" /><ent r="6" t="75" w="264" /></phr></stem><stem n="condit"><phr n="conditions"><ent r="3" t="4" w="330" /><ent r="3" t="4" w="330" /></phr><phr n="condition"><ent r="6" t="75" w="43" /></phr></stem><stem n="price"><phr n="pricing"><ent r="3" t="4" w="336" /><ent r="3" t="4" w="336" /></phr></stem><stem n="without"><phr n="without"><ent r="3" t="4" w="340" /><ent r="3" t="4" w="340" /><ent r="3" t="24" w="23" /><ent r="3" t="24" w="23" /><ent r="3" t="38" w="333" /><ent r="3" t="38" w="333" /><ent r="3" t="39" w="254" /><ent r="3" t="39" w="254" /><ent r="4" t="41" w="90" /><ent r="4" t="41" w="90" /><ent r="3" t="72" w="143" /><ent r="3" t="72" w="143" /><ent r="3" t="72" w="296" /><ent r="3" t="72" w="296" /><ent r="7" t="79" w="132" /><ent r="7" t="79" w="132" /></phr></stem><stem n="notic"><phr n="notice"><ent r="3" t="4" w="341" /><ent r="3" t="72" w="297" /></phr><phr n="Notice"><ent r="1000" t="72" w="4" /><ent r="1000" t="72" w="4" /><ent r="102" t="72" w="9" /><ent r="102" t="72" w="9" /></phr></stem><stem n="clearli"><phr n="clearly"><ent r="3" t="5" w="11" /><ent r="3" t="5" w="11" /></phr></stem><stem n="typograph"><phr n="Typographic"><ent r="4" t="5" w="19" /><ent r="4" t="5" w="19" /></phr></stem><stem n="standard"><phr n="Standard"><ent r="4" t="5" w="22" /><ent r="4" t="5" w="22" /><ent r="5" t="14" w="108" /><ent r="5" t="14" w="108" /><ent r="3" t="49" w="118" /><ent r="3" t="49" w="118" /></phr><phr n="standard"><ent r="3" t="14" w="258" /><ent r="3" t="14" w="258" /><ent r="3" t="35" w="63" /><ent r="3" t="35" w="63" /><ent r="3" t="45" w="235" /><ent r="3" t="45" w="235" /></phr></stem><stem n="paramet"><phr n="parameter"><ent r="4" t="5" w="26" /><ent r="4" t="5" w="26" /><ent r="6" t="5" w="178" /><ent r="6" t="5" w="178" /><ent r="6" t="5" w="183" /><ent r="6" t="5" w="183" /><ent r="3" t="27" w="224" /><ent r="3" t="27" w="224" /><ent r="3" t="27" w="281" /><ent r="3" t="27" w="281" /><ent r="3" t="27" w="351" /><ent r="3" t="27" w="351" /><ent r="3" t="28" w="243" /><ent r="3" t="28" w="243" /><ent r="3" t="33" w="35" /><ent r="3" t="33" w="35" /><ent r="4" t="52" w="77" /><ent r="4" t="52" w="96" /><ent r="4" t="55" w="85" /><ent r="4" t="61" w="170" /><ent r="4" t="61" w="170" /><ent r="4" t="63" w="129" /><ent r="4" t="63" w="129" /></phr><phr n="parameters"><ent r="6" t="5" w="154" /><ent r="6" t="5" w="154" /><ent r="3" t="65" w="434" /><ent r="3" t="65" w="434" /></phr><phr n="Parameters"><ent r="4" t="64" w="227" /><ent r="4" t="64" w="227" /><ent r="4" t="65" w="229" /><ent r="4" t="65" w="229" /></phr></stem><stem n="monospac"><phr n="Monospace"><ent r="6" t="5" w="35" /><ent r="6" t="5" w="35" /></phr></stem><stem n="input"><phr n="input"><ent r="6" t="5" w="42" /><ent r="6" t="5" w="42" /><ent r="6" t="5" w="124" /><ent r="6" t="5" w="176" /></phr></stem><stem n="line"><phr n="line"><ent r="6" t="5" w="46" /><ent r="6" t="5" w="127" /><ent r="6" t="5" w="175" /><ent r="4" t="67" w="107" /><ent r="4" t="67" w="107" /><ent r="4" t="67" w="126" /><ent r="4" t="67" w="126" /></phr><phr n="lines"><ent r="6" t="5" w="50" /><ent r="6" t="5" w="50" /></phr></stem><stem n="output"><phr n="output"><ent r="6" t="5" w="48" /></phr></stem><stem n="embed"><phr n="embedded"><ent r="6" t="5" w="51" /><ent r="6" t="5" w="51" /></phr></stem></index>