<?xml version="1.0" encoding="utf-8"?><index><stem n="util"><phr n="utilize"><ent r="3" t="14" w="27" /></phr><phr n="utilizes"><ent r="3" t="38" w="262" /><ent r="3" t="38" w="262" /><ent r="3" t="49" w="189" /><ent r="3" t="49" w="189" /></phr></stem><stem n="five"><phr n="five"><ent r="3" t="14" w="32" /><ent r="3" t="14" w="32" /></phr></stem><stem n="administr"><phr n="Administrator"><ent r="5" t="14" w="35" /><ent r="5" t="14" w="35" /><ent r="4" t="52" w="179" /><ent r="4" t="53" w="122" /><ent r="4" t="54" w="109" /><ent r="4" t="55" w="145" /><ent r="4" t="56" w="128" /><ent r="4" t="56" w="195" /><ent r="5" t="57" w="102" /><ent r="4" t="58" w="84" /><ent r="5" t="59" w="103" /></phr><phr n="administrator"><ent r="5" t="14" w="63" /><ent r="5" t="14" w="63" /><ent r="3" t="49" w="104" /><ent r="3" t="49" w="104" /></phr><phr n="Administrators"><ent r="3" t="36" w="42" /><ent r="3" t="36" w="42" /></phr></stem><stem n="assign"><phr n="assigned"><ent r="5" t="14" w="43" /><ent r="3" t="14" w="208" /><ent r="3" t="14" w="208" /><ent r="3" t="15" w="92" /><ent r="3" t="15" w="92" /></phr><phr n="assign"><ent r="5" t="54" w="179" /><ent r="5" t="54" w="179" /></phr></stem><stem n="mainten"><phr n="maintenance"><ent r="5" t="14" w="74" /><ent r="5" t="14" w="74" /><ent r="3" t="15" w="103" /></phr><phr n="Maintenance"><ent r="7" t="17" w="6059" /><ent r="7" t="17" w="6059" /></phr></stem><stem n="second"><phr n="second"><ent r="5" t="14" w="85" /><ent r="5" t="14" w="85" /><ent r="7" t="79" w="134" /><ent r="7" t="79" w="134" /></phr><phr n="Second"><ent r="5" t="57" w="149" /><ent r="5" t="57" w="149" /></phr></stem><stem n="wide"><phr n="wide"><ent r="5" t="14" w="98" /><ent r="5" t="14" w="98" /></phr></stem><stem n="own"><phr n="own"><ent r="5" t="14" w="128" /><ent r="5" t="14" w="128" /><ent r="3" t="26" w="44" /><ent r="3" t="26" w="44" /><ent r="3" t="26" w="161" /><ent r="3" t="26" w="161" /><ent r="3" t="28" w="277" /><ent r="3" t="28" w="277" /><ent r="3" t="34" w="81" /><ent r="3" t="34" w="81" /><ent r="3" t="37" w="52" /><ent r="3" t="37" w="52" /><ent r="3" t="49" w="144" /><ent r="3" t="49" w="144" /></phr></stem><stem n="default"><phr n="default"><ent r="5" t="14" w="141" /><ent r="5" t="14" w="141" /><ent r="3" t="15" w="148" /><ent r="3" t="15" w="148" /><ent r="4" t="15" w="257" /><ent r="4" t="15" w="257" /><ent r="4" t="15" w="278" /><ent r="4" t="15" w="278" /><ent r="4" t="15" w="304" /><ent r="4" t="15" w="304" /><ent r="4" t="15" w="343" /><ent r="4" t="15" w="343" /><ent r="4" t="15" w="552" /><ent r="4" t="15" w="552" /><ent r="3" t="16" w="67" /><ent r="3" t="16" w="67" /><ent r="3" t="16" w="115" /><ent r="3" t="16" w="115" /><ent r="3" t="16" w="128" /><ent r="3" t="16" w="128" /><ent r="3" t="17" w="24" /><ent r="3" t="17" w="24" /><ent r="3" t="29" w="393" /><ent r="3" t="29" w="393" /><ent r="3" t="29" w="453" /><ent r="3" t="29" w="453" /><ent r="3" t="39" w="354" /><ent r="3" t="39" w="354" /><ent r="3" t="64" w="168" /><ent r="3" t="64" w="168" /><ent r="3" t="65" w="320" /><ent r="3" t="65" w="320" /><ent r="4" t="77" w="50" /><ent r="4" t="77" w="50" /><ent r="4" t="77" w="144" /><ent r="4" t="77" w="144" /><ent r="4" t="78" w="26" /><ent r="4" t="78" w="26" /><ent r="4" t="78" w="51" /><ent r="4" t="78" w="51" /></phr><phr n="Default"><ent r="3" t="65" w="145" /><ent r="3" t="65" w="145" /></phr></stem><stem n="restrict"><phr n="Restricted"><ent r="5" t="14" w="146" /><ent r="5" t="14" w="146" /></phr><phr n="restricted"><ent r="3" t="14" w="280" /><ent r="3" t="14" w="280" /><ent r="4" t="78" w="42" /><ent r="4" t="78" w="42" /></phr><phr n="restriction"><ent r="3" t="76" w="52" /><ent r="3" t="76" w="52" /></phr></stem><stem n="browser"><phr n="Browser"><ent r="5" t="14" w="190" /><ent r="5" t="14" w="190" /></phr></stem><stem n="given"><phr n="given"><ent r="3" t="14" w="214" /><ent r="3" t="14" w="214" /><ent r="3" t="14" w="262" /><ent r="3" t="14" w="262" /><ent r="3" t="52" w="22" /><ent r="3" t="52" w="22" /><ent r="3" t="52" w="119" /><ent r="3" t="52" w="119" /><ent r="3" t="56" w="56" /><ent r="3" t="56" w="56" /><ent r="3" t="56" w="160" /><ent r="3" t="56" w="160" /><ent r="3" t="58" w="26" /><ent r="3" t="58" w="26" /><ent r="3" t="58" w="42" /><ent r="3" t="58" w="42" /><ent r="4" t="59" w="61" /><ent r="4" t="59" w="61" /><ent r="3" t="64" w="126" /><ent r="3" t="64" w="126" /><ent r="4" t="77" w="90" /><ent r="4" t="77" w="90" /></phr></stem><stem n="pre-defin"><phr n="pre-defined"><ent r="3" t="14" w="243" /><ent r="3" t="14" w="243" /><ent r="3" t="24" w="388" /><ent r="3" t="24" w="388" /><ent r="3" t="45" w="142" /></phr></stem><stem n="pre"><phr n="pre"><ent r="3" t="14" w="243" /><ent r="3" t="24" w="388" /><ent r="3" t="45" w="142" /><ent r="3" t="65" w="255" /></phr><phr n="Pre"><ent r="7" t="17" w="6549" /></phr></stem><stem n="detail"><phr n="detailed"><ent r="3" t="14" w="296" /><ent r="3" t="14" w="296" /><ent r="4" t="25" w="407" /><ent r="4" t="25" w="407" /><ent r="3" t="25" w="438" /><ent r="3" t="25" w="438" /><ent r="3" t="36" w="184" /><ent r="3" t="36" w="184" /><ent r="3" t="39" w="12" /><ent r="3" t="39" w="12" /><ent r="3" t="40" w="136" /><ent r="3" t="40" w="136" /><ent r="3" t="42" w="29" /><ent r="3" t="42" w="29" /><ent r="3" t="45" w="119" /><ent r="3" t="45" w="119" /><ent r="3" t="45" w="253" /><ent r="3" t="45" w="253" /><ent r="3" t="48" w="14" /><ent r="3" t="48" w="14" /><ent r="4" t="57" w="46" /><ent r="4" t="57" w="46" /></phr><phr n="details"><ent r="3" t="23" w="16" /><ent r="3" t="23" w="16" /><ent r="102" t="59" w="19" /><ent r="102" t="59" w="19" /><ent r="5" t="59" w="159" /></phr><phr n="detail"><ent r="4" t="41" w="69" /><ent r="4" t="41" w="69" /><ent r="4" t="64" w="71" /><ent r="4" t="64" w="71" /><ent r="4" t="64" w="81" /><ent r="4" t="64" w="81" /><ent r="4" t="64" w="88" /><ent r="4" t="64" w="88" /><ent r="3" t="64" w="143" /></phr><phr n="Details"><ent r="5" t="57" w="145" /><ent r="5" t="57" w="147" /></phr><phr n="Detail"><ent r="3" t="69" w="30" /><ent r="3" t="69" w="30" /></phr></stem><stem n="solut"><phr n="solutions"><ent r="3" t="15" w="51" /><ent r="3" t="15" w="51" /><ent r="3" t="15" w="58" /><ent r="3" t="15" w="58" /><ent r="4" t="15" w="255" /></phr><phr n="solution"><ent r="4" t="69" w="119" /><ent r="4" t="69" w="119" /><ent r="3" t="69" w="293" /><ent r="3" t="69" w="293" /><ent r="4" t="69" w="374" /><ent r="4" t="69" w="374" /></phr></stem><stem n="root"><phr n="Root"><ent r="3" t="15" w="78" /><ent r="3" t="15" w="78" /></phr><phr n="root"><ent r="4" t="61" w="202" /><ent r="4" t="61" w="202" /><ent r="4" t="63" w="167" /><ent r="4" t="63" w="167" /><ent r="4" t="63" w="252" /><ent r="4" t="63" w="252" /></phr></stem><stem n="move"><phr n="moved"><ent r="3" t="15" w="86" /><ent r="3" t="15" w="86" /><ent r="4" t="77" w="106" /><ent r="4" t="77" w="106" /><ent r="4" t="78" w="62" /><ent r="4" t="78" w="62" /><ent r="4" t="78" w="77" /><ent r="4" t="78" w="77" /></phr><phr n="move"><ent r="3" t="16" w="106" /><ent r="3" t="16" w="106" /><ent r="7" t="17" w="199" /><ent r="7" t="17" w="199" /><ent r="8" t="17" w="3995" /><ent r="8" t="17" w="3995" /><ent r="7" t="17" w="4442" /><ent r="7" t="17" w="4442" /><ent r="4" t="18" w="87" /><ent r="4" t="18" w="87" /></phr><phr n="Move"><ent r="7" t="17" w="155" /><ent r="7" t="17" w="155" /><ent r="7" t="17" w="171" /><ent r="7" t="17" w="171" /><ent r="7" t="17" w="187" /><ent r="7" t="17" w="187" /><ent r="7" t="17" w="203" /><ent r="7" t="17" w="203" /><ent r="8" t="17" w="3985" /><ent r="8" t="17" w="3985" /><ent r="7" t="17" w="4431" /><ent r="7" t="17" w="4431" /><ent r="7" t="17" w="6177" /><ent r="7" t="17" w="6177" /></phr><phr n="moves"><ent r="3" t="19" w="85" /><ent r="3" t="19" w="85" /><ent r="3" t="20" w="62" /><ent r="3" t="20" w="62" /></phr></stem><stem n="them"><phr n="them"><ent r="3" t="15" w="99" /><ent r="3" t="15" w="99" /><ent r="4" t="18" w="83" /><ent r="4" t="18" w="83" /><ent r="3" t="25" w="21" /><ent r="3" t="25" w="21" /><ent r="3" t="27" w="685" /><ent r="3" t="37" w="133" /><ent r="3" t="37" w="133" /><ent r="3" t="39" w="550" /><ent r="3" t="39" w="550" /><ent r="3" t="43" w="41" /><ent r="3" t="43" w="41" /><ent r="3" t="53" w="22" /><ent r="3" t="53" w="22" /><ent r="3" t="61" w="78" /><ent r="3" t="61" w="78" /><ent r="3" t="63" w="42" /><ent r="3" t="63" w="42" /><ent r="4" t="69" w="197" /><ent r="4" t="69" w="197" /><ent r="4" t="78" w="45" /></phr></stem><stem n="directli"><phr n="directly"><ent r="3" t="15" w="126" /><ent r="3" t="15" w="126" /><ent r="6" t="18" w="237" /><ent r="6" t="18" w="237" /><ent r="3" t="22" w="42" /><ent r="3" t="22" w="42" /><ent r="3" t="35" w="184" /><ent r="3" t="35" w="184" /><ent r="3" t="39" w="16" /><ent r="3" t="39" w="16" /><ent r="3" t="43" w="35" /><ent r="3" t="43" w="35" /><ent r="3" t="48" w="18" /><ent r="3" t="48" w="18" /></phr></stem><stem n="quickli"><phr n="quickly"><ent r="3" t="15" w="165" /><ent r="3" t="15" w="165" /><ent r="3" t="18" w="33" /><ent r="3" t="18" w="33" /><ent r="4" t="19" w="159" /><ent r="4" t="19" w="159" /><ent r="4" t="20" w="122" /><ent r="4" t="20" w="122" /><ent r="4" t="21" w="89" /><ent r="4" t="21" w="89" /></phr></stem><stem n="miss"><phr n="missing"><ent r="3" t="15" w="185" /></phr></stem><stem n="verifi"><phr n="verify"><ent r="3" t="15" w="188" /><ent r="3" t="15" w="188" /></phr><phr n="verifies"><ent r="3" t="50" w="202" /><ent r="3" t="50" w="202" /></phr></stem><stem n="person"><phr n="personal"><ent r="3" t="15" w="227" /><ent r="3" t="15" w="318" /><ent r="3" t="15" w="318" /><ent r="3" t="15" w="356" /><ent r="3" t="15" w="543" /><ent r="3" t="15" w="543" /><ent r="3" t="15" w="580" /><ent r="3" t="15" w="580" /><ent r="3" t="15" w="622" /><ent r="3" t="15" w="622" /><ent r="4" t="15" w="661" /><ent r="64" t="16" w="28" /><ent r="64" t="16" w="28" /><ent r="4" t="16" w="71" /><ent r="4" t="16" w="71" /><ent r="3" t="16" w="107" /><ent r="3" t="16" w="107" /><ent r="4" t="77" w="67" /><ent r="4" t="77" w="67" /><ent r="100" t="78" w="7" /><ent r="100" t="78" w="7" /><ent r="4" t="78" w="154" /><ent r="4" t="78" w="154" /></phr><phr n="Personal"><ent r="7" t="17" w="268" /><ent r="7" t="17" w="268" /><ent r="7" t="17" w="304" /><ent r="7" t="17" w="304" /><ent r="1000" t="78" w="1" /><ent r="1000" t="78" w="1" /><ent r="102" t="78" w="9" /><ent r="102" t="78" w="9" /><ent r="3" t="78" w="13" /><ent r="3" t="78" w="13" /><ent r="3" t="78" w="160" /><ent r="3" t="78" w="160" /></phr><phr n="PERSON"><ent r="3" t="72" w="206" /></phr></stem><stem n="templat"><phr n="Templates"><ent r="4" t="15" w="271" /><ent r="4" t="15" w="271" /><ent r="4" t="15" w="275" /><ent r="4" t="15" w="275" /><ent r="4" t="15" w="620" /><ent r="4" t="15" w="620" /><ent r="4" t="15" w="627" /><ent r="4" t="15" w="627" /><ent r="5" t="15" w="757" /><ent r="5" t="15" w="757" /><ent r="4" t="15" w="760" /><ent r="4" t="15" w="760" /><ent r="7" t="17" w="5214" /></phr><phr n="templates"><ent r="4" t="15" w="279" /><ent r="4" t="15" w="279" /><ent r="4" t="15" w="588" /><ent r="4" t="15" w="588" /><ent r="4" t="15" w="607" /><ent r="4" t="15" w="607" /><ent r="4" t="15" w="639" /><ent r="4" t="15" w="639" /><ent r="4" t="15" w="763" /><ent r="4" t="15" w="763" /><ent r="4" t="15" w="782" /><ent r="4" t="15" w="782" /><ent r="4" t="77" w="164" /><ent r="4" t="78" w="170" /></phr><phr n="template"><ent r="3" t="16" w="149" /><ent r="3" t="16" w="149" /><ent r="5" t="16" w="159" /><ent r="5" t="16" w="159" /><ent r="6" t="16" w="180" /><ent r="6" t="16" w="180" /><ent r="6" t="16" w="185" /><ent r="6" t="16" w="185" /><ent r="6" t="16" w="190" /><ent r="6" t="16" w="190" /><ent r="6" t="16" w="219" /><ent r="6" t="16" w="219" /><ent r="7" t="17" w="5305" /><ent r="7" t="17" w="5355" /><ent r="7" t="17" w="5394" /><ent r="3" t="34" w="51" /><ent r="3" t="34" w="51" /><ent r="3" t="34" w="295" /><ent r="3" t="34" w="295" /><ent r="4" t="77" w="51" /><ent r="4" t="77" w="51" /></phr><phr n="Template"><ent r="7" t="17" w="5384" /><ent r="7" t="17" w="5384" /><ent r="7" t="17" w="5398" /><ent r="7" t="17" w="5398" /><ent r="7" t="17" w="5888" /><ent r="7" t="17" w="5900" /></phr></stem><stem n="widow"><phr n="Widows"><ent r="4" t="15" w="313" /></phr></stem><stem n="netlink"><phr n="Netlinks"><ent r="4" t="15" w="336" /><ent r="4" t="15" w="336" /><ent r="4" t="15" w="339" /><ent r="4" t="15" w="339" /></phr></stem><stem n="internet"><phr n="Internet"><ent r="4" t="15" w="346" /><ent r="4" t="15" w="346" /></phr><phr n="internet"><ent r="7" t="17" w="952" /><ent r="7" t="17" w="965" /><ent r="7" t="17" w="6964" /><ent r="3" t="69" w="50" /></phr></stem><stem n="spell"><phr n="Spell"><ent r="4" t="15" w="354" /><ent r="4" t="15" w="354" /><ent r="4" t="15" w="359" /><ent r="4" t="15" w="359" /></phr><phr n="spelling"><ent r="4" t="15" w="362" /><ent r="4" t="15" w="362" /><ent r="7" t="17" w="5941" /><ent r="7" t="17" w="5941" /><ent r="4" t="78" w="178" /><ent r="4" t="78" w="178" /></phr></stem><stem n="checker"><phr n="checker"><ent r="4" t="15" w="363" /><ent r="4" t="15" w="363" /><ent r="4" t="78" w="179" /><ent r="4" t="78" w="179" /></phr></stem><stem n="dictionari"><phr n="dictionaries"><ent r="4" t="15" w="364" /><ent r="4" t="78" w="180" /></phr></stem><stem n="backup"><phr n="Backup"><ent r="6" t="15" w="366" /><ent r="6" t="15" w="366" /><ent r="4" t="15" w="369" /><ent r="4" t="15" w="369" /><ent r="5" t="15" w="684" /><ent r="5" t="15" w="684" /><ent r="4" t="15" w="687" /><ent r="4" t="15" w="687" /><ent r="7" t="17" w="245" /></phr><phr n="backup"><ent r="4" t="15" w="372" /><ent r="4" t="15" w="372" /><ent r="4" t="15" w="690" /><ent r="4" t="15" w="690" /><ent r="7" t="17" w="254" /><ent r="7" t="17" w="254" /><ent r="7" t="17" w="265" /><ent r="7" t="17" w="278" /><ent r="4" t="78" w="125" /></phr></stem><stem n="copi"><phr n="copies"><ent r="4" t="15" w="373" /><ent r="4" t="15" w="373" /><ent r="4" t="15" w="691" /><ent r="4" t="15" w="691" /></phr><phr n="Copy"><ent r="7" t="17" w="143" /><ent r="7" t="17" w="143" /><ent r="7" t="17" w="440" /><ent r="7" t="17" w="440" /><ent r="7" t="17" w="6176" /></phr><phr n="copy"><ent r="7" t="17" w="449" /><ent r="7" t="17" w="449" /><ent r="4" t="61" w="363" /><ent r="4" t="61" w="363" /><ent r="4" t="63" w="227" /><ent r="4" t="63" w="227" /><ent r="4" t="63" w="242" /><ent r="4" t="63" w="242" /><ent r="4" t="67" w="190" /><ent r="4" t="67" w="190" /><ent r="4" t="68" w="194" /><ent r="4" t="68" w="194" /><ent r="4" t="69" w="137" /><ent r="4" t="69" w="137" /><ent r="4" t="69" w="196" /><ent r="4" t="69" w="196" /><ent r="4" t="69" w="367" /><ent r="4" t="69" w="367" /><ent r="4" t="77" w="71" /><ent r="4" t="77" w="71" /></phr><phr n="copied"><ent r="3" t="72" w="129" /><ent r="4" t="77" w="63" /><ent r="4" t="77" w="63" /><ent r="4" t="77" w="81" /><ent r="4" t="78" w="89" /><ent r="4" t="78" w="89" /><ent r="4" t="78" w="112" /><ent r="4" t="78" w="112" /></phr></stem><stem n="fax"><phr n="fax"><ent r="4" t="15" w="529" /><ent r="4" t="15" w="529" /><ent r="4" t="15" w="645" /><ent r="4" t="15" w="645" /><ent r="4" t="15" w="706" /><ent r="4" t="15" w="706" /></phr><phr n="Fax"><ent r="7" t="17" w="5339" /><ent r="7" t="17" w="5339" /></phr></stem><stem n="cover"><phr n="cover"><ent r="4" t="15" w="530" /><ent r="4" t="15" w="530" /><ent r="4" t="15" w="646" /><ent r="4" t="15" w="646" /><ent r="4" t="15" w="707" /><ent r="4" t="15" w="707" /></phr><phr n="Cover"><ent r="7" t="17" w="5340" /><ent r="7" t="17" w="5340" /></phr><phr n="covered"><ent r="92" t="23" w="127" /><ent r="92" t="23" w="127" /></phr></stem><stem n="page"><phr n="pages"><ent r="4" t="15" w="531" /><ent r="4" t="15" w="647" /><ent r="4" t="15" w="708" /><ent r="3" t="61" w="412" /><ent r="3" t="61" w="412" /><ent r="3" t="63" w="257" /><ent r="3" t="63" w="257" /></phr><phr n="Page"><ent r="7" t="17" w="5341" /><ent r="7" t="17" w="5341" /><ent r="3" t="61" w="389" /><ent r="3" t="61" w="389" /><ent r="3" t="61" w="440" /><ent r="3" t="61" w="440" /><ent r="3" t="61" w="477" /><ent r="3" t="61" w="477" /><ent r="3" t="63" w="264" /><ent r="3" t="63" w="264" /></phr><phr n="page"><ent r="4" t="61" w="164" /><ent r="4" t="61" w="178" /><ent r="4" t="61" w="198" /><ent r="4" t="61" w="198" /><ent r="4" t="61" w="337" /><ent r="4" t="61" w="337" /><ent r="3" t="61" w="382" /><ent r="3" t="61" w="382" /><ent r="4" t="61" w="432" /><ent r="4" t="61" w="432" /><ent r="4" t="61" w="464" /><ent r="4" t="63" w="123" /><ent r="4" t="63" w="137" /><ent r="4" t="63" w="163" /><ent r="4" t="63" w="163" /><ent r="4" t="63" w="210" /><ent r="4" t="63" w="212" /><ent r="4" t="63" w="212" /><ent r="4" t="65" w="552" /><ent r="4" t="65" w="552" /><ent r="4" t="69" w="336" /><ent r="4" t="69" w="336" /><ent r="4" t="69" w="357" /><ent r="4" t="69" w="357" /><ent r="4" t="69" w="371" /><ent r="4" t="69" w="371" /></phr></stem><stem n="word-process"><phr n="word-processing"><ent r="4" t="15" w="537" /><ent r="4" t="15" w="537" /><ent r="4" t="15" w="674" /><ent r="4" t="15" w="674" /><ent r="4" t="15" w="714" /><ent r="4" t="15" w="714" /><ent r="6" t="16" w="166" /><ent r="6" t="16" w="166" /><ent r="6" t="16" w="173" /><ent r="6" t="16" w="173" /><ent r="4" t="77" w="162" /><ent r="4" t="77" w="162" /><ent r="4" t="78" w="168" /><ent r="4" t="78" w="168" /><ent r="3" t="78" w="199" /><ent r="3" t="78" w="199" /></phr></stem><stem n="process"><phr n="processing"><ent r="4" t="15" w="538" /><ent r="4" t="15" w="675" /><ent r="4" t="15" w="715" /><ent r="6" t="16" w="167" /><ent r="6" t="16" w="174" /><ent r="4" t="77" w="163" /><ent r="4" t="78" w="169" /><ent r="3" t="78" w="200" /></phr><phr n="Process"><ent r="7" t="17" w="4921" /><ent r="7" t="17" w="4921" /></phr><phr n="process"><ent r="3" t="38" w="18" /><ent r="3" t="38" w="18" /><ent r="3" t="50" w="375" /><ent r="3" t="50" w="375" /><ent r="7" t="79" w="115" /><ent r="7" t="79" w="115" /><ent r="7" t="79" w="125" /><ent r="7" t="79" w="139" /><ent r="7" t="79" w="139" /><ent r="7" t="79" w="150" /></phr><phr n="processes"><ent r="3" t="49" w="203" /><ent r="3" t="49" w="203" /></phr><phr n="processed"><ent r="3" t="50" w="105" /><ent r="3" t="50" w="105" /></phr></stem><stem n="altern"><phr n="alternate"><ent r="4" t="15" w="554" /><ent r="4" t="15" w="554" /></phr></stem><stem n="label"><phr n="labels"><ent r="4" t="15" w="597" /><ent r="4" t="15" w="597" /><ent r="4" t="15" w="772" /><ent r="4" t="15" w="772" /></phr><phr n="label"><ent r="4" t="15" w="604" /><ent r="4" t="15" w="604" /><ent r="4" t="15" w="779" /><ent r="4" t="15" w="779" /><ent r="4" t="67" w="105" /><ent r="4" t="67" w="105" /></phr><phr n="Label"><ent r="6" t="16" w="189" /><ent r="6" t="16" w="189" /></phr></stem><stem n="envelop"><phr n="envelopes"><ent r="4" t="15" w="599" /><ent r="4" t="15" w="774" /></phr><phr n="envelope"><ent r="4" t="15" w="606" /><ent r="4" t="15" w="606" /><ent r="4" t="15" w="781" /><ent r="4" t="15" w="781" /></phr><phr n="Envelope"><ent r="6" t="16" w="184" /><ent r="6" t="16" w="184" /></phr></stem><stem n="within"><phr n="within"><ent r="4" t="15" w="610" /><ent r="4" t="15" w="610" /><ent r="4" t="15" w="785" /><ent r="4" t="15" w="785" /><ent r="3" t="24" w="155" /><ent r="3" t="24" w="155" /><ent r="3" t="39" w="551" /><ent r="3" t="39" w="551" /><ent r="3" t="39" w="604" /><ent r="3" t="39" w="604" /></phr><phr n="Within"><ent r="4" t="82" w="56" /><ent r="4" t="82" w="56" /><ent r="5" t="82" w="226" /><ent r="5" t="82" w="226" /></phr></stem><stem n="varieti"><phr n="variety"><ent r="4" t="15" w="612" /><ent r="4" t="15" w="612" /><ent r="4" t="15" w="787" /><ent r="4" t="15" w="787" /></phr></stem><stem n="u"><phr n="U"><ent r="4" t="15" w="614" /><ent r="4" t="15" w="789" /><ent r="7" t="17" w="413" /><ent r="6" t="17" w="6781" /></phr></stem><stem n="processor"><phr n="processor"><ent r="4" t="15" w="635" /><ent r="4" t="15" w="635" /></phr></stem><stem n="form"><phr n="forms"><ent r="4" t="15" w="649" /><ent r="3" t="35" w="66" /><ent r="3" t="35" w="66" /><ent r="3" t="35" w="227" /><ent r="3" t="35" w="227" /></phr><phr n="Forms"><ent r="3" t="35" w="80" /><ent r="3" t="35" w="80" /><ent r="3" t="35" w="141" /><ent r="3" t="35" w="141" /></phr><phr n="form"><ent r="3" t="35" w="127" /><ent r="3" t="35" w="127" /><ent r="3" t="35" w="577" /><ent r="4" t="61" w="347" /><ent r="4" t="61" w="347" /><ent r="4" t="61" w="452" /><ent r="4" t="61" w="452" /><ent r="3" t="72" w="142" /><ent r="3" t="72" w="142" /></phr></stem><stem n="two"><phr n="two"><ent r="3" t="16" w="16" /><ent r="3" t="16" w="16" /><ent r="3" t="25" w="152" /><ent r="3" t="25" w="152" /><ent r="3" t="25" w="197" /><ent r="3" t="25" w="197" /><ent r="92" t="25" w="224" /><ent r="92" t="25" w="224" /><ent r="3" t="25" w="263" /><ent r="3" t="25" w="263" /><ent r="3" t="25" w="355" /><ent r="3" t="25" w="355" /><ent r="4" t="25" w="374" /><ent r="4" t="25" w="374" /><ent r="3" t="50" w="132" /><ent r="3" t="50" w="132" /><ent r="65" t="51" w="36" /><ent r="65" t="51" w="36" /><ent r="3" t="56" w="43" /><ent r="3" t="56" w="43" /><ent r="3" t="56" w="57" /><ent r="3" t="56" w="57" /><ent r="3" t="56" w="164" /><ent r="3" t="56" w="164" /><ent r="1000" t="57" w="5" /><ent r="1000" t="57" w="5" /><ent r="102" t="57" w="12" /><ent r="102" t="57" w="12" /><ent r="3" t="57" w="22" /><ent r="3" t="57" w="22" /><ent r="4" t="57" w="66" /><ent r="4" t="57" w="66" /></phr><phr n="Two"><ent r="4" t="57" w="42" /><ent r="4" t="57" w="42" /></phr></stem><stem n="while"><phr n="while"><ent r="3" t="16" w="52" /><ent r="3" t="16" w="52" /><ent r="4" t="77" w="29" /><ent r="4" t="77" w="29" /></phr></stem><stem n="regardless"><phr n="regardless"><ent r="3" t="16" w="95" /><ent r="3" t="16" w="95" /><ent r="3" t="24" w="257" /><ent r="3" t="24" w="257" /></phr></stem><stem n="wpa"><phr n="wpa"><ent r="6" t="16" w="170" /><ent r="6" t="16" w="170" /></phr></stem><stem n="adt"><phr n="adt"><ent r="6" t="16" w="177" /><ent r="6" t="16" w="177" /></phr></stem><stem n="tpl"><phr n="tpl"><ent r="6" t="16" w="182" /><ent r="6" t="16" w="182" /></phr></stem><stem n="env"><phr n="env"><ent r="6" t="16" w="187" /><ent r="6" t="16" w="187" /></phr></stem><stem n="lbl"><phr n="lbl"><ent r="6" t="16" w="192" /><ent r="6" t="16" w="192" /></phr></stem><stem n="ali"><phr n="aly"><ent r="6" t="16" w="197" /><ent r="6" t="16" w="197" /></phr></stem><stem n="cly"><phr n="cly"><ent r="6" t="16" w="202" /><ent r="6" t="16" w="202" /></phr></stem><stem n="gly"><phr n="gly"><ent r="6" t="16" w="207" /><ent r="6" t="16" w="207" /></phr></stem><stem n="qry"><phr n="qry"><ent r="6" t="16" w="211" /><ent r="6" t="16" w="211" /></phr></stem><stem n="rpt"><phr n="rpt"><ent r="6" t="16" w="216" /><ent r="6" t="16" w="216" /></phr></stem><stem n="rep"><phr n="rep"><ent r="6" t="16" w="221" /><ent r="6" t="16" w="221" /></phr><phr n="Rep"><ent r="7" t="17" w="6884" /><ent r="7" t="17" w="6884" /></phr></stem><stem n="screen"><phr n="screen"><ent r="3" t="17" w="38" /></phr></stem><stem n="blue"><phr n="Blue"><ent r="3" t="17" w="40" /><ent r="3" t="17" w="40" /></phr></stem><stem n="shade"><phr n="shading"><ent r="3" t="17" w="41" /><ent r="3" t="17" w="41" /><ent r="3" t="17" w="57" /><ent r="3" t="17" w="57" /></phr></stem><stem n="green"><phr n="Green"><ent r="3" t="17" w="56" /><ent r="3" t="17" w="56" /></phr></stem><stem n="premium"><phr n="Premium"><ent r="4" t="17" w="67" /><ent r="4" t="17" w="67" /><ent r="4" t="18" w="27" /><ent r="4" t="18" w="27" /><ent r="93" t="36" w="134" /><ent r="93" t="36" w="134" /><ent r="4" t="39" w="584" /><ent r="4" t="39" w="584" /><ent r="4" t="51" w="81" /><ent r="4" t="51" w="81" /><ent r="66" t="51" w="89" /><ent r="66" t="51" w="89" /><ent r="1000" t="60" w="3" /><ent r="1000" t="60" w="3" /><ent r="103" t="60" w="11" /><ent r="103" t="60" w="11" /><ent r="4" t="61" w="23" /><ent r="4" t="61" w="23" /><ent r="5" t="61" w="103" /><ent r="5" t="61" w="103" /><ent r="5" t="61" w="324" /><ent r="5" t="61" w="324" /><ent r="4" t="62" w="12" /><ent r="4" t="62" w="12" /><ent r="4" t="63" w="17" /><ent r="4" t="63" w="17" /><ent r="6" t="63" w="66" /><ent r="6" t="63" w="66" /><ent r="5" t="63" w="143" /><ent r="5" t="63" w="143" /><ent r="4" t="64" w="12" /><ent r="4" t="64" w="12" /><ent r="93" t="66" w="126" /><ent r="93" t="66" w="126" /><ent r="4" t="69" w="35" /><ent r="4" t="69" w="35" /><ent r="5" t="69" w="147" /><ent r="5" t="69" w="147" /><ent r="5" t="69" w="212" /><ent r="5" t="69" w="212" /><ent r="4" t="69" w="261" /><ent r="4" t="69" w="261" /><ent r="93" t="82" w="189" /><ent r="93" t="82" w="189" /></phr></stem><stem n="act-ui"><phr n="act-ui"><ent r="5" t="17" w="78" /><ent r="7" t="17" w="88" /><ent r="7" t="17" w="99" /><ent r="7" t="17" w="111" /><ent r="7" t="17" w="122" /><ent r="7" t="17" w="133" /><ent r="7" t="17" w="146" /><ent r="7" t="17" w="158" /><ent r="7" t="17" w="176" /><ent r="7" t="17" w="192" /><ent r="7" t="17" w="208" /><ent r="7" t="17" w="219" /><ent r="7" t="17" w="231" /><ent r="7" t="17" w="247" /><ent r="7" t="17" w="258" /><ent r="7" t="17" w="271" /><ent r="7" t="17" w="283" /><ent r="7" t="17" w="294" /><ent r="7" t="17" w="307" /><ent r="7" t="17" w="320" /><ent r="7" t="17" w="334" /><ent r="7" t="17" w="345" /><ent r="7" t="17" w="359" /><ent r="8" t="17" w="373" /><ent r="6" t="17" w="384" /><ent r="7" t="17" w="394" /><ent r="7" t="17" w="404" /><ent r="7" t="17" w="419" /><ent r="7" t="17" w="431" /><ent r="7" t="17" w="442" /><ent r="7" t="17" w="453" /><ent r="7" t="17" w="464" /><ent r="7" t="17" w="476" /><ent r="7" t="17" w="489" /><ent r="7" t="17" w="502" /><ent r="6" t="17" w="513" /><ent r="7" t="17" w="523" /><ent r="7" t="17" w="534" /><ent r="7" t="17" w="545" /><ent r="7" t="17" w="557" /><ent r="7" t="17" w="569" /><ent r="7" t="17" w="580" /><ent r="7" t="17" w="593" /><ent r="7" t="17" w="605" /><ent r="7" t="17" w="617" /><ent r="7" t="17" w="628" /><ent r="7" t="17" w="639" /><ent r="7" t="17" w="650" /><ent r="7" t="17" w="663" /><ent r="7" t="17" w="674" /><ent r="7" t="17" w="685" /><ent r="7" t="17" w="697" /><ent r="7" t="17" w="709" /><ent r="7" t="17" w="721" /><ent r="7" t="17" w="733" /><ent r="7" t="17" w="745" /><ent r="7" t="17" w="756" /><ent r="7" t="17" w="767" /><ent r="7" t="17" w="778" /><ent r="7" t="17" w="790" /><ent r="7" t="17" w="803" /><ent r="7" t="17" w="816" /><ent r="7" t="17" w="828" /><ent r="7" t="17" w="840" /><ent r="7" t="17" w="853" /><ent r="7" t="17" w="866" /><ent r="7" t="17" w="879" /><ent r="7" t="17" w="892" /><ent r="7" t="17" w="906" /><ent r="7" t="17" w="919" /><ent r="7" t="17" w="932" /><ent r="7" t="17" w="945" /><ent r="7" t="17" w="958" /><ent r="7" t="17" w="972" /><ent r="7" t="17" w="983" /><ent r="7" t="17" w="994" /><ent r="7" t="17" w="1006" /><ent r="6" t="17" w="1017" /><ent r="8" t="17" w="1027" /><ent r="8" t="17" w="1038" /><ent r="8" t="17" w="1050" /><ent r="8" t="17" w="1062" /><ent r="8" t="17" w="1074" /><ent r="8" t="17" w="1085" /><ent r="8" t="17" w="1097" /><ent r="8" t="17" w="1109" /><ent r="8" t="17" w="1120" /><ent r="8" t="17" w="1132" /><ent r="8" t="17" w="1143" /><ent r="8" t="17" w="1155" /><ent r="8" t="17" w="1167" /><ent r="8" t="17" w="1181" /><ent r="8" t="17" w="1193" /><ent r="8" t="17" w="1204" /><ent r="8" t="17" w="1216" /><ent r="8" t="17" w="1228" /><ent r="8" t="17" w="1241" /><ent r="8" t="17" w="1256" /><ent r="8" t="17" w="1269" /><ent r="8" t="17" w="1282" /><ent r="8" t="17" w="1296" /><ent r="8" t="17" w="1309" /><ent r="8" t="17" w="1321" /><ent r="8" t="17" w="1333" /><ent r="8" t="17" w="1346" /><ent r="8" t="17" w="1358" /><ent r="8" t="17" w="1370" /><ent r="8" t="17" w="1383" /><ent r="8" t="17" w="1396" /><ent r="8" t="17" w="1409" /><ent r="8" t="17" w="1424" /><ent r="8" t="17" w="1437" /><ent r="8" t="17" w="1450" /><ent r="8" t="17" w="1464" /><ent r="8" t="17" w="1477" /><ent r="8" t="17" w="1489" /><ent r="8" t="17" w="1501" /><ent r="8" t="17" w="1514" /><ent r="8" t="17" w="1526" /><ent r="8" t="17" w="1540" /><ent r="8" t="17" w="1552" /><ent r="8" t="17" w="1565" /><ent r="8" t="17" w="1578" /><ent r="8" t="17" w="1592" /><ent r="8" t="17" w="1604" /><ent r="8" t="17" w="1618" /><ent r="5" t="17" w="1631" /><ent r="7" t="17" w="1641" /><ent r="7" t="17" w="1652" /><ent r="7" t="17" w="1664" /><ent r="7" t="17" w="1677" /><ent r="7" t="17" w="1689" /><ent r="7" t="17" w="1701" /><ent r="7" t="17" w="1713" /><ent r="7" t="17" w="1725" /><ent r="7" t="17" w="1737" /><ent r="7" t="17" w="1748" /><ent r="7" t="17" w="1760" /><ent r="7" t="17" w="1772" /><ent r="7" t="17" w="1783" /><ent r="7" t="17" w="1795" /><ent r="7" t="17" w="1806" /><ent r="7" t="17" w="1818" /><ent r="7" t="17" w="1830" /><ent r="7" t="17" w="1844" /><ent r="7" t="17" w="1856" /><ent r="7" t="17" w="1869" /><ent r="7" t="17" w="1882" /><ent r="7" t="17" w="1896" /><ent r="7" t="17" w="1909" /><ent r="7" t="17" w="1921" /><ent r="7" t="17" w="1933" /><ent r="7" t="17" w="1946" /><ent r="7" t="17" w="1958" /><ent r="7" t="17" w="1970" /><ent r="7" t="17" w="1983" /><ent r="7" t="17" w="1996" /><ent r="7" t="17" w="2009" /><ent r="7" t="17" w="2024" /><ent r="7" t="17" w="2037" /><ent r="7" t="17" w="2050" /><ent r="7" t="17" w="2064" /><ent r="7" t="17" w="2077" /><ent r="7" t="17" w="2089" /><ent r="7" t="17" w="2101" /><ent r="7" t="17" w="2114" /><ent r="7" t="17" w="2126" /><ent r="7" t="17" w="2139" /><ent r="7" t="17" w="2151" /><ent r="7" t="17" w="2164" /><ent r="7" t="17" w="2177" /><ent r="7" t="17" w="2190" /><ent r="7" t="17" w="2202" /><ent r="7" t="17" w="2216" /><ent r="7" t="17" w="2231" /><ent r="5" t="17" w="2243" /><ent r="7" t="17" w="2253" /><ent r="7" t="17" w="2264" /><ent r="7" t="17" w="2276" /><ent r="7" t="17" w="2289" /><ent r="7" t="17" w="2301" /><ent r="7" t="17" w="2313" /><ent r="7" t="17" w="2326" /><ent r="7" t="17" w="2339" /><ent r="7" t="17" w="2352" /><ent r="7" t="17" w="2364" /><ent r="7" t="17" w="2376" /><ent r="7" t="17" w="2388" /><ent r="7" t="17" w="2400" /><ent r="7" t="17" w="2412" /><ent r="7" t="17" w="2423" /><ent r="7" t="17" w="2435" /><ent r="7" t="17" w="2447" /><ent r="7" t="17" w="2458" /><ent r="7" t="17" w="2470" /><ent r="7" t="17" w="2481" /><ent r="7" t="17" w="2493" /><ent r="7" t="17" w="2505" /><ent r="7" t="17" w="2519" /><ent r="7" t="17" w="2531" /><ent r="7" t="17" w="2544" /><ent r="7" t="17" w="2557" /><ent r="7" t="17" w="2571" /><ent r="7" t="17" w="2583" /><ent r="7" t="17" w="2595" /><ent r="7" t="17" w="2607" /><ent r="7" t="17" w="2620" /><ent r="7" t="17" w="2635" /><ent r="7" t="17" w="2648" /><ent r="7" t="17" w="2661" /><ent r="7" t="17" w="2675" /><ent r="7" t="17" w="2688" /><ent r="7" t="17" w="2700" /><ent r="7" t="17" w="2712" /><ent r="7" t="17" w="2725" /><ent r="7" t="17" w="2737" /><ent r="7" t="17" w="2750" /><ent r="7" t="17" w="2762" /><ent r="7" t="17" w="2775" /><ent r="7" t="17" w="2788" /><ent r="7" t="17" w="2801" /><ent r="7" t="17" w="2813" /><ent r="7" t="17" w="2827" /><ent r="7" t="17" w="2842" /><ent r="5" t="17" w="2854" /><ent r="7" t="17" w="2864" /><ent r="7" t="17" w="2875" /><ent r="7" t="17" w="2887" /><ent r="7" t="17" w="2900" /><ent r="7" t="17" w="2912" /><ent r="7" t="17" w="2925" /><ent r="7" t="17" w="2937" /><ent r="7" t="17" w="2950" /><ent r="7" t="17" w="2963" /><ent r="7" t="17" w="2975" /><ent r="7" t="17" w="2987" /><ent r="7" t="17" w="2999" /><ent r="7" t="17" w="3011" /><ent r="7" t="17" w="3023" /><ent r="7" t="17" w="3034" /><ent r="7" t="17" w="3046" /><ent r="7" t="17" w="3058" /><ent r="7" t="17" w="3069" /><ent r="7" t="17" w="3081" /><ent r="7" t="17" w="3092" /><ent r="7" t="17" w="3104" /><ent r="7" t="17" w="3116" /><ent r="7" t="17" w="3130" /><ent r="7" t="17" w="3142" /><ent r="7" t="17" w="3155" /><ent r="7" t="17" w="3168" /><ent r="7" t="17" w="3182" /><ent r="7" t="17" w="3194" /><ent r="7" t="17" w="3206" /><ent r="7" t="17" w="3218" /><ent r="7" t="17" w="3231" /><ent r="7" t="17" w="3246" /><ent r="7" t="17" w="3259" /><ent r="7" t="17" w="3272" /><ent r="7" t="17" w="3286" /><ent r="7" t="17" w="3299" /><ent r="7" t="17" w="3311" /><ent r="7" t="17" w="3323" /><ent r="7" t="17" w="3336" /><ent r="7" t="17" w="3348" /><ent r="7" t="17" w="3360" /><ent r="7" t="17" w="3373" /><ent r="7" t="17" w="3386" /><ent r="7" t="17" w="3399" /><ent r="7" t="17" w="3414" /><ent r="7" t="17" w="3427" /><ent r="7" t="17" w="3440" /><ent r="7" t="17" w="3454" /><ent r="5" t="17" w="3466" /><ent r="7" t="17" w="3476" /><ent r="7" t="17" w="3487" /><ent r="7" t="17" w="3500" /><ent r="7" t="17" w="3512" /><ent r="7" t="17" w="3524" /><ent r="7" t="17" w="3538" /><ent r="7" t="17" w="3553" /><ent r="7" t="17" w="3566" /><ent r="7" t="17" w="3579" /><ent r="7" t="17" w="3593" /><ent r="7" t="17" w="3607" /><ent r="7" t="17" w="3621" /><ent r="7" t="17" w="3636" /><ent r="7" t="17" w="3650" /><ent r="7" t="17" w="3664" /><ent r="7" t="17" w="3671" /><ent r="7" t="17" w="3677" /><ent r="7" t="17" w="3688" /><ent r="8" t="17" w="3699" /><ent r="8" t="17" w="3711" /><ent r="8" t="17" w="3725" /><ent r="7" t="17" w="3737" /><ent r="7" t="17" w="3750" /><ent r="7" t="17" w="3762" /><ent r="7" t="17" w="3776" /><ent r="7" t="17" w="3791" /><ent r="6" t="17" w="3803" /><ent r="8" t="17" w="3813" /><ent r="8" t="17" w="3825" /><ent r="8" t="17" w="3837" /><ent r="8" t="17" w="3849" /><ent r="8" t="17" w="3860" /><ent r="8" t="17" w="3873" /><ent r="8" t="17" w="3886" /><ent r="8" t="17" w="3900" /><ent r="8" t="17" w="3914" /><ent r="8" t="17" w="3927" /><ent r="8" t="17" w="3940" /><ent r="8" t="17" w="3948" /><ent r="8" t="17" w="3954" /><ent r="8" t="17" w="3965" /><ent r="8" t="17" w="3976" /><ent r="8" t="17" w="3988" /><ent r="8" t="17" w="4002" /><ent r="8" t="17" w="4015" /><ent r="8" t="17" w="4026" /><ent r="8" t="17" w="4038" /><ent r="8" t="17" w="4050" /><ent r="8" t="17" w="4062" /><ent r="8" t="17" w="4073" /><ent r="8" t="17" w="4086" /><ent r="8" t="17" w="4099" /><ent r="8" t="17" w="4113" /><ent r="8" t="17" w="4127" /><ent r="8" t="17" w="4140" /><ent r="8" t="17" w="4153" /><ent r="8" t="17" w="4161" /><ent r="8" t="17" w="4167" /><ent r="5" t="17" w="4178" /><ent r="7" t="17" w="4189" /><ent r="7" t="17" w="4202" /><ent r="7" t="17" w="4216" /><ent r="7" t="17" w="4230" /><ent r="7" t="17" w="4242" /><ent r="7" t="17" w="4256" /><ent r="7" t="17" w="4269" /><ent r="7" t="17" w="4283" /><ent r="7" t="17" w="4297" /><ent r="7" t="17" w="4310" /><ent r="7" t="17" w="4324" /><ent r="7" t="17" w="4339" /><ent r="7" t="17" w="4351" /><ent r="7" t="17" w="4363" /><ent r="7" t="17" w="4375" /><ent r="8" t="17" w="4389" /><ent r="8" t="17" w="4404" /><ent r="7" t="17" w="4420" /><ent r="7" t="17" w="4434" /><ent r="7" t="17" w="4448" /><ent r="7" t="17" w="4460" /><ent r="7" t="17" w="4473" /><ent r="7" t="17" w="4487" /><ent r="7" t="17" w="4501" /><ent r="7" t="17" w="4513" /><ent r="7" t="17" w="4527" /><ent r="7" t="17" w="4540" /><ent r="7" t="17" w="4554" /><ent r="7" t="17" w="4568" /><ent r="7" t="17" w="4581" /><ent r="7" t="17" w="4595" /><ent r="5" t="17" w="4607" /><ent r="7" t="17" w="4618" /><ent r="7" t="17" w="4630" /><ent r="7" t="17" w="4644" /><ent r="7" t="17" w="4656" /><ent r="7" t="17" w="4670" /><ent r="7" t="17" w="4683" /><ent r="7" t="17" w="4697" /><ent r="8" t="17" w="4711" /><ent r="8" t="17" w="4725" /><ent r="8" t="17" w="4740" /><ent r="8" t="17" w="4754" /><ent r="8" t="17" w="4768" /><ent r="8" t="17" w="4775" /><ent r="8" t="17" w="4781" /><ent r="8" t="17" w="4792" /><ent r="8" t="17" w="4803" /><ent r="8" t="17" w="4816" /><ent r="8" t="17" w="4832" /><ent r="8" t="17" w="4845" /><ent r="8" t="17" w="4857" /><ent r="8" t="17" w="4871" /><ent r="8" t="17" w="4883" /><ent r="7" t="17" w="4896" /><ent r="7" t="17" w="4910" /><ent r="7" t="17" w="4925" /><ent r="7" t="17" w="4937" /><ent r="7" t="17" w="4949" /><ent r="7" t="17" w="4963" /><ent r="7" t="17" w="4975" /><ent r="7" t="17" w="4989" /><ent r="7" t="17" w="5002" /><ent r="5" t="17" w="5014" /><ent r="7" t="17" w="5024" /><ent r="7" t="17" w="5034" /><ent r="7" t="17" w="5045" /><ent r="7" t="17" w="5057" /><ent r="7" t="17" w="5068" /><ent r="7" t="17" w="5084" /><ent r="7" t="17" w="5098" /><ent r="7" t="17" w="5111" /><ent r="7" t="17" w="5125" /><ent r="7" t="17" w="5139" /><ent r="7" t="17" w="5150" /><ent r="7" t="17" w="5164" /><ent r="7" t="17" w="5177" /><ent r="7" t="17" w="5191" /><ent r="7" t="17" w="5203" /><ent r="7" t="17" w="5216" /><ent r="7" t="17" w="5228" /><ent r="7" t="17" w="5241" /><ent r="7" t="17" w="5254" /><ent r="5" t="17" w="5267" /><ent r="7" t="17" w="5279" /><ent r="7" t="17" w="5291" /><ent r="7" t="17" w="5307" /><ent r="7" t="17" w="5318" /><ent r="7" t="17" w="5330" /><ent r="7" t="17" w="5343" /><ent r="7" t="17" w="5357" /><ent r="7" t="17" w="5369" /><ent r="7" t="17" w="5386" /><ent r="7" t="17" w="5400" /><ent r="5" t="17" w="5411" /><ent r="7" t="17" w="5421" /><ent r="7" t="17" w="5432" /><ent r="7" t="17" w="5444" /><ent r="7" t="17" w="5456" /><ent r="7" t="17" w="5467" /><ent r="7" t="17" w="5479" /><ent r="7" t="17" w="5491" /><ent r="7" t="17" w="5505" /><ent r="7" t="17" w="5519" /><ent r="7" t="17" w="5531" /><ent r="7" t="17" w="5545" /><ent r="7" t="17" w="5558" /><ent r="7" t="17" w="5570" /><ent r="7" t="17" w="5582" /><ent r="7" t="17" w="5595" /><ent r="7" t="17" w="5608" /><ent r="7" t="17" w="5621" /><ent r="7" t="17" w="5635" /><ent r="7" t="17" w="5650" /><ent r="7" t="17" w="5662" /><ent r="7" t="17" w="5675" /><ent r="7" t="17" w="5688" /><ent r="7" t="17" w="5702" /><ent r="7" t="17" w="5715" /><ent r="7" t="17" w="5729" /><ent r="7" t="17" w="5743" /><ent r="7" t="17" w="5758" /><ent r="7" t="17" w="5772" /><ent r="7" t="17" w="5788" /><ent r="7" t="17" w="5803" /><ent r="7" t="17" w="5819" /><ent r="7" t="17" w="5834" /><ent r="7" t="17" w="5848" /><ent r="7" t="17" w="5861" /><ent r="7" t="17" w="5875" /><ent r="7" t="17" w="5890" /><ent r="7" t="17" w="5902" /><ent r="5" t="17" w="5913" /><ent r="7" t="17" w="5923" /><ent r="7" t="17" w="5934" /><ent r="7" t="17" w="5946" /><ent r="7" t="17" w="5958" /><ent r="7" t="17" w="5969" /><ent r="7" t="17" w="5981" /><ent r="7" t="17" w="5994" /><ent r="7" t="17" w="6006" /><ent r="7" t="17" w="6020" /><ent r="7" t="17" w="6032" /><ent r="7" t="17" w="6046" /><ent r="7" t="17" w="6061" /><ent r="7" t="17" w="6074" /><ent r="7" t="17" w="6089" /><ent r="7" t="17" w="6104" /><ent r="7" t="17" w="6118" /><ent r="7" t="17" w="6132" /><ent r="7" t="17" w="6152" /><ent r="7" t="17" w="6166" /><ent r="7" t="17" w="6182" /><ent r="7" t="17" w="6196" /><ent r="7" t="17" w="6209" /><ent r="7" t="17" w="6222" /><ent r="7" t="17" w="6235" /><ent r="7" t="17" w="6249" /><ent r="7" t="17" w="6261" /><ent r="7" t="17" w="6274" /><ent r="7" t="17" w="6288" /><ent r="7" t="17" w="6303" /><ent r="7" t="17" w="6319" /><ent r="7" t="17" w="6333" /><ent r="7" t="17" w="6347" /><ent r="7" t="17" w="6361" /><ent r="7" t="17" w="6377" /><ent r="7" t="17" w="6390" /><ent r="7" t="17" w="6404" /><ent r="7" t="17" w="6420" /><ent r="7" t="17" w="6432" /><ent r="7" t="17" w="6443" /><ent r="7" t="17" w="6454" /><ent r="7" t="17" w="6465" /><ent r="7" t="17" w="6479" /><ent r="7" t="17" w="6494" /><ent r="7" t="17" w="6509" /><ent r="7" t="17" w="6525" /><ent r="7" t="17" w="6539" /><ent r="7" t="17" w="6552" /><ent r="7" t="17" w="6565" /><ent r="5" t="17" w="6578" /><ent r="7" t="17" w="6588" /><ent r="7" t="17" w="6598" /><ent r="7" t="17" w="6610" /><ent r="7" t="17" w="6622" /><ent r="7" t="17" w="6634" /><ent r="7" t="17" w="6646" /><ent r="5" t="17" w="6657" /><ent r="6" t="17" w="6668" /><ent r="6" t="17" w="6681" /><ent r="6" t="17" w="6695" /><ent r="6" t="17" w="6709" /><ent r="6" t="17" w="6722" /><ent r="6" t="17" w="6734" /><ent r="6" t="17" w="6747" /><ent r="6" t="17" w="6759" /><ent r="6" t="17" w="6772" /><ent r="6" t="17" w="6784" /><ent r="6" t="17" w="6798" /><ent r="6" t="17" w="6811" /><ent r="5" t="17" w="6822" /><ent r="7" t="17" w="6833" /><ent r="7" t="17" w="6844" /><ent r="7" t="17" w="6857" /><ent r="7" t="17" w="6869" /><ent r="7" t="17" w="6886" /><ent r="7" t="17" w="6899" /><ent r="7" t="17" w="6914" /><ent r="7" t="17" w="6929" /><ent r="7" t="17" w="6943" /><ent r="7" t="17" w="6957" /><ent r="7" t="17" w="6970" /><ent r="7" t="17" w="6981" /><ent r="7" t="17" w="6997" /><ent r="7" t="17" w="7012" /><ent r="7" t="17" w="7026" /><ent r="7" t="17" w="7039" /><ent r="7" t="17" w="7051" /><ent r="7" t="17" w="7063" /><ent r="7" t="17" w="7076" /></phr></stem></index>